SemanaId;Type;CollectorId;Status;Cantidad;Volumen
202601;NULL;58;FAILED;3;65300
202601;NULL;71;FAILED;1;10000
202601;TRANSFER;19;COMPLETED;1;233117946.80
202601;TRANSFER;20;COMPLETED;45;1228127884.93
202601;TRANSFER;25;COMPLETED;1;133740787.49
202601;TRANSFER;27;COMPLETED;1;172179543.35
202601;TRANSFER;30;COMPLETED;1;16380785.87
202601;TRANSFER;31;COMPLETED;10;4300414036.67
202601;TRANSFER;34;COMPLETED;1;54500158.97
202601;TRANSFER;35;COMPLETED;16;16477912.98
202601;TRANSFER;36;COMPLETED;1;4681400
202601;TRANSFER;40;COMPLETED;313;2400671346.51
202601;TRANSFER;43;COMPLETED;1;42480531.78
202601;TRANSFER;46;COMPLETED;1;34975341.66
202601;TRANSFER;47;COMPLETED;1;447277.50
202601;TRANSFER;48;COMPLETED;1;2716919.98
202601;TRANSFER;52;COMPLETED;17;4920853584.13
202601;TRANSFER;54;COMPLETED;377;48559.33
202601;TRANSFER;54;FAILED;4;2077.03
202601;TRANSFER;55;COMPLETED;20;220590633.06
202601;TRANSFER;55;FAILED;11;39023933.93
202601;TRANSFER;56;COMPLETED;1;12158176.08
202601;TRANSFER;58;COMPLETED;1911;105225319.20
202601;TRANSFER;58;FAILED;2;161000
202601;TRANSFER;60;COMPLETED;1;18211072.97
202601;TRANSFER;61;COMPLETED;4;81234298.04
202601;TRANSFER;62;COMPLETED;1;585434.52
202601;TRANSFER;64;COMPLETED;1;652353.33
202601;TRANSFER;66;COMPLETED;1;337723.99
202601;TRANSFER;71;COMPLETED;1078;68476427.53
202601;TRANSFER;71;FAILED;2;12500
202601;TRANSFER;72;COMPLETED;238;6801954
202601;TRANSFER;73;COMPLETED;9;22541116.62
202601;TRANSFER;74;COMPLETED;1;6134502.98
202601;TRANSFER;77;COMPLETED;1;5097824.89
202601;TRANSFER;78;COMPLETED;1;940912.05
202601;TRANSFER;85;COMPLETED;1;464161.43
202601;TRANSFER;86;COMPLETED;1;99.40
202601;transfer.cbu.received;5;COMPLETED;2;89173
202601;transfer.cbu.received;15;COMPLETED;1;135200
202601;transfer.cbu.received;29;COMPLETED;8;3800000000
202601;transfer.cbu.received;54;COMPLETED;1;5
202601;transfer.cbu.received;58;COMPLETED;2;20000
202601;transfer.cbu.received;73;COMPLETED;1;4000
202601;transfer.cvu.received;5;COMPLETED;6748;1483346040.03
202601;transfer.cvu.received;14;COMPLETED;1391;266207893.81
202601;transfer.cvu.received;15;COMPLETED;1308;162855749.84
202601;transfer.cvu.received;17;COMPLETED;140;23231103.73
202601;transfer.cvu.received;39;COMPLETED;501;110474649.86
202601;transfer.cvu.received;42;COMPLETED;85;12440802.48
202601;transfer.cvu.received;43;COMPLETED;115;19883246.58
202601;transfer.cvu.received;46;COMPLETED;3918;614867897.68
202601;transfer.cvu.received;47;COMPLETED;45;12600000
202601;transfer.cvu.received;48;COMPLETED;24;3276157.92
202601;transfer.cvu.received;55;COMPLETED;2603;190323284.75
202601;transfer.cvu.received;56;COMPLETED;133;22230759.96
202601;transfer.cvu.received;57;COMPLETED;3;919452.96
202601;transfer.cvu.received;58;COMPLETED;3272;114593134.57
202601;transfer.cvu.received;60;COMPLETED;649;19532825.90
202601;transfer.cvu.received;63;COMPLETED;9;632041.39
202601;transfer.cvu.received;66;COMPLETED;7;1928673
202601;transfer.cvu.received;71;COMPLETED;2181;66670742.45
202601;transfer.cvu.received;72;COMPLETED;631;15755523.25
202601;transfer.cvu.received;73;COMPLETED;2725;146151351.20
202601;transfer.cvu.received;74;COMPLETED;77;14810249.88
202601;transfer.cvu.received;77;COMPLETED;203;6703275
202601;transfer.cvu.received;78;COMPLETED;198;15672405.13
202601;transfer.cvu.received;81;COMPLETED;3;150076.83
202601;transfer.cvu.received;85;COMPLETED;6;285000
202602;NULL;40;UNKNOWN;27;738859553.11
202602;NULL;52;UNKNOWN;2;1778520.42
202602;NULL;54;FAILED;3;117.66
202602;NULL;58;FAILED;13;380645
202602;NULL;71;FAILED;9;1295175
202602;NULL;72;FAILED;2;55000
202602;TRANSFER;1;COMPLETED;7;64666.26
202602;TRANSFER;19;COMPLETED;21;9603132794.37
202602;TRANSFER;20;COMPLETED;307;11916677952.60
202602;TRANSFER;25;COMPLETED;7;1238053124.64
202602;TRANSFER;27;COMPLETED;7;661278655.92
202602;TRANSFER;28;COMPLETED;2;4981.80
202602;TRANSFER;29;COMPLETED;5;1600000001
202602;TRANSFER;30;COMPLETED;7;124877790.15
202602;TRANSFER;31;COMPLETED;103;48509584779.61
202602;TRANSFER;34;COMPLETED;7;432097009.43
202602;TRANSFER;35;COMPLETED;71;45481771.85
202602;TRANSFER;36;COMPLETED;6;66639888.70
202602;TRANSFER;36;FAILED;1;11174638.93
202602;TRANSFER;40;COMPLETED;2027;21090469852.63
202602;TRANSFER;43;COMPLETED;6;200808942.92
202602;TRANSFER;44;COMPLETED;2;24471.66
202602;TRANSFER;46;COMPLETED;7;2417298188.99
202602;TRANSFER;47;COMPLETED;6;58706301.77
202602;TRANSFER;48;COMPLETED;6;14598456.28
202602;TRANSFER;51;COMPLETED;4;81974.80
202602;TRANSFER;52;COMPLETED;52;10125462273.40
202602;TRANSFER;54;COMPLETED;1159;193440.24
202602;TRANSFER;54;FAILED;21;5655.70
202602;TRANSFER;55;COMPLETED;136;791674414.62
202602;TRANSFER;55;FAILED;1;7843837.29
202602;TRANSFER;56;COMPLETED;6;101486720.06
202602;TRANSFER;57;COMPLETED;5;7890448.19
202602;TRANSFER;58;COMPLETED;4551;251652154.85
202602;TRANSFER;58;FAILED;15;400446
202602;TRANSFER;60;COMPLETED;6;47661612.52
202602;TRANSFER;61;COMPLETED;18;553571302.46
202602;TRANSFER;62;COMPLETED;6;13813702.98
202602;TRANSFER;64;COMPLETED;5;1848475.62
202602;TRANSFER;66;COMPLETED;6;9264070.20
202602;TRANSFER;67;COMPLETED;2;252820.53
202602;TRANSFER;71;COMPLETED;2834;169501200.49
202602;TRANSFER;71;FAILED;19;541052
202602;TRANSFER;72;COMPLETED;640;26541412
202602;TRANSFER;72;FAILED;3;45050
202602;TRANSFER;73;COMPLETED;13;26388509.92
202602;TRANSFER;74;COMPLETED;6;58699194.23
202602;TRANSFER;75;COMPLETED;2;414178.47
202602;TRANSFER;77;COMPLETED;6;21195617.94
202602;TRANSFER;78;COMPLETED;6;67742260.11
202602;TRANSFER;80;COMPLETED;2;2.06
202602;TRANSFER;81;COMPLETED;4;1542001.20
202602;TRANSFER;81;FAILED;1;1000000
202602;TRANSFER;82;COMPLETED;2;17
202602;TRANSFER;85;COMPLETED;6;1635293.70
202602;TRANSFER;86;COMPLETED;2;33.60
202602;TRANSFER;87;COMPLETED;5;262800000
202602;TRANSFER;88;COMPLETED;3;14550004.63
202602;transfer.cbu.received;5;COMPLETED;7;1860632
202602;transfer.cbu.received;14;COMPLETED;3;821210.47
202602;transfer.cbu.received;15;COMPLETED;3;162334.36
202602;transfer.cbu.received;29;COMPLETED;21;8471000000
202602;transfer.cbu.received;46;COMPLETED;6;872050
202602;transfer.cbu.received;54;COMPLETED;5;12
202602;transfer.cbu.received;55;COMPLETED;1;29000
202602;transfer.cbu.received;58;COMPLETED;5;141000
202602;transfer.cbu.received;60;COMPLETED;1;20180
202602;transfer.cbu.received;71;COMPLETED;5;74500
202602;transfer.cbu.received;72;COMPLETED;2;5500
202602;transfer.cbu.received;73;COMPLETED;2;60539
202602;transfer.cvu.received;1;COMPLETED;1;2
202602;transfer.cvu.received;5;COMPLETED;32162;7485055991.53
202602;transfer.cvu.received;14;COMPLETED;8324;1812640753.05
202602;transfer.cvu.received;15;COMPLETED;5411;737351052.39
202602;transfer.cvu.received;16;COMPLETED;1;105420
202602;transfer.cvu.received;17;COMPLETED;977;166183168.90
202602;transfer.cvu.received;39;COMPLETED;1972;367746162.82
202602;transfer.cvu.received;42;COMPLETED;463;82489443.82
202602;transfer.cvu.received;43;COMPLETED;881;221535680.21
202602;transfer.cvu.received;44;COMPLETED;2;24200
202602;transfer.cvu.received;46;COMPLETED;17390;2632776469.93
202602;transfer.cvu.received;47;COMPLETED;455;101053100
202602;transfer.cvu.received;48;COMPLETED;88;12110010.41
202602;transfer.cvu.received;51;COMPLETED;19;70188
202602;transfer.cvu.received;55;COMPLETED;8121;882089935.76
202602;transfer.cvu.received;56;COMPLETED;788;114649295.70
202602;transfer.cvu.received;57;COMPLETED;24;9638741.05
202602;transfer.cvu.received;58;COMPLETED;8016;261485930.17
202602;transfer.cvu.received;60;COMPLETED;1604;17337400.70
202602;transfer.cvu.received;63;COMPLETED;17;1324048.92
202602;transfer.cvu.received;66;COMPLETED;58;11369402.10
202602;transfer.cvu.received;67;COMPLETED;3;2577656
202602;transfer.cvu.received;71;COMPLETED;6259;192391760.22
202602;transfer.cvu.received;72;COMPLETED;1379;18364609.97
202602;transfer.cvu.received;73;COMPLETED;6204;449669676.25
202602;transfer.cvu.received;74;COMPLETED;407;71730113.96
202602;transfer.cvu.received;75;COMPLETED;1;200000
202602;transfer.cvu.received;77;COMPLETED;667;17557937.50
202602;transfer.cvu.received;78;COMPLETED;973;81149429.95
202602;transfer.cvu.received;80;COMPLETED;1;2
202602;transfer.cvu.received;81;COMPLETED;13;613079.93
202602;transfer.cvu.received;82;COMPLETED;3;17
202602;transfer.cvu.received;85;COMPLETED;26;1753554
202602;transfer.cvu.received;86;COMPLETED;2;3
202602;transfer.cvu.received;89;COMPLETED;2;1100
202602;transfer.cvu.received;90;COMPLETED;2;3
202603;NULL;40;UNKNOWN;7;104921200.66
202603;NULL;58;FAILED;7;906700
202603;NULL;71;FAILED;6;186165
202603;TRANSFER;1;COMPLETED;10;155790967.19
202603;TRANSFER;19;COMPLETED;14;5230824723.15
202603;TRANSFER;20;COMPLETED;224;7794938619.24
202603;TRANSFER;25;COMPLETED;7;1767197821.45
202603;TRANSFER;27;COMPLETED;6;648902410.87
202603;TRANSFER;28;COMPLETED;2;104440.29
202603;TRANSFER;29;COMPLETED;4;1600000000
202603;TRANSFER;30;COMPLETED;6;156005199.30
202603;TRANSFER;31;COMPLETED;102;47535434189.08
202603;TRANSFER;34;COMPLETED;6;185328184.60
202603;TRANSFER;35;COMPLETED;73;48692583.18
202603;TRANSFER;36;COMPLETED;5;61496189.66
202603;TRANSFER;40;COMPLETED;2555;22673507627.87
202603;TRANSFER;43;COMPLETED;6;187131714.63
202603;TRANSFER;44;COMPLETED;1;2.36
202603;TRANSFER;46;COMPLETED;8;1895328760.16
202603;TRANSFER;47;COMPLETED;6;153121442.01
202603;TRANSFER;48;COMPLETED;6;14112601.70
202603;TRANSFER;51;COMPLETED;5;288050.48
202603;TRANSFER;52;COMPLETED;43;7327132374.15
202603;TRANSFER;52;FAILED;1;45000000
202603;TRANSFER;54;COMPLETED;910;133656.75
202603;TRANSFER;54;FAILED;13;482
202603;TRANSFER;55;COMPLETED;132;686208969.11
202603;TRANSFER;55;FAILED;2;1205189.23
202603;TRANSFER;56;COMPLETED;5;95184117
202603;TRANSFER;57;COMPLETED;2;3225759.97
202603;TRANSFER;58;COMPLETED;4409;245433969.70
202603;TRANSFER;58;FAILED;29;1264010
202603;TRANSFER;60;COMPLETED;6;19082440.85
202603;TRANSFER;61;COMPLETED;21;385114010.75
202603;TRANSFER;62;COMPLETED;5;9081718.47
202603;TRANSFER;64;COMPLETED;6;981414.28
202603;TRANSFER;66;COMPLETED;5;7103821.31
202603;TRANSFER;67;COMPLETED;5;6055813.33
202603;TRANSFER;71;COMPLETED;2958;182594148.38
202603;TRANSFER;71;FAILED;54;1699263.50
202603;TRANSFER;72;COMPLETED;624;26920073
202603;TRANSFER;72;FAILED;3;33000
202603;TRANSFER;73;COMPLETED;17;56497258.94
202603;TRANSFER;74;COMPLETED;5;79111908.57
202603;TRANSFER;75;COMPLETED;1;159322.40
202603;TRANSFER;77;COMPLETED;5;23411190.03
202603;TRANSFER;78;COMPLETED;5;73621662.79
202603;TRANSFER;81;COMPLETED;4;453198.01
202603;TRANSFER;82;COMPLETED;2;10.95
202603;TRANSFER;85;COMPLETED;5;1077800.61
202603;TRANSFER;86;COMPLETED;2;4.97
202603;TRANSFER;87;COMPLETED;5;280400000
202603;TRANSFER;88;COMPLETED;5;39551912.39
202603;TRANSFER;90;COMPLETED;2;3.98
202603;transfer.cbu.received;5;COMPLETED;7;2197523.88
202603;transfer.cbu.received;14;COMPLETED;5;864948.70
202603;transfer.cbu.received;15;COMPLETED;3;213553
202603;transfer.cbu.received;29;COMPLETED;18;5695000000
202603;transfer.cbu.received;35;COMPLETED;1;2.19
202603;transfer.cbu.received;39;COMPLETED;1;40450
202603;transfer.cbu.received;46;COMPLETED;7;1084750
202603;transfer.cbu.received;54;COMPLETED;7;27.46
202603;transfer.cbu.received;55;COMPLETED;1;12000
202603;transfer.cbu.received;71;COMPLETED;3;23000
202603;transfer.cbu.received;73;COMPLETED;1;10000
202603;transfer.cvu.received;5;COMPLETED;12387;2710371196.08
202603;transfer.cvu.received;14;COMPLETED;5064;1015271597.28
202603;transfer.cvu.received;15;COMPLETED;3618;446088542.88
202603;transfer.cvu.received;17;COMPLETED;664;105190191.12
202603;transfer.cvu.received;39;COMPLETED;761;142487037.99
202603;transfer.cvu.received;42;COMPLETED;243;34359234.02
202603;transfer.cvu.received;43;COMPLETED;871;178458882.15
202603;transfer.cvu.received;46;COMPLETED;7828;1178063398.94
202603;transfer.cvu.received;47;COMPLETED;698;173682729
202603;transfer.cvu.received;48;COMPLETED;76;14850471.73
202603;transfer.cvu.received;51;COMPLETED;40;446000
202603;transfer.cvu.received;55;COMPLETED;7549;679773860.38
202603;transfer.cvu.received;55;CREDIT_ERROR;1;836326
202603;transfer.cvu.received;56;COMPLETED;538;67598508.71
202603;transfer.cvu.received;57;COMPLETED;3;559433.74
202603;transfer.cvu.received;58;COMPLETED;7996;232764886.18
202603;transfer.cvu.received;60;COMPLETED;1650;17808637.33
202603;transfer.cvu.received;63;COMPLETED;9;716758.98
202603;transfer.cvu.received;66;COMPLETED;17;2868914.73
202603;transfer.cvu.received;67;COMPLETED;20;3626903
202603;transfer.cvu.received;71;COMPLETED;6250;185584693.23
202603;transfer.cvu.received;72;COMPLETED;1570;38824313.93
202603;transfer.cvu.received;73;COMPLETED;5937;457615034.53
202603;transfer.cvu.received;74;COMPLETED;352;59842060.52
202603;transfer.cvu.received;75;COMPLETED;3;946000
202603;transfer.cvu.received;77;COMPLETED;1115;26867139.10
202603;transfer.cvu.received;78;COMPLETED;642;51200469.08
202603;transfer.cvu.received;81;COMPLETED;13;598148.98
202603;transfer.cvu.received;82;COMPLETED;5;11
202603;transfer.cvu.received;85;COMPLETED;23;1264410
202603;transfer.cvu.received;86;COMPLETED;2;4
202603;transfer.cvu.received;88;COMPLETED;1;64200
202603;transfer.cvu.received;93;COMPLETED;4;1816
202604;NULL;40;UNKNOWN;32;736637966.49
202604;NULL;52;UNKNOWN;1;200.50
202604;NULL;54;FAILED;8;1007
202604;NULL;58;FAILED;11;189747
202604;NULL;71;FAILED;8;996950
202604;NULL;72;FAILED;1;5000
202604;TRANSFER;1;COMPLETED;6;651879429.13
202604;TRANSFER;19;COMPLETED;21;8908999993.14
202604;TRANSFER;20;COMPLETED;220;4624663697.44
202604;TRANSFER;25;COMPLETED;5;514301568.55
202604;TRANSFER;27;COMPLETED;5;297070336.16
202604;TRANSFER;28;COMPLETED;1;120876.48
202604;TRANSFER;29;COMPLETED;3;1500000000
202604;TRANSFER;30;COMPLETED;5;60848000.45
202604;TRANSFER;31;COMPLETED;47;20262415709.76
202604;TRANSFER;34;COMPLETED;5;97360202.66
202604;TRANSFER;35;COMPLETED;66;62727607.97
202604;TRANSFER;36;COMPLETED;5;17606710.76
202604;TRANSFER;40;COMPLETED;1858;11594657082.30
202604;TRANSFER;43;COMPLETED;5;215183350.92
202604;TRANSFER;46;COMPLETED;5;733199705.25
202604;TRANSFER;47;COMPLETED;5;223471915.49
202604;TRANSFER;48;COMPLETED;5;11778421.12
202604;TRANSFER;51;COMPLETED;4;449265.41
202604;TRANSFER;52;COMPLETED;44;7275123008.06
202604;TRANSFER;52;FAILED;1;500000000
202604;TRANSFER;54;COMPLETED;870;148206.31
202604;TRANSFER;54;FAILED;9;2541.06
202604;TRANSFER;55;COMPLETED;132;785482689.93
202604;TRANSFER;55;FAILED;2;66637921.78
202604;TRANSFER;56;COMPLETED;5;45412766.88
202604;TRANSFER;58;COMPLETED;4499;246375073.33
202604;TRANSFER;58;FAILED;36;2085459.50
202604;TRANSFER;60;COMPLETED;5;17264419.85
202604;TRANSFER;61;COMPLETED;16;293865065.59
202604;TRANSFER;62;COMPLETED;5;5966935.36
202604;TRANSFER;64;COMPLETED;4;935425.06
202604;TRANSFER;66;COMPLETED;2;213453.33
202604;TRANSFER;67;COMPLETED;1;131824.73
202604;TRANSFER;71;COMPLETED;2667;169338050.75
202604;TRANSFER;71;FAILED;10;236000
202604;TRANSFER;72;COMPLETED;635;26963048.65
202604;TRANSFER;72;FAILED;4;189100
202604;TRANSFER;73;COMPLETED;11;5231106.35
202604;TRANSFER;74;COMPLETED;5;39827093.41
202604;TRANSFER;75;COMPLETED;1;941993.69
202604;TRANSFER;77;COMPLETED;5;20213570.47
202604;TRANSFER;78;COMPLETED;5;20193257.04
202604;TRANSFER;81;COMPLETED;1;867388.50
202604;TRANSFER;82;COMPLETED;1;3.98
202604;TRANSFER;85;COMPLETED;5;2260321.82
202604;TRANSFER;87;COMPLETED;5;264000000
202604;TRANSFER;88;COMPLETED;4;20621664.41
202604;TRANSFER;93;COMPLETED;8;1335152.62
202604;TRANSFER;94;COMPLETED;3;405253.32
202604;transfer.cbu.received;5;COMPLETED;3;668511.55
202604;transfer.cbu.received;14;COMPLETED;1;1600000
202604;transfer.cbu.received;17;COMPLETED;1;245900
202604;transfer.cbu.received;29;COMPLETED;15;5480010000
202604;transfer.cbu.received;46;COMPLETED;4;502666
202604;transfer.cbu.received;54;COMPLETED;6;10
202604;transfer.cbu.received;55;COMPLETED;2;100700
202604;transfer.cbu.received;58;COMPLETED;5;49000
202604;transfer.cbu.received;71;COMPLETED;3;54000
202604;transfer.cbu.received;73;COMPLETED;3;10220
202604;transfer.cvu.received;5;COMPLETED;7639;1762211787.48
202604;transfer.cvu.received;14;COMPLETED;2585;470035374.91
202604;transfer.cvu.received;15;COMPLETED;2414;276531480.83
202604;transfer.cvu.received;16;COMPLETED;1;122058
202604;transfer.cvu.received;17;COMPLETED;344;49702591.87
202604;transfer.cvu.received;39;COMPLETED;467;91074789.93
202604;transfer.cvu.received;42;COMPLETED;136;18568404.92
202604;transfer.cvu.received;43;COMPLETED;1012;218546383.61
202604;transfer.cvu.received;44;COMPLETED;35;527699.30
202604;transfer.cvu.received;46;COMPLETED;4430;639953086.78
202604;transfer.cvu.received;47;COMPLETED;799;217074110
202604;transfer.cvu.received;48;COMPLETED;92;11014718.35
202604;transfer.cvu.received;51;COMPLETED;39;359500
202604;transfer.cvu.received;55;COMPLETED;7246;676126867.81
202604;transfer.cvu.received;56;COMPLETED;274;43345843
202604;transfer.cvu.received;58;COMPLETED;8225;256760913.57
202604;transfer.cvu.received;60;COMPLETED;1602;19351278
202604;transfer.cvu.received;63;COMPLETED;8;835691.06
202604;transfer.cvu.received;66;COMPLETED;2;215014.34
202604;transfer.cvu.received;71;COMPLETED;6453;165585812.07
202604;transfer.cvu.received;72;COMPLETED;1460;20056508.44
202604;transfer.cvu.received;73;COMPLETED;6007;460228885.26
202604;transfer.cvu.received;74;COMPLETED;214;37920244.81
202604;transfer.cvu.received;75;COMPLETED;2;190000
202604;transfer.cvu.received;77;COMPLETED;851;19348161
202604;transfer.cvu.received;78;COMPLETED;283;17409196.02
202604;transfer.cvu.received;79;COMPLETED;2;0.17
202604;transfer.cvu.received;81;COMPLETED;14;573638.34
202604;transfer.cvu.received;82;COMPLETED;2;4
202604;transfer.cvu.received;85;COMPLETED;35;1912982
202604;transfer.cvu.received;86;COMPLETED;1;2
202604;transfer.cvu.received;88;COMPLETED;1;10
202604;transfer.cvu.received;90;COMPLETED;1;2
202605;NULL;40;UNKNOWN;31;537609568.37
202605;NULL;54;FAILED;1;0
202605;NULL;58;FAILED;7;1330472
202605;NULL;71;FAILED;1;100000
202605;NULL;72;FAILED;2;126630
202605;TRANSFER;1;COMPLETED;21;49707816.43
202605;TRANSFER;19;COMPLETED;12;4004314629.64
202605;TRANSFER;20;COMPLETED;216;3891802912.71
202605;TRANSFER;25;COMPLETED;5;360029639.69
202605;TRANSFER;27;COMPLETED;5;256243132.94
202605;TRANSFER;28;COMPLETED;1;150528.70
202605;TRANSFER;29;COMPLETED;12;6000000000
202605;TRANSFER;30;COMPLETED;5;36751899.23
202605;TRANSFER;31;COMPLETED;33;14010804844.42
202605;TRANSFER;34;COMPLETED;5;82966332.73
202605;TRANSFER;35;COMPLETED;66;48412044.17
202605;TRANSFER;36;COMPLETED;5;16440470.04
202605;TRANSFER;40;COMPLETED;1422;7832616585.56
202605;TRANSFER;43;COMPLETED;5;165561698.56
202605;TRANSFER;44;COMPLETED;5;1906124.65
202605;TRANSFER;46;COMPLETED;5;210283353.18
202605;TRANSFER;47;COMPLETED;5;117019457.01
202605;TRANSFER;48;COMPLETED;5;9196825.38
202605;TRANSFER;51;COMPLETED;5;416465.05
202605;TRANSFER;52;COMPLETED;38;6219930285.75
202605;TRANSFER;52;FAILED;1;500000000
202605;TRANSFER;54;COMPLETED;1051;182345.36
202605;TRANSFER;54;FAILED;10;1028.20
202605;TRANSFER;55;COMPLETED;116;772173343.62
202605;TRANSFER;55;FAILED;14;62857682.57
202605;TRANSFER;56;COMPLETED;5;42528011.93
202605;TRANSFER;58;COMPLETED;4392;233697358.06
202605;TRANSFER;58;FAILED;20;2090969
202605;TRANSFER;60;COMPLETED;5;19737930.28
202605;TRANSFER;61;COMPLETED;14;259007177.36
202605;TRANSFER;62;COMPLETED;5;1277070.92
202605;TRANSFER;64;COMPLETED;5;628933.58
202605;TRANSFER;66;COMPLETED;3;829930.64
202605;TRANSFER;71;COMPLETED;2528;162004345.97
202605;TRANSFER;71;FAILED;11;128090
202605;TRANSFER;72;COMPLETED;507;21324301.40
202605;TRANSFER;73;COMPLETED;10;10561621.02
202605;TRANSFER;73;FAILED;1;495594.66
202605;TRANSFER;74;COMPLETED;5;32493674.83
202605;TRANSFER;75;COMPLETED;2;129449.45
202605;TRANSFER;77;COMPLETED;5;19092590.58
202605;TRANSFER;78;COMPLETED;5;30654955.04
202605;TRANSFER;81;COMPLETED;7;6.36
202605;TRANSFER;82;COMPLETED;1;2.99
202605;TRANSFER;85;COMPLETED;5;1492417.92
202605;TRANSFER;86;COMPLETED;1;3.98
202605;TRANSFER;87;COMPLETED;5;208500000
202605;TRANSFER;88;COMPLETED;6;36265210.05
202605;TRANSFER;92;COMPLETED;2;7.95
202605;TRANSFER;93;COMPLETED;7;324881.78
202605;TRANSFER;93;FAILED;1;143674.64
202605;TRANSFER;94;COMPLETED;1;15293.11
202605;TRANSFER;96;COMPLETED;4;112658022.29
202605;TRANSFER;97;COMPLETED;3;7451045.94
202605;transfer.cbu.received;1;COMPLETED;2;1916051.61
202605;transfer.cbu.received;5;COMPLETED;3;475942
202605;transfer.cbu.received;14;COMPLETED;2;403000
202605;transfer.cbu.received;15;COMPLETED;1;120200
202605;transfer.cbu.received;29;COMPLETED;6;1880000000
202605;transfer.cbu.received;52;COMPLETED;5;1860000000
202605;transfer.cbu.received;54;COMPLETED;4;108.63
202605;transfer.cbu.received;55;COMPLETED;8;150415
202605;transfer.cbu.received;58;COMPLETED;39;332710
202605;transfer.cbu.received;71;COMPLETED;24;162550
202605;transfer.cbu.received;72;COMPLETED;6;25500
202605;transfer.cbu.received;73;COMPLETED;19;565651
202605;transfer.cbu.received;77;COMPLETED;2;19000
202605;transfer.cvu.received;1;COMPLETED;11;21
202605;transfer.cvu.received;5;COMPLETED;9012;2161007695.54
202605;transfer.cvu.received;14;COMPLETED;2284;439235590.57
202605;transfer.cvu.received;15;COMPLETED;3202;426252463.48
202605;transfer.cvu.received;16;COMPLETED;1;152000.06
202605;transfer.cvu.received;17;COMPLETED;302;43913435.96
202605;transfer.cvu.received;39;COMPLETED;698;152919963.04
202605;transfer.cvu.received;42;COMPLETED;116;17179412.75
202605;transfer.cvu.received;43;COMPLETED;893;187281081.41
202605;transfer.cvu.received;44;COMPLETED;122;1751565.50
202605;transfer.cvu.received;46;COMPLETED;1831;236133497.57
202605;transfer.cvu.received;47;COMPLETED;243;58395545
202605;transfer.cvu.received;48;COMPLETED;75;11148577.83
202605;transfer.cvu.received;51;COMPLETED;49;419000
202605;transfer.cvu.received;55;COMPLETED;7375;583508745.08
202605;transfer.cvu.received;56;COMPLETED;293;51260197.99
202605;transfer.cvu.received;58;COMPLETED;8179;230173337.71
202605;transfer.cvu.received;60;COMPLETED;1327;18501283
202605;transfer.cvu.received;63;COMPLETED;16;1475777.19
202605;transfer.cvu.received;66;COMPLETED;6;836000
202605;transfer.cvu.received;67;COMPLETED;2;2000000
202605;transfer.cvu.received;71;COMPLETED;5887;178738526
202605;transfer.cvu.received;72;COMPLETED;1285;26236817.65
202605;transfer.cvu.received;73;COMPLETED;5844;420918139.46
202605;transfer.cvu.received;74;COMPLETED;181;33932000.14
202605;transfer.cvu.received;75;COMPLETED;1;100000
202605;transfer.cvu.received;77;COMPLETED;641;17897988.60
202605;transfer.cvu.received;78;COMPLETED;364;29987604.41
202605;transfer.cvu.received;81;COMPLETED;14;388440.70
202605;transfer.cvu.received;82;COMPLETED;4;6
202605;transfer.cvu.received;85;COMPLETED;24;2621940
202605;transfer.cvu.received;86;COMPLETED;1;2
202605;transfer.cvu.received;90;COMPLETED;1;1
202605;transfer.cvu.received;92;COMPLETED;1;7
202605;transfer.cvu.received;93;COMPLETED;2;4719
202605;transfer.cvu.received;95;COMPLETED;2;61.05
202606;NULL;1;UNKNOWN;5;6
202606;NULL;19;UNKNOWN;4;2000000000
202606;NULL;20;UNKNOWN;1;465532.07
202606;NULL;35;UNKNOWN;5;6806336.98
202606;NULL;40;UNKNOWN;64;2059545643.13
202606;NULL;54;FAILED;8;544.80
202606;NULL;55;UNKNOWN;1;75832.21
202606;NULL;58;FAILED;2;78800
202606;NULL;71;FAILED;10;1909150
202606;NULL;81;UNKNOWN;5;5
202606;NULL;102;UNKNOWN;2;71.28
202606;TRANSFER;1;COMPLETED;19;7055631.82
202606;TRANSFER;19;COMPLETED;17;6720100526.43
202606;TRANSFER;20;COMPLETED;309;8960191032.15
202606;TRANSFER;25;COMPLETED;6;970433049.51
202606;TRANSFER;27;COMPLETED;7;594499730.16
202606;TRANSFER;29;COMPLETED;3;1500000000
202606;TRANSFER;30;COMPLETED;5;83588415.86
202606;TRANSFER;31;COMPLETED;74;33945218814.29
202606;TRANSFER;34;COMPLETED;6;398590173.51
202606;TRANSFER;35;COMPLETED;65;51562330.85
202606;TRANSFER;36;COMPLETED;6;35903350.65
202606;TRANSFER;40;COMPLETED;1714;15776617636.06
202606;TRANSFER;43;COMPLETED;6;195271617.65
202606;TRANSFER;44;COMPLETED;5;1384133.25
202606;TRANSFER;46;COMPLETED;7;1603054478.13
202606;TRANSFER;47;COMPLETED;6;26782099.27
202606;TRANSFER;48;COMPLETED;5;15828290.77
202606;TRANSFER;51;COMPLETED;4;659982.80
202606;TRANSFER;52;COMPLETED;53;9277847316.41
202606;TRANSFER;52;FAILED;3;2136100.49
202606;TRANSFER;54;COMPLETED;1542;313565.15
202606;TRANSFER;54;FAILED;14;1965.39
202606;TRANSFER;55;COMPLETED;144;606341457.77
202606;TRANSFER;56;COMPLETED;6;94248639.91
202606;TRANSFER;57;COMPLETED;2;2967595.14
202606;TRANSFER;58;COMPLETED;5468;315505049.23
202606;TRANSFER;58;FAILED;14;1442360
202606;TRANSFER;60;COMPLETED;6;20462065.62
202606;TRANSFER;61;COMPLETED;11;139851152.87
202606;TRANSFER;62;COMPLETED;2;2111414.73
202606;TRANSFER;64;COMPLETED;4;1713262.81
202606;TRANSFER;66;COMPLETED;6;5715987.35
202606;TRANSFER;67;COMPLETED;6;14465405.07
202606;TRANSFER;71;COMPLETED;2609;170706338.15
202606;TRANSFER;71;FAILED;11;690500
202606;TRANSFER;72;COMPLETED;576;31101240.45
202606;TRANSFER;73;COMPLETED;6;19634218.76
202606;TRANSFER;74;COMPLETED;5;40407154.22
202606;TRANSFER;75;COMPLETED;1;6080.37
202606;TRANSFER;77;COMPLETED;6;18253786.43
202606;TRANSFER;78;COMPLETED;6;70638521.47
202606;TRANSFER;80;COMPLETED;1;0.99
202606;TRANSFER;81;COMPLETED;3;3
202606;TRANSFER;81;FAILED;5;5925.34
202606;TRANSFER;82;COMPLETED;1;2.99
202606;TRANSFER;85;COMPLETED;6;2483079.91
202606;TRANSFER;86;COMPLETED;2;10.93
202606;TRANSFER;87;COMPLETED;5;339000000
202606;TRANSFER;88;COMPLETED;5;46038995.26
202606;TRANSFER;90;COMPLETED;3;4.96
202606;TRANSFER;93;COMPLETED;9;391588.43
202606;TRANSFER;94;COMPLETED;3;222947.65
202606;TRANSFER;95;COMPLETED;2;61.83
202606;TRANSFER;96;COMPLETED;5;288469714.61
202606;TRANSFER;99;COMPLETED;1;1
202606;TRANSFER;102;COMPLETED;1;1
202606;transfer.cbu.received;1;COMPLETED;10;14204215.89
202606;transfer.cbu.received;5;COMPLETED;12;1660040.80
202606;transfer.cbu.received;14;COMPLETED;2;110933.30
202606;transfer.cbu.received;15;COMPLETED;3;950312.23
202606;transfer.cbu.received;17;COMPLETED;2;245500
202606;transfer.cbu.received;31;COMPLETED;9;15657611.29
202606;transfer.cbu.received;39;COMPLETED;3;341110
202606;transfer.cbu.received;46;COMPLETED;9;1603127
202606;transfer.cbu.received;52;COMPLETED;23;8320000000
202606;transfer.cbu.received;54;COMPLETED;7;7.06
202606;transfer.cbu.received;55;COMPLETED;3;200000
202606;transfer.cbu.received;58;COMPLETED;5;76101
202606;transfer.cbu.received;71;COMPLETED;8;61004
202606;transfer.cbu.received;72;COMPLETED;2;11000
202606;transfer.cbu.received;73;COMPLETED;6;191000
202606;transfer.cvu.received;1;COMPLETED;5;7.10
202606;transfer.cvu.received;5;COMPLETED;29544;6901783395.69
202606;transfer.cvu.received;14;COMPLETED;5638;1211988815.11
202606;transfer.cvu.received;15;COMPLETED;4112;547684509
202606;transfer.cvu.received;17;COMPLETED;607;99588113.12
202606;transfer.cvu.received;39;COMPLETED;2022;407813372.51
202606;transfer.cvu.received;42;COMPLETED;282;39806136.59
202606;transfer.cvu.received;43;COMPLETED;830;187972905.76
202606;transfer.cvu.received;44;COMPLETED;75;1123622.46
202606;transfer.cvu.received;46;COMPLETED;13989;2130046137.49
202606;transfer.cvu.received;47;COMPLETED;70;21783000
202606;transfer.cvu.received;48;COMPLETED;131;21676948.05
202606;transfer.cvu.received;51;COMPLETED;39;607000
202606;transfer.cvu.received;55;COMPLETED;8275;692654221.13
202606;transfer.cvu.received;56;COMPLETED;701;108326337.06
202606;transfer.cvu.received;57;COMPLETED;13;4507924.65
202606;transfer.cvu.received;58;COMPLETED;9649;328334072.62
202606;transfer.cvu.received;60;COMPLETED;1027;14528683.20
202606;transfer.cvu.received;63;COMPLETED;16;1325515.68
202606;transfer.cvu.received;66;COMPLETED;27;5984599.04
202606;transfer.cvu.received;67;COMPLETED;150;21362078.01
202606;transfer.cvu.received;71;COMPLETED;6740;145284644.42
202606;transfer.cvu.received;72;COMPLETED;1784;24014101.13
202606;transfer.cvu.received;73;COMPLETED;5941;440682800.77
202606;transfer.cvu.received;74;COMPLETED;253;42132890.11
202606;transfer.cvu.received;75;COMPLETED;1;160000
202606;transfer.cvu.received;77;COMPLETED;1006;19610848.43
202606;transfer.cvu.received;78;COMPLETED;1107;89695321.17
202606;transfer.cvu.received;79;COMPLETED;3;0.36
202606;transfer.cvu.received;80;COMPLETED;1;1
202606;transfer.cvu.received;81;COMPLETED;6;214482.33
202606;transfer.cvu.received;85;COMPLETED;24;1664544
202606;transfer.cvu.received;86;COMPLETED;5;12
202606;transfer.cvu.received;89;COMPLETED;5;17248
202606;transfer.cvu.received;90;COMPLETED;2;4
202606;transfer.cvu.received;91;COMPLETED;1;1
202606;transfer.cvu.received;93;COMPLETED;14;296459.68
202607;NULL;1;UNKNOWN;2;4
202607;NULL;19;UNKNOWN;1;101479464.16
202607;NULL;20;UNKNOWN;1;11381851.21
202607;NULL;40;UNKNOWN;165;671384405.11
202607;NULL;52;UNKNOWN;4;1800000000
202607;NULL;54;FAILED;7;4271.39
202607;NULL;58;FAILED;48;2947975
202607;NULL;71;FAILED;26;3852970
202607;NULL;72;FAILED;3;324000
202607;NULL;75;UNKNOWN;1;918267.37
202607;NULL;81;UNKNOWN;10;11
202607;NULL;105;UNKNOWN;4;4
202607;TRANSFER;1;COMPLETED;40;196301000.29
202607;TRANSFER;19;COMPLETED;5;521689853.55
202607;TRANSFER;20;COMPLETED;234;11275744038.42
202607;TRANSFER;25;COMPLETED;8;2041534916
202607;TRANSFER;27;COMPLETED;6;729853025.40
202607;TRANSFER;28;COMPLETED;1;3673.34
202607;TRANSFER;29;COMPLETED;6;1512635194.09
202607;TRANSFER;30;COMPLETED;6;176437118.36
202607;TRANSFER;31;COMPLETED;92;44639914315.84
202607;TRANSFER;34;COMPLETED;6;252928317.67
202607;TRANSFER;35;COMPLETED;67;59091028.82
202607;TRANSFER;36;COMPLETED;6;70197229.37
202607;TRANSFER;40;COMPLETED;2607;22623596888.72
202607;TRANSFER;43;COMPLETED;6;231312667.21
202607;TRANSFER;44;COMPLETED;6;722338.53
202607;TRANSFER;46;COMPLETED;9;2359067721.15
202607;TRANSFER;47;COMPLETED;5;9714673.97
202607;TRANSFER;48;COMPLETED;6;20260192.52
202607;TRANSFER;51;COMPLETED;6;546190.76
202607;TRANSFER;52;COMPLETED;66;16143845218.18
202607;TRANSFER;54;COMPLETED;1097;191804.92
202607;TRANSFER;54;FAILED;22;3280.93
202607;TRANSFER;55;COMPLETED;161;726648997.28
202607;TRANSFER;56;COMPLETED;6;136799692.62
202607;TRANSFER;57;COMPLETED;4;7268959.71
202607;TRANSFER;58;COMPLETED;4990;313595071.05
202607;TRANSFER;58;FAILED;56;4428900.45
202607;TRANSFER;60;COMPLETED;4;4794969.77
202607;TRANSFER;61;COMPLETED;10;174565683.18
202607;TRANSFER;62;COMPLETED;2;592539.04
202607;TRANSFER;64;COMPLETED;6;2754988.86
202607;TRANSFER;66;COMPLETED;5;8155804.08
202607;TRANSFER;67;COMPLETED;6;27151222.97
202607;TRANSFER;71;COMPLETED;2730;183167560.31
202607;TRANSFER;71;FAILED;40;1539585
202607;TRANSFER;72;COMPLETED;622;23673431.22
202607;TRANSFER;72;FAILED;16;180650
202607;TRANSFER;73;COMPLETED;9;18405431.47
202607;TRANSFER;74;COMPLETED;6;85534787.26
202607;TRANSFER;75;COMPLETED;3;930044.51
202607;TRANSFER;77;COMPLETED;6;18820937.37
202607;TRANSFER;78;COMPLETED;6;99963062.40
202607;TRANSFER;81;COMPLETED;5;6986.21
202607;TRANSFER;82;COMPLETED;1;99.58
202607;TRANSFER;85;COMPLETED;6;5037268
202607;TRANSFER;86;COMPLETED;1;1.99
202607;TRANSFER;87;COMPLETED;5;443500000
202607;TRANSFER;88;COMPLETED;5;50982073.68
202607;TRANSFER;90;COMPLETED;3;255511.63
202607;TRANSFER;91;COMPLETED;2;3.98
202607;TRANSFER;93;COMPLETED;9;952043.51
202607;TRANSFER;94;COMPLETED;2;757610.46
202607;TRANSFER;96;COMPLETED;5;344717442.38
202607;TRANSFER;105;COMPLETED;2;22186.68
202607;transfer.cbu.received;1;COMPLETED;12;24604551.97
202607;transfer.cbu.received;5;COMPLETED;26;5707385.64
202607;transfer.cbu.received;14;COMPLETED;23;6542378.12
202607;transfer.cbu.received;15;COMPLETED;9;2349817.78
202607;transfer.cbu.received;17;COMPLETED;6;1242268.02
202607;transfer.cbu.received;31;COMPLETED;3;56776.20
202607;transfer.cbu.received;46;COMPLETED;13;2288308
202607;transfer.cbu.received;52;COMPLETED;32;14060000000
202607;transfer.cbu.received;54;COMPLETED;10;295.90
202607;transfer.cbu.received;55;COMPLETED;8;1243700
202607;transfer.cbu.received;56;COMPLETED;1;56376.56
202607;transfer.cbu.received;58;COMPLETED;11;151018.02
202607;transfer.cbu.received;71;COMPLETED;10;285660
202607;transfer.cbu.received;72;COMPLETED;1;2298
202607;transfer.cbu.received;73;COMPLETED;4;71800
202607;transfer.cbu.received;78;COMPLETED;1;77500
202607;transfer.cvu.received;1;COMPLETED;5;14.50
202607;transfer.cvu.received;5;COMPLETED;18923;4383106355.56
202607;transfer.cvu.received;14;COMPLETED;8241;1810833838.32
202607;transfer.cvu.received;15;COMPLETED;5050;643566873.09
202607;transfer.cvu.received;17;COMPLETED;1017;167798318.72
202607;transfer.cvu.received;39;COMPLETED;991;177776664.12
202607;transfer.cvu.received;42;COMPLETED;380;62349089.96
202607;transfer.cvu.received;43;COMPLETED;1081;224228500
202607;transfer.cvu.received;44;COMPLETED;35;741139.29
202607;transfer.cvu.received;46;COMPLETED;12958;1924657513.89
202607;transfer.cvu.received;47;COMPLETED;27;4531790
202607;transfer.cvu.received;48;COMPLETED;113;14705496.38
202607;transfer.cvu.received;51;COMPLETED;57;692000
202607;transfer.cvu.received;55;COMPLETED;8633;733048694.10
202607;transfer.cvu.received;56;COMPLETED;872;118218035.39
202607;transfer.cvu.received;57;COMPLETED;15;6210420.24
202607;transfer.cvu.received;58;COMPLETED;9263;322628165.71
202607;transfer.cvu.received;60;COMPLETED;714;11535850
202607;transfer.cvu.received;63;COMPLETED;20;2355657.64
202607;transfer.cvu.received;66;COMPLETED;40;8385148.24
202607;transfer.cvu.received;67;COMPLETED;201;29686803.20
202607;transfer.cvu.received;71;COMPLETED;6713;166925366.14
202607;transfer.cvu.received;72;COMPLETED;1507;23742721.27
202607;transfer.cvu.received;73;COMPLETED;6094;447603047.10
202607;transfer.cvu.received;74;COMPLETED;575;91602380.41
202607;transfer.cvu.received;75;COMPLETED;3;1258000
202607;transfer.cvu.received;77;COMPLETED;800;17049247.01
202607;transfer.cvu.received;78;COMPLETED;1011;84118796.97
202607;transfer.cvu.received;79;COMPLETED;9;14.96
202607;transfer.cvu.received;81;COMPLETED;10;61047.60
202607;transfer.cvu.received;82;COMPLETED;1;100
202607;transfer.cvu.received;85;COMPLETED;106;6450409
202607;transfer.cvu.received;86;COMPLETED;1;2
202607;transfer.cvu.received;89;COMPLETED;478;11119853.99
202607;transfer.cvu.received;90;COMPLETED;6;257066.88
202607;transfer.cvu.received;91;COMPLETED;3;6
202607;transfer.cvu.received;93;COMPLETED;7;168553.89
202607;transfer.cvu.received;103;COMPLETED;4;80006
202608;NULL;40;UNKNOWN;111;203955057.67
202608;NULL;52;UNKNOWN;1;164300000
202608;NULL;55;UNKNOWN;3;12192500.42
202608;NULL;58;FAILED;1;3662
202608;NULL;81;UNKNOWN;1;50
202608;NULL;89;UNKNOWN;3;4350
202608;TRANSFER;1;COMPLETED;12;1262627.91
202608;TRANSFER;1;FAILED;3;3
202608;TRANSFER;19;COMPLETED;4;314449215.18
202608;TRANSFER;20;COMPLETED;136;4168960003.44
202608;TRANSFER;25;COMPLETED;4;526935726.25
202608;TRANSFER;27;COMPLETED;4;277837000.83
202608;TRANSFER;28;COMPLETED;2;150575.57
202608;TRANSFER;29;COMPLETED;2;2408027.95
202608;TRANSFER;30;COMPLETED;4;63744454.31
202608;TRANSFER;31;COMPLETED;39;17846213349.14
202608;TRANSFER;34;COMPLETED;4;96702526.57
202608;TRANSFER;35;COMPLETED;34;41422490.36
202608;TRANSFER;36;COMPLETED;3;16303908.66
202608;TRANSFER;38;COMPLETED;2;11.31
202608;TRANSFER;40;COMPLETED;1235;10246157746.40
202608;TRANSFER;43;COMPLETED;4;178398672.99
202608;TRANSFER;44;COMPLETED;3;800404.50
202608;TRANSFER;46;COMPLETED;4;735917358.57
202608;TRANSFER;47;COMPLETED;2;11655531.51
202608;TRANSFER;48;COMPLETED;4;16619474.69
202608;TRANSFER;51;COMPLETED;4;718649.11
202608;TRANSFER;52;COMPLETED;16;3752348032.47
202608;TRANSFER;54;COMPLETED;991;175718.25
202608;TRANSFER;54;FAILED;17;1465.45
202608;TRANSFER;55;COMPLETED;130;544738061.71
202608;TRANSFER;56;COMPLETED;3;53433369.53
202608;TRANSFER;57;COMPLETED;1;483239.45
202608;TRANSFER;58;COMPLETED;4425;242969162.56
202608;TRANSFER;58;FAILED;60;3526789
202608;TRANSFER;60;COMPLETED;4;29216349.60
202608;TRANSFER;61;COMPLETED;6;201910503.15
202608;TRANSFER;64;COMPLETED;4;893599.61
202608;TRANSFER;66;COMPLETED;2;2218236.13
202608;TRANSFER;67;COMPLETED;4;27118624.79
202608;TRANSFER;71;COMPLETED;2444;174797909.92
202608;TRANSFER;71;FAILED;8;170457
202608;TRANSFER;72;COMPLETED;576;15660162.91
202608;TRANSFER;72;FAILED;5;147000
202608;TRANSFER;73;COMPLETED;6;5827777.03
202608;TRANSFER;74;COMPLETED;3;47466284.02
202608;TRANSFER;75;COMPLETED;2;686082.08
202608;TRANSFER;77;COMPLETED;3;18556886.66
202608;TRANSFER;78;COMPLETED;3;25541563.16
202608;TRANSFER;79;COMPLETED;4;16.69
202608;TRANSFER;81;COMPLETED;1;701573.78
202608;TRANSFER;85;COMPLETED;3;6933854.83
202608;TRANSFER;87;COMPLETED;3;430600000
202608;TRANSFER;88;COMPLETED;2;33205145.88
202608;TRANSFER;89;COMPLETED;3;298001
202608;TRANSFER;92;COMPLETED;1;1240.92
202608;TRANSFER;93;COMPLETED;5;543819.87
202608;TRANSFER;94;COMPLETED;1;2720581.52
202608;TRANSFER;96;COMPLETED;2;196952189.66
202608;TRANSFER;103;COMPLETED;2;79522.97
202608;TRANSFER;104;COMPLETED;2;16356623.65
202608;transfer.cbu.received;1;COMPLETED;6;15710804.25
202608;transfer.cbu.received;5;COMPLETED;7;1649629.94
202608;transfer.cbu.received;14;COMPLETED;2;563346.20
202608;transfer.cbu.received;15;COMPLETED;3;450992.14
202608;transfer.cbu.received;31;COMPLETED;2;120641.78
202608;transfer.cbu.received;43;COMPLETED;1;200000
202608;transfer.cbu.received;46;COMPLETED;5;898400
202608;transfer.cbu.received;48;COMPLETED;1;84000
202608;transfer.cbu.received;52;COMPLETED;8;3300000000
202608;transfer.cbu.received;54;COMPLETED;7;28.67
202608;transfer.cbu.received;55;COMPLETED;1;5000
202608;transfer.cbu.received;56;COMPLETED;1;119970
202608;transfer.cbu.received;58;COMPLETED;7;43308.91
202608;transfer.cbu.received;67;COMPLETED;1;229468
202608;transfer.cbu.received;71;COMPLETED;3;37000
202608;transfer.cbu.received;72;COMPLETED;1;18000
202608;transfer.cvu.received;1;COMPLETED;5;6
202608;transfer.cvu.received;2;COMPLETED;1;1
202608;transfer.cvu.received;5;COMPLETED;7189;1597855233.64
202608;transfer.cvu.received;14;COMPLETED;2566;476228264.46
202608;transfer.cvu.received;15;COMPLETED;2127;248546779.79
202608;transfer.cvu.received;16;COMPLETED;1;152000.06
202608;transfer.cvu.received;17;COMPLETED;399;59129433.90
202608;transfer.cvu.received;39;COMPLETED;443;83684982.30
202608;transfer.cvu.received;42;COMPLETED;142;16427597.27
202608;transfer.cvu.received;43;COMPLETED;832;191401303.77
202608;transfer.cvu.received;44;COMPLETED;30;732800.65
202608;transfer.cvu.received;46;COMPLETED;5799;843983404.25
202608;transfer.cvu.received;47;COMPLETED;48;14050116
202608;transfer.cvu.received;48;COMPLETED;129;18097431.24
202608;transfer.cvu.received;51;COMPLETED;66;778500
202608;transfer.cvu.received;55;COMPLETED;7106;532775519.42
202608;transfer.cvu.received;56;COMPLETED;330;56004494.56
202608;transfer.cvu.received;58;COMPLETED;8485;217819478.52
202608;transfer.cvu.received;60;COMPLETED;1867;31728379
202608;transfer.cvu.received;63;COMPLETED;11;798551.20
202608;transfer.cvu.received;66;COMPLETED;11;1839240.66
202608;transfer.cvu.received;67;COMPLETED;187;26154257.57
202608;transfer.cvu.received;71;COMPLETED;6305;198881788.35
202608;transfer.cvu.received;72;COMPLETED;1348;24113208.15
202608;transfer.cvu.received;73;COMPLETED;6109;574392363.47
202608;transfer.cvu.received;74;COMPLETED;262;43367886.58
202608;transfer.cvu.received;75;COMPLETED;1;205000
202608;transfer.cvu.received;77;COMPLETED;912;18637698
202608;transfer.cvu.received;78;COMPLETED;323;22791298.29
202608;transfer.cvu.received;79;COMPLETED;20;8.04
202608;transfer.cvu.received;81;COMPLETED;6;92416.90
202608;transfer.cvu.received;85;COMPLETED;171;8995457
202608;transfer.cvu.received;89;COMPLETED;763;8918133.59
202608;transfer.cvu.received;92;COMPLETED;1;1250
202608;transfer.cvu.received;93;COMPLETED;4;70363.75
202609;NULL;72;FAILED;1;20000
202609;TRANSFER;1;COMPLETED;2;647047480.03
202609;TRANSFER;19;COMPLETED;29;12967686705.17
202609;TRANSFER;20;COMPLETED;223;7997072602.38
202609;TRANSFER;20;FAILED;1;107818298.10
202609;TRANSFER;25;COMPLETED;5;538436536.49
202609;TRANSFER;27;COMPLETED;5;313385050.62
202609;TRANSFER;29;COMPLETED;3;6060148.44
202609;TRANSFER;30;COMPLETED;5;63810562.50
202609;TRANSFER;31;COMPLETED;44;17635420960.46
202609;TRANSFER;34;COMPLETED;5;92638482.22
202609;TRANSFER;35;COMPLETED;74;76906592.78
202609;TRANSFER;35;FAILED;6;9787065.50
202609;TRANSFER;36;COMPLETED;5;19119228.99
202609;TRANSFER;38;COMPLETED;3;13186294.17
202609;TRANSFER;40;COMPLETED;1804;10054799917.87
202609;TRANSFER;40;FAILED;5;308606.47
202609;TRANSFER;43;COMPLETED;5;259996478.91
202609;TRANSFER;44;COMPLETED;4;138727.48
202609;TRANSFER;46;COMPLETED;5;408549474.82
202609;TRANSFER;47;COMPLETED;3;8635552.90
202609;TRANSFER;48;COMPLETED;5;21507412.47
202609;TRANSFER;51;COMPLETED;5;930834.18
202609;TRANSFER;52;COMPLETED;46;7222787684.13
202609;TRANSFER;52;FAILED;3;1001600000
202609;TRANSFER;54;COMPLETED;1076;243638.66
202609;TRANSFER;54;FAILED;14;1340.91
202609;TRANSFER;54;UNKNOWN;2;1868.54
202609;TRANSFER;55;COMPLETED;183;765341712.58
202609;TRANSFER;56;COMPLETED;6;57105212.21
202609;TRANSFER;58;COMPLETED;5002;290095867.46
202609;TRANSFER;58;FAILED;22;965200
202609;TRANSFER;60;COMPLETED;5;25846440.42
202609;TRANSFER;61;COMPLETED;11;178497418.24
202609;TRANSFER;62;COMPLETED;4;140190.05
202609;TRANSFER;63;COMPLETED;1;263.75
202609;TRANSFER;64;COMPLETED;5;1223639.61
202609;TRANSFER;65;COMPLETED;1;268455.91
202609;TRANSFER;66;COMPLETED;4;1188543.52
202609;TRANSFER;67;COMPLETED;5;25993220.07
202609;TRANSFER;71;COMPLETED;2474;179502100.46
202609;TRANSFER;71;FAILED;25;1439327.50
202609;TRANSFER;72;COMPLETED;544;17372751.70
202609;TRANSFER;72;FAILED;6;124000
202609;TRANSFER;73;COMPLETED;5;5488156.21
202609;TRANSFER;74;COMPLETED;6;44481784.65
202609;TRANSFER;77;COMPLETED;5;20481482.02
202609;TRANSFER;78;COMPLETED;5;12631706.83
202609;TRANSFER;79;COMPLETED;5;16187571.32
202609;TRANSFER;81;COMPLETED;3;145816.57
202609;TRANSFER;85;COMPLETED;5;6616842.44
202609;TRANSFER;87;COMPLETED;6;391679375.01
202609;TRANSFER;88;COMPLETED;5;42602123.55
202609;TRANSFER;92;COMPLETED;1;987.90
202609;TRANSFER;93;COMPLETED;8;962893.93
202609;TRANSFER;94;COMPLETED;2;2512921.11
202609;TRANSFER;96;COMPLETED;6;287633497.82
202609;TRANSFER;104;COMPLETED;5;321834067.83
202609;transfer.cbu.received;1;COMPLETED;10;15478638.47
202609;transfer.cbu.received;5;COMPLETED;11;3147636.52
202609;transfer.cbu.received;14;COMPLETED;7;2598477.35
202609;transfer.cbu.received;15;COMPLETED;6;506673.83
202609;transfer.cbu.received;17;COMPLETED;2;315837.33
202609;transfer.cbu.received;31;COMPLETED;2;34194.17
202609;transfer.cbu.received;39;COMPLETED;2;1367560
202609;transfer.cbu.received;42;COMPLETED;1;190000
202609;transfer.cbu.received;43;COMPLETED;2;486461
202609;transfer.cbu.received;44;COMPLETED;1;60967
202609;transfer.cbu.received;46;COMPLETED;3;443166
202609;transfer.cbu.received;52;COMPLETED;11;3990000000
202609;transfer.cbu.received;54;COMPLETED;6;10.72
202609;transfer.cbu.received;55;COMPLETED;13;1163770.10
202609;transfer.cbu.received;56;COMPLETED;1;25000
202609;transfer.cbu.received;58;COMPLETED;11;80900
202609;transfer.cbu.received;60;COMPLETED;3;106240
202609;transfer.cbu.received;67;COMPLETED;1;95328
202609;transfer.cbu.received;71;COMPLETED;9;229000
202609;transfer.cbu.received;72;COMPLETED;2;15500
202609;transfer.cbu.received;73;COMPLETED;7;2478634.27
202609;transfer.cbu.received;74;COMPLETED;1;150795
202609;transfer.cbu.received;79;COMPLETED;4;120694.32
202609;transfer.cvu.received;1;COMPLETED;1;1
202609;transfer.cvu.received;5;COMPLETED;10376;2646562849.61
202609;transfer.cvu.received;14;COMPLETED;2929;600283227.96
202609;transfer.cvu.received;15;COMPLETED;3580;469759438.48
202609;transfer.cvu.received;17;COMPLETED;390;67562988.88
202609;transfer.cvu.received;39;COMPLETED;724;152294262.16
202609;transfer.cvu.received;42;COMPLETED;169;23541326.56
202609;transfer.cvu.received;43;COMPLETED;1345;285337646.72
202609;transfer.cvu.received;44;COMPLETED;6;97829.47
202609;transfer.cvu.received;46;COMPLETED;1747;191164704.09
202609;transfer.cvu.received;47;COMPLETED;24;4492000.56
202609;transfer.cvu.received;48;COMPLETED;142;23211254.97
202609;transfer.cvu.received;51;COMPLETED;71;764000
202609;transfer.cvu.received;55;COMPLETED;8308;654646769.02
202609;transfer.cvu.received;56;COMPLETED;385;56364223.89
202609;transfer.cvu.received;58;COMPLETED;9480;289200961.91
202609;transfer.cvu.received;60;COMPLETED;1533;25496036.80
202609;transfer.cvu.received;63;COMPLETED;24;2798365.99
202609;transfer.cvu.received;66;COMPLETED;8;1066123.91
202609;transfer.cvu.received;67;COMPLETED;204;25570088.15
202609;transfer.cvu.received;71;COMPLETED;6162;164420895.40
202609;transfer.cvu.received;72;COMPLETED;1399;9558000.07
202609;transfer.cvu.received;73;COMPLETED;5486;626339916.43
202609;transfer.cvu.received;74;COMPLETED;234;40607601.32
202609;transfer.cvu.received;75;COMPLETED;1;155000
202609;transfer.cvu.received;77;COMPLETED;1147;26112044
202609;transfer.cvu.received;78;COMPLETED;199;11758475.45
202609;transfer.cvu.received;79;COMPLETED;1096;30309221.44
202609;transfer.cvu.received;81;COMPLETED;11;285534.50
202609;transfer.cvu.received;82;COMPLETED;1;2
202609;transfer.cvu.received;85;COMPLETED;57;3512491
202609;transfer.cvu.received;89;COMPLETED;326;18662223.98
202609;transfer.cvu.received;92;COMPLETED;1;1000
202609;transfer.cvu.received;93;COMPLETED;21;957420.30
202610;NULL;1;UNKNOWN;1;1
202610;TRANSFER;1;COMPLETED;17;91672140.33
202610;TRANSFER;19;COMPLETED;5;734868539.74
202610;TRANSFER;20;COMPLETED;303;14727152081.85
202610;TRANSFER;20;FAILED;1;2169049443.30
202610;TRANSFER;25;COMPLETED;7;1038691720.31
202610;TRANSFER;27;COMPLETED;7;600725226.26
202610;TRANSFER;28;COMPLETED;2;1531.88
202610;TRANSFER;29;COMPLETED;3;470205744.43
202610;TRANSFER;30;COMPLETED;7;102050822.48
202610;TRANSFER;31;COMPLETED;77;34998067381.43
202610;TRANSFER;34;COMPLETED;7;398090082.26
202610;TRANSFER;35;COMPLETED;73;63509795.35
202610;TRANSFER;36;COMPLETED;6;47067398.52
202610;TRANSFER;38;COMPLETED;6;62227350.80
202610;TRANSFER;40;COMPLETED;1754;15901388805.55
202610;TRANSFER;40;FAILED;30;31709843505.04
202610;TRANSFER;43;COMPLETED;6;232471539.72
202610;TRANSFER;44;COMPLETED;6;206729.61
202610;TRANSFER;46;COMPLETED;7;1626640279.69
202610;TRANSFER;47;COMPLETED;2;2370571.31
202610;TRANSFER;48;COMPLETED;6;23232994.70
202610;TRANSFER;50;COMPLETED;2;3531190.91
202610;TRANSFER;51;COMPLETED;6;1576664.04
202610;TRANSFER;52;COMPLETED;37;5482933324.76
202610;TRANSFER;52;FAILED;5;1503500000
202610;TRANSFER;54;COMPLETED;1550;361282.73
202610;TRANSFER;54;FAILED;24;4304.34
202610;TRANSFER;55;COMPLETED;227;726182132.40
202610;TRANSFER;55;FAILED;3;2750024.88
202610;TRANSFER;56;COMPLETED;6;100963312.60
202610;TRANSFER;57;COMPLETED;3;3254454.07
202610;TRANSFER;58;COMPLETED;4959;244717367.71
202610;TRANSFER;58;FAILED;9;571505
202610;TRANSFER;60;COMPLETED;6;28125950.01
202610;TRANSFER;61;COMPLETED;11;208866155.91
202610;TRANSFER;64;COMPLETED;5;3023494.09
202610;TRANSFER;66;COMPLETED;6;2777399.52
202610;TRANSFER;67;COMPLETED;3;10571501.63
202610;TRANSFER;71;COMPLETED;2579;222440585.53
202610;TRANSFER;71;FAILED;36;2315586
202610;TRANSFER;71;UNKNOWN;2;35000
202610;TRANSFER;72;COMPLETED;563;27446194.90
202610;TRANSFER;72;FAILED;7;85900
202610;TRANSFER;72;UNKNOWN;1;999750
202610;TRANSFER;73;COMPLETED;7;8404636.65
202610;TRANSFER;74;COMPLETED;6;59551461.84
202610;TRANSFER;75;COMPLETED;3;418780.78
202610;TRANSFER;77;COMPLETED;6;32368485.85
202610;TRANSFER;78;COMPLETED;6;90020829.66
202610;TRANSFER;79;COMPLETED;6;75470185.01
202610;TRANSFER;81;COMPLETED;21;1342911.06
202610;TRANSFER;81;FAILED;5;5
202610;TRANSFER;82;COMPLETED;2;104.55
202610;TRANSFER;85;COMPLETED;6;4212744.75
202610;TRANSFER;87;COMPLETED;6;449800000
202610;TRANSFER;88;COMPLETED;5;46155994.74
202610;TRANSFER;89;COMPLETED;1;460448.46
202610;TRANSFER;90;COMPLETED;1;1555.29
202610;TRANSFER;92;COMPLETED;1;2963.70
202610;TRANSFER;93;COMPLETED;10;442107.42
202610;TRANSFER;94;COMPLETED;1;14922.21
202610;TRANSFER;96;COMPLETED;7;306542938.58
202610;TRANSFER;102;FAILED;1;14.85
202610;TRANSFER;103;COMPLETED;1;483.03
202610;TRANSFER;104;COMPLETED;5;355539406.77
202610;TRANSFER;106;COMPLETED;3;9591.25
202610;transfer.cbu.received;1;COMPLETED;12;17620559.63
202610;transfer.cbu.received;5;COMPLETED;33;8563367.26
202610;transfer.cbu.received;14;COMPLETED;13;2136564.62
202610;transfer.cbu.received;15;COMPLETED;4;261607.26
202610;transfer.cbu.received;17;COMPLETED;2;309452.93
202610;transfer.cbu.received;31;COMPLETED;2;2392310.76
202610;transfer.cbu.received;39;COMPLETED;2;376750
202610;transfer.cbu.received;43;COMPLETED;1;100000
202610;transfer.cbu.received;44;COMPLETED;1;32999.89
202610;transfer.cbu.received;46;COMPLETED;22;3033250
202610;transfer.cbu.received;52;COMPLETED;8;3030000000
202610;transfer.cbu.received;54;COMPLETED;7;426.01
202610;transfer.cbu.received;55;COMPLETED;18;1030525.20
202610;transfer.cbu.received;56;COMPLETED;1;59897.22
202610;transfer.cbu.received;58;COMPLETED;9;39269
202610;transfer.cbu.received;60;COMPLETED;2;144480
202610;transfer.cbu.received;71;COMPLETED;7;252500
202610;transfer.cbu.received;72;COMPLETED;1;5000
202610;transfer.cbu.received;73;COMPLETED;10;629498.63
202610;transfer.cbu.received;78;COMPLETED;2;196645
202610;transfer.cbu.received;79;COMPLETED;6;112771.06
202610;transfer.cvu.received;1;COMPLETED;3;4
202610;transfer.cvu.received;5;COMPLETED;31179;7242348979.55
202610;transfer.cvu.received;14;COMPLETED;5859;1289787866.88
202610;transfer.cvu.received;15;COMPLETED;4076;550720002.62
202610;transfer.cvu.received;16;COMPLETED;5;70
202610;transfer.cvu.received;17;COMPLETED;656;107898986.80
202610;transfer.cvu.received;39;COMPLETED;2161;439280070.41
202610;transfer.cvu.received;42;COMPLETED;311;50240552.43
202610;transfer.cvu.received;43;COMPLETED;935;212068563.20
202610;transfer.cvu.received;44;COMPLETED;30;532153.10
202610;transfer.cvu.received;46;COMPLETED;14252;2147401129.62
202610;transfer.cvu.received;47;COMPLETED;17;2244000
202610;transfer.cvu.received;48;COMPLETED;169;20782690.51
202610;transfer.cvu.received;51;COMPLETED;74;1655600
202610;transfer.cvu.received;55;COMPLETED;10222;902454566.14
202610;transfer.cvu.received;56;COMPLETED;786;128670915.89
202610;transfer.cvu.received;57;COMPLETED;9;4241950.42
202610;transfer.cvu.received;58;COMPLETED;9851;256058632.01
202610;transfer.cvu.received;60;COMPLETED;1750;27498671.12
202610;transfer.cvu.received;63;COMPLETED;21;1530341.18
202610;transfer.cvu.received;66;COMPLETED;20;3256100
202610;transfer.cvu.received;67;COMPLETED;2;192378
202610;transfer.cvu.received;71;COMPLETED;6629;217784374.99
202610;transfer.cvu.received;72;COMPLETED;1663;22650744.10
202610;transfer.cvu.received;73;COMPLETED;5442;539314436.05
202610;transfer.cvu.received;74;COMPLETED;362;62595566.14
202610;transfer.cvu.received;75;COMPLETED;2;593500
202610;transfer.cvu.received;77;COMPLETED;1537;31452727.30
202610;transfer.cvu.received;78;COMPLETED;1367;113164553.03
202610;transfer.cvu.received;79;COMPLETED;3220;84945675.32
202610;transfer.cvu.received;81;COMPLETED;20;1465439.87
202610;transfer.cvu.received;82;COMPLETED;4;105
202610;transfer.cvu.received;84;COMPLETED;73;1535249.86
202610;transfer.cvu.received;85;COMPLETED;72;4416604.10
202610;transfer.cvu.received;89;COMPLETED;71;6192636
202610;transfer.cvu.received;92;COMPLETED;21;256035.11
202610;transfer.cvu.received;93;COMPLETED;9;278947.35
202610;transfer.cvu.received;96;COMPLETED;5;564710.81
202610;transfer.cvu.received;103;COMPLETED;1;80000
202610;transfer.cvu.received;106;COMPLETED;7;9884
202611;NULL;40;FAILED;517;4779443465.73
202611;TRANSFER;1;COMPLETED;6;119439019.50
202611;TRANSFER;19;COMPLETED;21;8201892333.35
202611;TRANSFER;20;COMPLETED;257;15453823065.79
202611;TRANSFER;20;FAILED;31;2535056912.24
202611;TRANSFER;25;COMPLETED;5;2235777599.78
202611;TRANSFER;25;FAILED;1;757279597.94
202611;TRANSFER;27;COMPLETED;5;725421526.16
202611;TRANSFER;27;FAILED;1;173104015.42
202611;TRANSFER;28;COMPLETED;1;69.32
202611;TRANSFER;30;COMPLETED;5;195326892.43
202611;TRANSFER;30;FAILED;1;65297769.02
202611;TRANSFER;31;COMPLETED;101;46052007929.74
202611;TRANSFER;34;COMPLETED;5;288965027.26
202611;TRANSFER;34;FAILED;1;36228655.98
202611;TRANSFER;35;COMPLETED;71;62587038.99
202611;TRANSFER;36;COMPLETED;5;73183682.90
202611;TRANSFER;36;FAILED;1;26636713.47
202611;TRANSFER;38;COMPLETED;5;73229695.44
202611;TRANSFER;38;FAILED;1;13876589.14
202611;TRANSFER;40;COMPLETED;2795;22625012155.83
202611;TRANSFER;40;FAILED;15;9334200.70
202611;TRANSFER;43;COMPLETED;5;261594056.08
202611;TRANSFER;43;FAILED;1;53528829.52
202611;TRANSFER;44;COMPLETED;6;1155332.49
202611;TRANSFER;46;COMPLETED;8;2345017009.50
202611;TRANSFER;46;FAILED;2;667590820.04
202611;TRANSFER;47;COMPLETED;4;2700326.18
202611;TRANSFER;48;COMPLETED;5;22081504.20
202611;TRANSFER;48;FAILED;1;4917775.29
202611;TRANSFER;50;COMPLETED;4;26228850.71
202611;TRANSFER;50;FAILED;1;1922118.16
202611;TRANSFER;51;COMPLETED;3;1735933.68
202611;TRANSFER;52;COMPLETED;44;9524177543.28
202611;TRANSFER;54;COMPLETED;1255;235621.98
202611;TRANSFER;54;FAILED;22;1595.63
202611;TRANSFER;55;COMPLETED;305;1265785056.17
202611;TRANSFER;55;FAILED;2;106480
202611;TRANSFER;55;PENDING;1;2455739.95
202611;TRANSFER;56;COMPLETED;5;177459278.91
202611;TRANSFER;56;FAILED;1;40805921.24
202611;TRANSFER;57;COMPLETED;4;8240671.08
202611;TRANSFER;57;FAILED;1;3867187.68
202611;TRANSFER;58;COMPLETED;4927;256657878
202611;TRANSFER;58;FAILED;34;1318093
202611;TRANSFER;60;COMPLETED;6;18255667.62
202611;TRANSFER;61;COMPLETED;13;250742585.66
202611;TRANSFER;61;FAILED;1;20536577.47
202611;TRANSFER;64;COMPLETED;5;1517440.17
202611;TRANSFER;64;FAILED;1;449369.37
202611;TRANSFER;66;COMPLETED;5;9829387.47
202611;TRANSFER;66;FAILED;1;2909167.92
202611;TRANSFER;67;COMPLETED;3;1219758.14
202611;TRANSFER;67;FAILED;1;783066.11
202611;TRANSFER;71;COMPLETED;2591;224737895.73
202611;TRANSFER;71;FAILED;33;2601853
202611;TRANSFER;72;COMPLETED;582;21491215.65
202611;TRANSFER;72;FAILED;9;462879
202611;TRANSFER;73;COMPLETED;7;555282.66
202611;TRANSFER;74;COMPLETED;5;101160632.35
202611;TRANSFER;74;FAILED;1;32344543.79
202611;TRANSFER;75;COMPLETED;3;503857.09
202611;TRANSFER;75;FAILED;1;21906.83
202611;TRANSFER;77;COMPLETED;5;38646047.90
202611;TRANSFER;77;FAILED;1;4966668.70
202611;TRANSFER;78;COMPLETED;5;109629988.66
202611;TRANSFER;78;FAILED;1;33505889.23
202611;TRANSFER;79;COMPLETED;5;90917929.17
202611;TRANSFER;79;FAILED;1;18877594.03
202611;TRANSFER;80;COMPLETED;2;193547.91
202611;TRANSFER;81;COMPLETED;22;3135233.95
202611;TRANSFER;81;FAILED;1;1
202611;TRANSFER;82;COMPLETED;2;23.90
202611;TRANSFER;84;COMPLETED;5;3025648.84
202611;TRANSFER;84;FAILED;1;1579613.94
202611;TRANSFER;85;COMPLETED;5;5791789.48
202611;TRANSFER;85;FAILED;1;1006255.10
202611;TRANSFER;87;COMPLETED;5;431900000
202611;TRANSFER;88;COMPLETED;5;48293620.20
202611;TRANSFER;88;FAILED;1;7363237.62
202611;TRANSFER;90;COMPLETED;4;260613.69
202611;TRANSFER;92;COMPLETED;3;343922.68
202611;TRANSFER;93;COMPLETED;7;184581.97
202611;TRANSFER;94;COMPLETED;3;46325.41
202611;TRANSFER;96;COMPLETED;8;354383227.56
202611;TRANSFER;96;FAILED;1;56284433.10
202611;TRANSFER;102;FAILED;4;208.97
202611;TRANSFER;103;COMPLETED;1;79516
202611;TRANSFER;104;COMPLETED;5;550536958.84
202611;TRANSFER;104;FAILED;1;177495124.62
202611;TRANSFER;105;COMPLETED;2;2316714.25
202611;TRANSFER;106;COMPLETED;4;31002.76
202611;TRANSFER;106;FAILED;1;3961.28
202611;transfer.cbu.received;1;COMPLETED;10;18985735.39
202611;transfer.cbu.received;5;COMPLETED;41;9881831.31
202611;transfer.cbu.received;14;COMPLETED;17;3522831.63
202611;transfer.cbu.received;15;COMPLETED;15;2174661.39
202611;transfer.cbu.received;17;COMPLETED;6;580790.29
202611;transfer.cbu.received;22;COMPLETED;186;108964.12
202611;transfer.cbu.received;29;COMPLETED;1;4000
202611;transfer.cbu.received;31;COMPLETED;3;2039920.76
202611;transfer.cbu.received;43;COMPLETED;4;1064000
202611;transfer.cbu.received;46;COMPLETED;25;3800107
202611;transfer.cbu.received;52;COMPLETED;16;7180000000
202611;transfer.cbu.received;54;COMPLETED;3179;2714984.03
202611;transfer.cbu.received;55;COMPLETED;28;1285606.99
202611;transfer.cbu.received;58;COMPLETED;11;70000
202611;transfer.cbu.received;60;COMPLETED;2;63840
202611;transfer.cbu.received;71;COMPLETED;8;319000
202611;transfer.cbu.received;72;COMPLETED;2;4000
202611;transfer.cbu.received;73;COMPLETED;4;217862
202611;transfer.cbu.received;77;COMPLETED;1;39200
202611;transfer.cbu.received;78;COMPLETED;3;128325
202611;transfer.cbu.received;79;COMPLETED;2;37176
202611;transfer.cbu.received;81;COMPLETED;2;186305.82
202611;transfer.cvu.received;5;COMPLETED;20419;4747802008.77
202611;transfer.cvu.received;14;COMPLETED;8766;1988988585.67
202611;transfer.cvu.received;15;COMPLETED;4904;629950095.89
202611;transfer.cvu.received;17;COMPLETED;1114;184552577.19
202611;transfer.cvu.received;39;COMPLETED;1095;204706544.98
202611;transfer.cvu.received;42;COMPLETED;398;65938077.63
202611;transfer.cvu.received;43;COMPLETED;1123;249021728.57
202611;transfer.cvu.received;44;COMPLETED;62;1013284.56
202611;transfer.cvu.received;46;COMPLETED;12957;1915921589.84
202611;transfer.cvu.received;47;COMPLETED;33;2440000
202611;transfer.cvu.received;48;COMPLETED;167;25446656.42
202611;transfer.cvu.received;51;COMPLETED;73;1873500
202611;transfer.cvu.received;55;COMPLETED;12599;1501789700.25
202611;transfer.cvu.received;56;COMPLETED;1068;151513394.69
202611;transfer.cvu.received;57;COMPLETED;19;7256004.69
202611;transfer.cvu.received;58;COMPLETED;9517;248174003.27
202611;transfer.cvu.received;60;COMPLETED;1196;19728487.12
202611;transfer.cvu.received;63;COMPLETED;21;1662497.57
202611;transfer.cvu.received;66;COMPLETED;60;9142079.81
202611;transfer.cvu.received;67;COMPLETED;10;1224202
202611;transfer.cvu.received;71;COMPLETED;6899;230444165.30
202611;transfer.cvu.received;72;COMPLETED;1656;22971789.10
202611;transfer.cvu.received;73;COMPLETED;5370;623007484.50
202611;transfer.cvu.received;74;COMPLETED;623;110718149.76
202611;transfer.cvu.received;75;COMPLETED;2;170500
202611;transfer.cvu.received;77;COMPLETED;1870;41476459
202611;transfer.cvu.received;78;COMPLETED;1166;93831837.69
202611;transfer.cvu.received;79;COMPLETED;3727;96895115.36
202611;transfer.cvu.received;80;COMPLETED;7;270126
202611;transfer.cvu.received;81;COMPLETED;18;4148150.73
202611;transfer.cvu.received;82;COMPLETED;3;14
202611;transfer.cvu.received;84;COMPLETED;77;1715592.49
202611;transfer.cvu.received;85;COMPLETED;92;5606234
202611;transfer.cvu.received;89;COMPLETED;37;16131619
202611;transfer.cvu.received;90;COMPLETED;4;262200
202611;transfer.cvu.received;92;COMPLETED;11;95100
202611;transfer.cvu.received;93;COMPLETED;9;78757.23
202611;transfer.cvu.received;96;COMPLETED;10;104270
202611;transfer.cvu.received;106;COMPLETED;11;42105.80
202612;NULL;54;FAILED;1;1.08
202612;TRANSFER;1;COMPLETED;18;446243.03
202612;TRANSFER;1;FAILED;1;1
202612;TRANSFER;19;COMPLETED;18;6472935846.89
202612;TRANSFER;20;COMPLETED;214;6401164386.53
202612;TRANSFER;25;COMPLETED;6;703482213.08
202612;TRANSFER;27;COMPLETED;6;306890249.67
202612;TRANSFER;28;COMPLETED;3;243724.54
202612;TRANSFER;29;COMPLETED;1;285673.52
202612;TRANSFER;30;COMPLETED;6;68744045.13
202612;TRANSFER;31;COMPLETED;50;21929778801.84
202612;TRANSFER;34;COMPLETED;6;141353979.69
202612;TRANSFER;35;COMPLETED;71;62045326.13
202612;TRANSFER;36;COMPLETED;5;23238947.49
202612;TRANSFER;38;COMPLETED;5;68354953.14
202612;TRANSFER;38;FAILED;1;16226254.81
202612;TRANSFER;40;COMPLETED;2165;13809459506.35
202612;TRANSFER;40;FAILED;3;1498604.40
202612;TRANSFER;40;UNKNOWN;1;5715367.84
202612;TRANSFER;43;COMPLETED;6;260194474.63
202612;TRANSFER;44;COMPLETED;4;385227.67
202612;TRANSFER;46;COMPLETED;6;760095673.43
202612;TRANSFER;47;COMPLETED;5;3028362.33
202612;TRANSFER;48;COMPLETED;6;23155584.69
202612;TRANSFER;50;COMPLETED;5;5240328.36
202612;TRANSFER;50;FAILED;1;1783583.10
202612;TRANSFER;51;COMPLETED;5;1493409.87
202612;TRANSFER;52;COMPLETED;65;22952068461.41
202612;TRANSFER;52;FAILED;2;1000000000
202612;TRANSFER;54;COMPLETED;995;251159.65
202612;TRANSFER;54;FAILED;9;427.34
202612;TRANSFER;55;COMPLETED;268;1348336407.78
202612;TRANSFER;55;FAILED;1;1942658.78
202612;TRANSFER;56;COMPLETED;6;64594412.51
202612;TRANSFER;57;COMPLETED;1;7652.11
202612;TRANSFER;58;COMPLETED;4939;270460595.45
202612;TRANSFER;58;FAILED;35;2597292
202612;TRANSFER;60;COMPLETED;6;32703054.05
202612;TRANSFER;60;FAILED;1;5343183.58
202612;TRANSFER;61;COMPLETED;13;222817362.48
202612;TRANSFER;61;FAILED;2;122679050.77
202612;TRANSFER;64;COMPLETED;6;1922110.70
202612;TRANSFER;65;COMPLETED;1;11971.48
202612;TRANSFER;66;COMPLETED;5;2317465.03
202612;TRANSFER;67;COMPLETED;5;2880055.31
202612;TRANSFER;71;COMPLETED;2521;158344783.08
202612;TRANSFER;71;FAILED;19;1953850
202612;TRANSFER;71;UNKNOWN;1;1900
202612;TRANSFER;72;COMPLETED;660;27728812.50
202612;TRANSFER;72;FAILED;6;754500
202612;TRANSFER;73;COMPLETED;3;7517329.79
202612;TRANSFER;74;COMPLETED;6;74761714.37
202612;TRANSFER;75;COMPLETED;1;2489.41
202612;TRANSFER;77;COMPLETED;5;29145225.03
202612;TRANSFER;78;COMPLETED;5;39172587.24
202612;TRANSFER;79;COMPLETED;5;105157925.39
202612;TRANSFER;80;COMPLETED;3;954730.72
202612;TRANSFER;81;COMPLETED;5;5210922.88
202612;TRANSFER;84;COMPLETED;3;239070.06
202612;TRANSFER;85;COMPLETED;5;4707913.76
202612;TRANSFER;87;COMPLETED;6;331310634.24
202612;TRANSFER;88;COMPLETED;5;38076092.14
202612;TRANSFER;93;COMPLETED;7;427347.56
202612;TRANSFER;96;COMPLETED;7;256837515.14
202612;TRANSFER;102;COMPLETED;1;1
202612;TRANSFER;102;FAILED;5;14
202612;TRANSFER;104;COMPLETED;5;371503302.92
202612;TRANSFER;106;COMPLETED;4;651233.45
202612;TRANSFER;110;COMPLETED;2;7761401.80
202612;transfer.cbu.received;1;COMPLETED;10;16835039.60
202612;transfer.cbu.received;5;COMPLETED;6;1064987.96
202612;transfer.cbu.received;14;COMPLETED;1;164000
202612;transfer.cbu.received;15;COMPLETED;1;4000
202612;transfer.cbu.received;22;COMPLETED;4;2618.94
202612;transfer.cbu.received;29;COMPLETED;2;301
202612;transfer.cbu.received;31;COMPLETED;4;184322.27
202612;transfer.cbu.received;43;COMPLETED;1;163000
202612;transfer.cbu.received;46;COMPLETED;1;141750
202612;transfer.cbu.received;48;COMPLETED;1;28000
202612;transfer.cbu.received;52;COMPLETED;43;19889999999
202612;transfer.cbu.received;54;COMPLETED;2334;2307557.39
202612;transfer.cbu.received;55;COMPLETED;20;5954924.09
202612;transfer.cbu.received;58;COMPLETED;13;78651
202612;transfer.cbu.received;71;COMPLETED;9;143000
202612;transfer.cbu.received;72;COMPLETED;1;1000
202612;transfer.cbu.received;72;CREDIT_ERROR;1;4000
202612;transfer.cbu.received;73;COMPLETED;17;11448829.28
202612;transfer.cbu.received;74;COMPLETED;1;133619
202612;transfer.cbu.received;79;COMPLETED;4;91702.88
202612;transfer.cvu.received;1;COMPLETED;4;8
202612;transfer.cvu.received;5;COMPLETED;9171;2201480940.61
202612;transfer.cvu.received;14;COMPLETED;3100;620253565.28
202612;transfer.cvu.received;15;COMPLETED;2345;266600467.71
202612;transfer.cvu.received;16;COMPLETED;2;246060.14
202612;transfer.cvu.received;17;COMPLETED;450;62746230.88
202612;transfer.cvu.received;39;COMPLETED;610;132680810.55
202612;transfer.cvu.received;42;COMPLETED;169;27068664.91
202612;transfer.cvu.received;43;COMPLETED;1199;271011359.99
202612;transfer.cvu.received;44;COMPLETED;7;91925.78
202612;transfer.cvu.received;46;COMPLETED;6064;872585693.98
202612;transfer.cvu.received;47;COMPLETED;30;3036002
202612;transfer.cvu.received;48;COMPLETED;118;17980883.71
202612;transfer.cvu.received;50;COMPLETED;2;40
202612;transfer.cvu.received;51;COMPLETED;62;1484500
202612;transfer.cvu.received;55;COMPLETED;11614;1353712774.50
202612;transfer.cvu.received;56;COMPLETED;461;61656960.37
202612;transfer.cvu.received;58;COMPLETED;9408;278053386.65
202612;transfer.cvu.received;60;COMPLETED;1302;21169544.12
202612;transfer.cvu.received;63;COMPLETED;14;1702914.89
202612;transfer.cvu.received;66;COMPLETED;7;2340849.82
202612;transfer.cvu.received;67;COMPLETED;17;2801130
202612;transfer.cvu.received;71;COMPLETED;6478;146516278.31
202612;transfer.cvu.received;72;COMPLETED;1903;26585900.52
202612;transfer.cvu.received;73;COMPLETED;5398;664742593.17
202612;transfer.cvu.received;74;COMPLETED;450;83327409.77
202612;transfer.cvu.received;75;COMPLETED;1;2500
202612;transfer.cvu.received;77;COMPLETED;842;19310594.88
202612;transfer.cvu.received;78;COMPLETED;460;35728593.19
202612;transfer.cvu.received;79;COMPLETED;3778;101070746.83
202612;transfer.cvu.received;80;COMPLETED;7;1040142
202612;transfer.cvu.received;81;COMPLETED;26;4684835.62
202612;transfer.cvu.received;84;COMPLETED;2;51135.43
202612;transfer.cvu.received;85;COMPLETED;116;6686330
202612;transfer.cvu.received;89;COMPLETED;128;25370990
202612;transfer.cvu.received;93;COMPLETED;11;1254463.99
202612;transfer.cvu.received;96;COMPLETED;3;100700
202612;transfer.cvu.received;106;COMPLETED;27;822748.01
202613;NULL;71;FAILED;2;153000
202613;TRANSFER;1;COMPLETED;12;612264525.53
202613;TRANSFER;7;FAILED;1;475
202613;TRANSFER;19;COMPLETED;11;4328450909.20
202613;TRANSFER;19;FAILED;1;500000000
202613;TRANSFER;20;COMPLETED;122;4097824188.09
202613;TRANSFER;20;FAILED;3;32637901.59
202613;TRANSFER;25;COMPLETED;3;443812849.78
202613;TRANSFER;27;COMPLETED;3;174449207.80
202613;TRANSFER;29;COMPLETED;6;843096941.67
202613;TRANSFER;30;COMPLETED;3;43317625.52
202613;TRANSFER;31;COMPLETED;30;12070984361.37
202613;TRANSFER;34;COMPLETED;3;79429167.57
202613;TRANSFER;35;COMPLETED;42;71178939.69
202613;TRANSFER;35;FAILED;3;13126697.82
202613;TRANSFER;36;COMPLETED;3;21397753.55
202613;TRANSFER;38;COMPLETED;3;56555721.32
202613;TRANSFER;40;COMPLETED;1042;7613633942.15
202613;TRANSFER;40;FAILED;30;655461084.47
202613;TRANSFER;43;COMPLETED;3;200187055.72
202613;TRANSFER;44;COMPLETED;1;38627.54
202613;TRANSFER;46;COMPLETED;3;381119095.24
202613;TRANSFER;47;COMPLETED;3;4140298.72
202613;TRANSFER;48;COMPLETED;3;23406146.69
202613;TRANSFER;50;COMPLETED;5;1865082.84
202613;TRANSFER;51;COMPLETED;3;803212
202613;TRANSFER;52;COMPLETED;54;17409554858.31
202613;TRANSFER;52;FAILED;3;1500000000
202613;TRANSFER;54;COMPLETED;1035;168918.14
202613;TRANSFER;54;FAILED;24;5706.53
202613;TRANSFER;55;COMPLETED;235;1424791282.30
202613;TRANSFER;55;FAILED;5;93401581.44
202613;TRANSFER;56;COMPLETED;3;48765555.49
202613;TRANSFER;58;COMPLETED;4725;253370423.94
202613;TRANSFER;58;FAILED;26;1763596
202613;TRANSFER;61;COMPLETED;6;211570573.46
202613;TRANSFER;64;COMPLETED;2;688070.97
202613;TRANSFER;66;COMPLETED;2;472051.47
202613;TRANSFER;67;COMPLETED;2;382977.72
202613;TRANSFER;71;COMPLETED;2194;116927174.61
202613;TRANSFER;71;FAILED;21;230722
202613;TRANSFER;72;COMPLETED;580;22224488.13
202613;TRANSFER;72;FAILED;4;39803
202613;TRANSFER;73;COMPLETED;4;3162509.62
202613;TRANSFER;74;COMPLETED;4;58182936.30
202613;TRANSFER;75;COMPLETED;1;6081.46
202613;TRANSFER;77;COMPLETED;4;19931550.01
202613;TRANSFER;78;COMPLETED;4;19062405.57
202613;TRANSFER;79;COMPLETED;3;83198190.93
202613;TRANSFER;80;COMPLETED;2;253333.01
202613;TRANSFER;81;COMPLETED;8;7769032.28
202613;TRANSFER;84;COMPLETED;2;93092.51
202613;TRANSFER;85;COMPLETED;3;4966797.97
202613;TRANSFER;87;COMPLETED;3;326600000
202613;TRANSFER;88;COMPLETED;3;35037362.15
202613;TRANSFER;89;COMPLETED;3;590100
202613;TRANSFER;89;FAILED;2;295100
202613;TRANSFER;93;COMPLETED;7;1892439.05
202613;TRANSFER;94;COMPLETED;2;29246.85
202613;TRANSFER;96;COMPLETED;4;238888365.78
202613;TRANSFER;104;COMPLETED;3;354887822.10
202613;TRANSFER;106;COMPLETED;3;2981834.71
202613;TRANSFER;110;COMPLETED;3;47773600.67
202613;transfer.cbu.received;1;COMPLETED;6;16676261.22
202613;transfer.cbu.received;5;COMPLETED;19;5257294.44
202613;transfer.cbu.received;14;COMPLETED;4;369086.58
202613;transfer.cbu.received;15;COMPLETED;4;549557.49
202613;transfer.cbu.received;17;COMPLETED;1;81400
202613;transfer.cbu.received;29;COMPLETED;1;0.01
202613;transfer.cbu.received;39;COMPLETED;2;534990
202613;transfer.cbu.received;42;COMPLETED;1;586435
202613;transfer.cbu.received;43;COMPLETED;2;208227.82
202613;transfer.cbu.received;46;COMPLETED;17;2443554
202613;transfer.cbu.received;47;COMPLETED;1;16000
202613;transfer.cbu.received;52;COMPLETED;39;15230910090.84
202613;transfer.cbu.received;54;COMPLETED;72;28207.90
202613;transfer.cbu.received;55;COMPLETED;161;4908909.85
202613;transfer.cbu.received;56;COMPLETED;1;471999.10
202613;transfer.cbu.received;58;COMPLETED;22;353869.92
202613;transfer.cbu.received;71;COMPLETED;12;45700
202613;transfer.cbu.received;72;COMPLETED;2;8400
202613;transfer.cbu.received;73;COMPLETED;47;4557590.64
202613;transfer.cbu.received;79;COMPLETED;3;43948.80
202613;transfer.cbu.received;85;COMPLETED;1;140000
202613;transfer.cbu.received;89;COMPLETED;1;325000
202613;transfer.cbu.received;114;COMPLETED;2;110000912
202613;transfer.cvu.received;1;COMPLETED;23;15385099.81
202613;transfer.cvu.received;5;COMPLETED;5732;1394737681.69
202613;transfer.cvu.received;14;COMPLETED;1786;356935284.88
202613;transfer.cvu.received;15;COMPLETED;1390;163054545.23
202613;transfer.cvu.received;17;COMPLETED;215;35270731.90
202613;transfer.cvu.received;39;COMPLETED;379;68184540.32
202613;transfer.cvu.received;42;COMPLETED;149;18248889.63
202613;transfer.cvu.received;43;COMPLETED;898;182752317.33
202613;transfer.cvu.received;44;COMPLETED;1;38791.82
202613;transfer.cvu.received;46;COMPLETED;1352;138777929.48
202613;transfer.cvu.received;47;COMPLETED;33;4334501
202613;transfer.cvu.received;48;COMPLETED;142;22708666.61
202613;transfer.cvu.received;50;COMPLETED;2;40
202613;transfer.cvu.received;51;COMPLETED;76;713701
202613;transfer.cvu.received;55;COMPLETED;25899;1365359456.12
202613;transfer.cvu.received;56;COMPLETED;271;41149564.16
202613;transfer.cvu.received;58;COMPLETED;9367;246023120.15
202613;transfer.cvu.received;60;COMPLETED;11;146900
202613;transfer.cvu.received;63;COMPLETED;11;727990.84
202613;transfer.cvu.received;66;COMPLETED;3;477833.25
202613;transfer.cvu.received;67;COMPLETED;1;71757
202613;transfer.cvu.received;71;COMPLETED;5899;148957242.07
202613;transfer.cvu.received;72;COMPLETED;1544;24799955.41
202613;transfer.cvu.received;73;COMPLETED;5843;583499892.15
202613;transfer.cvu.received;74;COMPLETED;192;33813698.93
202613;transfer.cvu.received;77;COMPLETED;943;22001832
202613;transfer.cvu.received;78;COMPLETED;271;18842536.74
202613;transfer.cvu.received;79;COMPLETED;3506;101067281.90
202613;transfer.cvu.received;80;COMPLETED;2;215875
202613;transfer.cvu.received;81;COMPLETED;40;13815087.60
202613;transfer.cvu.received;84;COMPLETED;8;163405.29
202613;transfer.cvu.received;85;COMPLETED;50;2777040
202613;transfer.cvu.received;89;COMPLETED;69;6410565.99
202613;transfer.cvu.received;93;COMPLETED;7;85693.41
202613;transfer.cvu.received;96;COMPLETED;1;11100
202613;transfer.cvu.received;106;COMPLETED;131;3720332
202613;transfer.cvu.received;107;COMPLETED;7;123000
202614;TRANSFER;1;COMPLETED;35;211626540.50
202614;TRANSFER;19;COMPLETED;9;2836199770.06
202614;TRANSFER;20;COMPLETED;117;4104674018.67
202614;TRANSFER;25;COMPLETED;3;319995013.54
202614;TRANSFER;27;COMPLETED;3;273086788.88
202614;TRANSFER;29;COMPLETED;50;21065696047.67
202614;TRANSFER;29;FAILED;2;1000000000
202614;TRANSFER;29;UNKNOWN;1;1130147780.72
202614;TRANSFER;30;COMPLETED;3;36525579.91
202614;TRANSFER;31;COMPLETED;26;11396807049.66
202614;TRANSFER;34;COMPLETED;3;114797270.40
202614;TRANSFER;35;COMPLETED;43;34481349.17
202614;TRANSFER;36;COMPLETED;3;12884113.68
202614;TRANSFER;38;COMPLETED;3;34360932.90
202614;TRANSFER;40;COMPLETED;962;6181177466.87
202614;TRANSFER;40;FAILED;26;11478365.87
202614;TRANSFER;43;COMPLETED;3;186352081.14
202614;TRANSFER;44;COMPLETED;2;762304.72
202614;TRANSFER;46;COMPLETED;3;141432816.33
202614;TRANSFER;47;COMPLETED;3;2523640.04
202614;TRANSFER;48;COMPLETED;3;15405226.80
202614;TRANSFER;50;COMPLETED;3;1773428.42
202614;TRANSFER;51;COMPLETED;3;664058
202614;TRANSFER;52;COMPLETED;51;17854191270.03
202614;TRANSFER;52;FAILED;3;1500000000
202614;TRANSFER;54;COMPLETED;383;133943.60
202614;TRANSFER;54;FAILED;16;5705
202614;TRANSFER;54;UNKNOWN;1;20
202614;TRANSFER;55;COMPLETED;253;1160031252.92
202614;TRANSFER;55;FAILED;2;7639074.29
202614;TRANSFER;56;COMPLETED;3;51112247.40
202614;TRANSFER;58;COMPLETED;5005;275018230.35
202614;TRANSFER;58;FAILED;33;1772710
202614;TRANSFER;60;COMPLETED;2;564832.19
202614;TRANSFER;61;COMPLETED;12;149980881.58
202614;TRANSFER;64;COMPLETED;3;2481397.85
202614;TRANSFER;66;COMPLETED;2;930862.67
202614;TRANSFER;71;COMPLETED;2347;153036105.50
202614;TRANSFER;71;FAILED;31;758216
202614;TRANSFER;72;COMPLETED;652;27672327.24
202614;TRANSFER;72;FAILED;6;156500
202614;TRANSFER;73;COMPLETED;8;43303212.04
202614;TRANSFER;74;COMPLETED;3;19673183
202614;TRANSFER;77;COMPLETED;3;12176337.19
202614;TRANSFER;78;COMPLETED;3;20204801.71
202614;TRANSFER;79;COMPLETED;2;51457824.82
202614;TRANSFER;80;COMPLETED;1;1169891.08
202614;TRANSFER;81;COMPLETED;10;7101352.91
202614;TRANSFER;84;COMPLETED;3;331318.89
202614;TRANSFER;85;COMPLETED;3;2573942.86
202614;TRANSFER;87;COMPLETED;3;184600000
202614;TRANSFER;88;COMPLETED;3;26298416.37
202614;TRANSFER;89;COMPLETED;4;254570
202614;TRANSFER;89;FAILED;5;1832570
202614;TRANSFER;93;COMPLETED;7;1171808.83
202614;TRANSFER;94;COMPLETED;1;29957.76
202614;TRANSFER;95;COMPLETED;2;31.96
202614;TRANSFER;96;COMPLETED;3;168834040.25
202614;TRANSFER;104;COMPLETED;3;332017134.61
202614;TRANSFER;106;COMPLETED;3;6398189.14
202614;TRANSFER;107;COMPLETED;17;211245.25
202614;TRANSFER;107;FAILED;1;5950
202614;TRANSFER;110;COMPLETED;3;99007611.70
202614;TRANSFER;131;COMPLETED;1;1
202614;transfer.cbu.received;1;COMPLETED;8;13725188.24
202614;transfer.cbu.received;5;COMPLETED;11;1731354
202614;transfer.cbu.received;14;COMPLETED;4;1801405.17
202614;transfer.cbu.received;15;COMPLETED;2;164245
202614;transfer.cbu.received;29;COMPLETED;1;1000
202614;transfer.cbu.received;31;COMPLETED;2;379070.05
202614;transfer.cbu.received;39;COMPLETED;1;77640
202614;transfer.cbu.received;43;COMPLETED;1;388995
202614;transfer.cbu.received;52;COMPLETED;39;16768810495
202614;transfer.cbu.received;54;COMPLETED;31;26663.74
202614;transfer.cbu.received;55;COMPLETED;29;1445243.13
202614;transfer.cbu.received;58;COMPLETED;21;229189
202614;transfer.cbu.received;71;COMPLETED;7;286300
202614;transfer.cbu.received;72;COMPLETED;2;8000
202614;transfer.cbu.received;73;COMPLETED;24;561206
202614;transfer.cbu.received;79;COMPLETED;1;55664
202614;transfer.cbu.received;131;COMPLETED;1;3.87
202614;transfer.cvu.received;1;COMPLETED;26;15241642
202614;transfer.cvu.received;5;COMPLETED;16196;3720195866.31
202614;transfer.cvu.received;14;COMPLETED;3230;678230356.41
202614;transfer.cvu.received;15;COMPLETED;2959;393028194.83
202614;transfer.cvu.received;16;COMPLETED;1;4000
202614;transfer.cvu.received;17;COMPLETED;366;64182773.14
202614;transfer.cvu.received;39;COMPLETED;1184;267102075.78
202614;transfer.cvu.received;42;COMPLETED;129;20511614.14
202614;transfer.cvu.received;43;COMPLETED;765;181747952.26
202614;transfer.cvu.received;44;COMPLETED;57;1071125.19
202614;transfer.cvu.received;46;COMPLETED;5914;845378629.76
202614;transfer.cvu.received;47;COMPLETED;87;7810000
202614;transfer.cvu.received;48;COMPLETED;136;19055191.86
202614;transfer.cvu.received;51;COMPLETED;61;1331500
202614;transfer.cvu.received;55;COMPLETED;29897;1347620877.71
202614;transfer.cvu.received;56;COMPLETED;479;89361492.06
202614;transfer.cvu.received;57;COMPLETED;5;2314590.93
202614;transfer.cvu.received;58;COMPLETED;10074;288543507.41
202614;transfer.cvu.received;58;NO_WARRANTY;1;2900
202614;transfer.cvu.received;60;COMPLETED;40;695130
202614;transfer.cvu.received;63;COMPLETED;27;2926287.04
202614;transfer.cvu.received;66;COMPLETED;25;4020080.09
202614;transfer.cvu.received;71;COMPLETED;5784;119620988.96
202614;transfer.cvu.received;72;COMPLETED;1572;24505732.34
202614;transfer.cvu.received;73;COMPLETED;6221;587265930.69
202614;transfer.cvu.received;74;COMPLETED;170;27102946.94
202614;transfer.cvu.received;77;COMPLETED;845;16671893.30
202614;transfer.cvu.received;78;COMPLETED;583;45426376.96
202614;transfer.cvu.received;79;COMPLETED;1385;38257230.31
202614;transfer.cvu.received;80;COMPLETED;19;2678312
202614;transfer.cvu.received;81;COMPLETED;52;12390835.54
202614;transfer.cvu.received;82;COMPLETED;1;10
202614;transfer.cvu.received;84;COMPLETED;139;3030520.35
202614;transfer.cvu.received;85;COMPLETED;77;4102280
202614;transfer.cvu.received;89;COMPLETED;78;7182503
202614;transfer.cvu.received;92;COMPLETED;1;10
202614;transfer.cvu.received;93;COMPLETED;11;1024062.93
202614;transfer.cvu.received;95;COMPLETED;7;287.09
202614;transfer.cvu.received;106;COMPLETED;567;8336004.01
202614;transfer.cvu.received;107;COMPLETED;5;85000
202615;TRANSFER;1;COMPLETED;14;36859197.95
202615;TRANSFER;19;COMPLETED;6;678926367.86
202615;TRANSFER;20;COMPLETED;304;15178277595.79
202615;TRANSFER;24;COMPLETED;1;0.31
202615;TRANSFER;25;COMPLETED;8;1749513030.10
202615;TRANSFER;27;COMPLETED;8;550553282.04
202615;TRANSFER;28;COMPLETED;4;6473.40
202615;TRANSFER;29;COMPLETED;7;1783511922.12
202615;TRANSFER;30;COMPLETED;8;148727097.03
202615;TRANSFER;31;COMPLETED;112;52901476907.66
202615;TRANSFER;34;COMPLETED;8;477501553.88
202615;TRANSFER;35;COMPLETED;57;69485164.63
202615;TRANSFER;36;COMPLETED;6;71290471.61
202615;TRANSFER;38;COMPLETED;7;90666828.85
202615;TRANSFER;40;COMPLETED;2311;24514314424.93
202615;TRANSFER;40;FAILED;36;113290688.58
202615;TRANSFER;43;COMPLETED;7;248000098.06
202615;TRANSFER;44;COMPLETED;5;1238956.08
202615;TRANSFER;46;COMPLETED;9;2760407046.60
202615;TRANSFER;47;COMPLETED;7;19052757.40
202615;TRANSFER;48;COMPLETED;7;26848790.11
202615;TRANSFER;50;COMPLETED;6;3805255.58
202615;TRANSFER;51;COMPLETED;6;2349862.61
202615;TRANSFER;52;COMPLETED;5;1890971400.03
202615;TRANSFER;54;COMPLETED;1;100
202615;TRANSFER;55;COMPLETED;392;1751935008.35
202615;TRANSFER;55;FAILED;19;42781094.48
202615;TRANSFER;56;COMPLETED;7;158091452.31
202615;TRANSFER;57;COMPLETED;7;7377937.27
202615;TRANSFER;58;COMPLETED;5152;289795091.23
202615;TRANSFER;58;FAILED;103;2537156
202615;TRANSFER;60;COMPLETED;4;918608.25
202615;TRANSFER;61;COMPLETED;21;332752903.81
202615;TRANSFER;61;FAILED;1;221693656.20
202615;TRANSFER;64;COMPLETED;7;2483337.63
202615;TRANSFER;65;COMPLETED;1;5773.76
202615;TRANSFER;66;COMPLETED;6;11390757.59
202615;TRANSFER;67;COMPLETED;5;3161574.47
202615;TRANSFER;71;COMPLETED;2622;167284055.61
202615;TRANSFER;71;FAILED;60;2051652
202615;TRANSFER;72;COMPLETED;692;34300003.69
202615;TRANSFER;72;FAILED;10;1403098
202615;TRANSFER;73;COMPLETED;14;79766607.70
202615;TRANSFER;74;COMPLETED;7;62190737.54
202615;TRANSFER;75;COMPLETED;2;295005.28
202615;TRANSFER;77;COMPLETED;6;30188961.49
202615;TRANSFER;78;COMPLETED;6;116815291.64
202615;TRANSFER;79;COMPLETED;6;115001655.97
202615;TRANSFER;80;COMPLETED;6;8398450.11
202615;TRANSFER;81;COMPLETED;12;16024265.38
202615;TRANSFER;81;FAILED;1;3332120.55
202615;TRANSFER;82;COMPLETED;1;9.96
202615;TRANSFER;84;COMPLETED;6;5620157.85
202615;TRANSFER;85;COMPLETED;6;8084799.87
202615;TRANSFER;87;COMPLETED;6;447118354.06
202615;TRANSFER;88;COMPLETED;5;50004223.18
202615;TRANSFER;89;COMPLETED;1;720777.13
202615;TRANSFER;90;COMPLETED;3;189033.36
202615;TRANSFER;93;COMPLETED;9;642002.54
202615;TRANSFER;94;COMPLETED;2;31257.75
202615;TRANSFER;96;COMPLETED;8;348764843.41
202615;TRANSFER;103;COMPLETED;1;484
202615;TRANSFER;104;COMPLETED;5;722274038.02
202615;TRANSFER;106;COMPLETED;6;152071248.19
202615;TRANSFER;107;COMPLETED;15;215761.35
202615;TRANSFER;107;FAILED;1;750
202615;TRANSFER;110;COMPLETED;6;992385663.04
202615;TRANSFER;132;COMPLETED;2;3353588.69
202615;TRANSFER;134;COMPLETED;7;3298237437
202615;transfer.cbu.received;1;COMPLETED;10;14423605.73
202615;transfer.cbu.received;5;COMPLETED;13;4689543.55
202615;transfer.cbu.received;14;COMPLETED;7;1664260.94
202615;transfer.cbu.received;15;COMPLETED;1;155448.22
202615;transfer.cbu.received;29;COMPLETED;1;1
202615;transfer.cbu.received;31;COMPLETED;7;3668545.64
202615;transfer.cbu.received;42;COMPLETED;1;46574.47
202615;transfer.cbu.received;46;COMPLETED;10;1229900
202615;transfer.cbu.received;54;COMPLETED;6;4069.93
202615;transfer.cbu.received;55;COMPLETED;6;49800
202615;transfer.cbu.received;56;COMPLETED;2;74100
202615;transfer.cbu.received;58;COMPLETED;6;88000
202615;transfer.cbu.received;71;COMPLETED;4;39700
202615;transfer.cbu.received;73;COMPLETED;6;85000
202615;transfer.cbu.received;79;COMPLETED;6;139992.83
202615;transfer.cbu.received;106;COMPLETED;1;30000
202615;transfer.cbu.received;114;COMPLETED;1;1000456
202615;transfer.cbu.received;131;COMPLETED;9;414.49
202615;transfer.cbu.received;134;COMPLETED;14;2645011.71
202615;transfer.cvu.received;1;COMPLETED;57;42594651.62
202615;transfer.cvu.received;3;COMPLETED;1;1
202615;transfer.cvu.received;5;COMPLETED;29448;7100327102.81
202615;transfer.cvu.received;14;COMPLETED;9596;2293076991.75
202615;transfer.cvu.received;15;COMPLETED;4399;577573741.50
202615;transfer.cvu.received;17;COMPLETED;1089;186994766.58
202615;transfer.cvu.received;39;COMPLETED;1801;367622794.32
202615;transfer.cvu.received;42;COMPLETED;489;90371932.23
202615;transfer.cvu.received;43;COMPLETED;1076;259976137.82
202615;transfer.cvu.received;44;COMPLETED;122;1728368.62
202615;transfer.cvu.received;46;COMPLETED;19214;2742852669.11
202615;transfer.cvu.received;47;COMPLETED;86;13159111
202615;transfer.cvu.received;48;COMPLETED;199;28690866.74
202615;transfer.cvu.received;51;COMPLETED;68;1908600
202615;transfer.cvu.received;55;COMPLETED;37883;1708950764.13
202615;transfer.cvu.received;56;COMPLETED;1331;209292610.44
202615;transfer.cvu.received;57;COMPLETED;23;11134382.68
202615;transfer.cvu.received;58;COMPLETED;9931;270925657.34
202615;transfer.cvu.received;60;COMPLETED;2;27120
202615;transfer.cvu.received;63;COMPLETED;21;2297324.27
202615;transfer.cvu.received;66;COMPLETED;80;11392652.11
202615;transfer.cvu.received;67;COMPLETED;9;4584853
202615;transfer.cvu.received;71;COMPLETED;6774;186561102.67
202615;transfer.cvu.received;72;COMPLETED;1976;30945479.94
202615;transfer.cvu.received;73;COMPLETED;5973;815081421.70
202615;transfer.cvu.received;74;COMPLETED;644;110611119.96
202615;transfer.cvu.received;75;COMPLETED;2;403000
202615;transfer.cvu.received;77;COMPLETED;1117;24961192
202615;transfer.cvu.received;78;COMPLETED;1497;121846336.88
202615;transfer.cvu.received;79;COMPLETED;4327;116274510.97
202615;transfer.cvu.received;80;COMPLETED;81;9396247.41
202615;transfer.cvu.received;81;COMPLETED;59;14091924.70
202615;transfer.cvu.received;84;COMPLETED;191;4340172.86
202615;transfer.cvu.received;85;COMPLETED;91;6874035
202615;transfer.cvu.received;89;COMPLETED;36;8206394
202615;transfer.cvu.received;90;COMPLETED;5;324158
202615;transfer.cvu.received;93;COMPLETED;9;312817.67
202615;transfer.cvu.received;95;COMPLETED;8;203530.02
202615;transfer.cvu.received;96;COMPLETED;5;138400
202615;transfer.cvu.received;103;COMPLETED;1;80000
202615;transfer.cvu.received;106;COMPLETED;6281;384723667.99
202615;transfer.cvu.received;107;COMPLETED;21;357750
202615;transfer.cvu.received;132;COMPLETED;57;6110248
202616;NULL;55;FAILED;2;1892063.17
202616;NULL;58;FAILED;14;1420700
202616;NULL;71;FAILED;14;624050
202616;NULL;72;FAILED;2;50000
202616;NULL;132;FAILED;1;1
202616;TRANSFER;1;COMPLETED;25;655769175.90
202616;TRANSFER;1;FAILED;14;28
202616;TRANSFER;3;COMPLETED;22;44
202616;TRANSFER;3;FAILED;2;2
202616;TRANSFER;19;COMPLETED;27;11462382595.04
202616;TRANSFER;19;FAILED;12;6000000000
202616;TRANSFER;20;COMPLETED;218;8975915351.90
202616;TRANSFER;20;FAILED;5;60997.27
202616;TRANSFER;25;COMPLETED;6;1682270735.57
202616;TRANSFER;27;COMPLETED;5;491959503.77
202616;TRANSFER;28;COMPLETED;2;425723.84
202616;TRANSFER;29;COMPLETED;1;24188212.57
202616;TRANSFER;30;COMPLETED;5;145703802.96
202616;TRANSFER;31;COMPLETED;68;31028212423.63
202616;TRANSFER;31;FAILED;3;1500000000
202616;TRANSFER;34;COMPLETED;2;108799920.61
202616;TRANSFER;35;COMPLETED;30;32337329.61
202616;TRANSFER;36;COMPLETED;2;42834545.52
202616;TRANSFER;38;COMPLETED;5;72871371.45
202616;TRANSFER;38;FAILED;1;23395655.75
202616;TRANSFER;39;COMPLETED;3;49195744.13
202616;TRANSFER;40;COMPLETED;2865;18277707537.86
202616;TRANSFER;40;FAILED;40;89153309.82
202616;TRANSFER;41;COMPLETED;44;23214237.10
202616;TRANSFER;41;FAILED;1;203918.77
202616;TRANSFER;42;COMPLETED;3;15275488.25
202616;TRANSFER;43;COMPLETED;5;271701780.92
202616;TRANSFER;44;COMPLETED;5;2491002.87
202616;TRANSFER;46;COMPLETED;6;1355375711.18
202616;TRANSFER;47;COMPLETED;5;3413226.28
202616;TRANSFER;48;COMPLETED;5;26364564.44
202616;TRANSFER;50;COMPLETED;5;2861024.58
202616;TRANSFER;51;COMPLETED;5;1964343.40
202616;TRANSFER;52;COMPLETED;2;554778000.13
202616;TRANSFER;54;COMPLETED;1;1
202616;TRANSFER;55;COMPLETED;295;1087705262.16
202616;TRANSFER;55;FAILED;19;127583060.31
202616;TRANSFER;56;COMPLETED;5;186789941.22
202616;TRANSFER;57;COMPLETED;2;6791874.61
202616;TRANSFER;58;COMPLETED;4882;264489373.49
202616;TRANSFER;58;FAILED;127;7888197
202616;TRANSFER;61;COMPLETED;23;291474858.58
202616;TRANSFER;64;COMPLETED;5;1613552.05
202616;TRANSFER;66;COMPLETED;4;4014333.30
202616;TRANSFER;67;COMPLETED;4;2965383.45
202616;TRANSFER;71;COMPLETED;2938;189522364.87
202616;TRANSFER;71;FAILED;75;3958834
202616;TRANSFER;72;COMPLETED;790;36068181.78
202616;TRANSFER;72;FAILED;26;1297639.39
202616;TRANSFER;73;COMPLETED;8;4198405.42
202616;TRANSFER;73;FAILED;1;83095.86
202616;TRANSFER;74;COMPLETED;5;129436100.80
202616;TRANSFER;75;COMPLETED;1;109534.15
202616;TRANSFER;76;COMPLETED;1;12.95
202616;TRANSFER;77;COMPLETED;5;24422137.37
202616;TRANSFER;78;COMPLETED;5;75643151.80
202616;TRANSFER;79;COMPLETED;5;110689464
202616;TRANSFER;80;COMPLETED;5;21178667.16
202616;TRANSFER;81;COMPLETED;14;16973451.20
202616;TRANSFER;81;FAILED;1;1655453.76
202616;TRANSFER;82;COMPLETED;1;9.96
202616;TRANSFER;84;COMPLETED;5;1932225.87
202616;TRANSFER;85;COMPLETED;5;6098374.26
202616;TRANSFER;87;COMPLETED;5;360700000
202616;TRANSFER;88;COMPLETED;5;37784865.13
202616;TRANSFER;90;COMPLETED;1;134749.80
202616;TRANSFER;91;COMPLETED;2;113035.28
202616;TRANSFER;92;COMPLETED;1;16
202616;TRANSFER;93;COMPLETED;8;425295.16
202616;TRANSFER;94;COMPLETED;2;31032.71
202616;TRANSFER;95;COMPLETED;2;203168.61
202616;TRANSFER;96;COMPLETED;8;283181419.33
202616;TRANSFER;101;COMPLETED;5;58944629.69
202616;TRANSFER;101;FAILED;1;18016634.89
202616;TRANSFER;103;COMPLETED;2;156050.15
202616;TRANSFER;104;COMPLETED;5;502607087.71
202616;TRANSFER;104;FAILED;1;91139895.56
202616;TRANSFER;106;COMPLETED;5;623500234.90
202616;TRANSFER;107;COMPLETED;18;204200
202616;TRANSFER;110;COMPLETED;5;1171294335.45
202616;TRANSFER;111;COMPLETED;1;898052.77
202616;TRANSFER;114;COMPLETED;2;350000001
202616;TRANSFER;126;COMPLETED;1;362854.32
202616;TRANSFER;130;COMPLETED;1;283195.57
202616;TRANSFER;132;COMPLETED;6;9684171.65
202616;TRANSFER;133;COMPLETED;2;47893696.87
202616;TRANSFER;134;COMPLETED;3;1931459
202616;transfer.cbu.received;1;COMPLETED;10;10981996.30
202616;transfer.cbu.received;5;COMPLETED;3;592951
202616;transfer.cbu.received;14;COMPLETED;5;1488524.37
202616;transfer.cbu.received;15;COMPLETED;2;135000
202616;transfer.cbu.received;17;COMPLETED;3;581506.63
202616;transfer.cbu.received;20;COMPLETED;1;2193000
202616;transfer.cbu.received;31;COMPLETED;7;85838915.52
202616;transfer.cbu.received;46;COMPLETED;3;418250
202616;transfer.cbu.received;54;COMPLETED;9;319.55
202616;transfer.cbu.received;55;COMPLETED;1;32237.92
202616;transfer.cbu.received;58;COMPLETED;2;12000
202616;transfer.cbu.received;71;COMPLETED;1;2000
202616;transfer.cbu.received;74;COMPLETED;1;158513.88
202616;transfer.cbu.received;79;COMPLETED;1;14085.42
202616;transfer.cbu.received;106;COMPLETED;3;240000
202616;transfer.cbu.received;131;COMPLETED;1;1.01
202616;transfer.cbu.received;134;COMPLETED;24;13918212.93
202616;transfer.cvu.received;1;COMPLETED;35;28687034.38
202616;transfer.cvu.received;3;COMPLETED;8;70.10
202616;transfer.cvu.received;5;COMPLETED;11689;2731222408.17
202616;transfer.cvu.received;14;COMPLETED;4251;868525322.39
202616;transfer.cvu.received;15;COMPLETED;2966;363562991.78
202616;transfer.cvu.received;16;COMPLETED;2;429885.13
202616;transfer.cvu.received;17;COMPLETED;589;91196218.61
202616;transfer.cvu.received;39;COMPLETED;713;123179426.50
202616;transfer.cvu.received;42;COMPLETED;211;29685763.97
202616;transfer.cvu.received;43;COMPLETED;1199;272853047.35
202616;transfer.cvu.received;44;COMPLETED;185;2435823.43
202616;transfer.cvu.received;46;COMPLETED;6903;796964134.39
202616;transfer.cvu.received;47;COMPLETED;62;6576001
202616;transfer.cvu.received;48;COMPLETED;151;25929480.57
202616;transfer.cvu.received;51;COMPLETED;113;1707300
202616;transfer.cvu.received;55;COMPLETED;13390;1168326275.13
202616;transfer.cvu.received;56;COMPLETED;840;118340465.99
202616;transfer.cvu.received;57;COMPLETED;1;729872.87
202616;transfer.cvu.received;58;COMPLETED;9802;259722262.25
202616;transfer.cvu.received;63;COMPLETED;21;1477328.06
202616;transfer.cvu.received;66;COMPLETED;9;1460459.19
202616;transfer.cvu.received;67;COMPLETED;9;1523595
202616;transfer.cvu.received;71;COMPLETED;6826;169943335.51
202616;transfer.cvu.received;72;COMPLETED;1899;30764053.09
202616;transfer.cvu.received;73;COMPLETED;5629;868634890.29
202616;transfer.cvu.received;74;COMPLETED;504;80428568.80
202616;transfer.cvu.received;75;COMPLETED;2;284400
202616;transfer.cvu.received;76;COMPLETED;1;13
202616;transfer.cvu.received;77;COMPLETED;1064;27201450.01
202616;transfer.cvu.received;78;COMPLETED;593;43547864.17
202616;transfer.cvu.received;79;COMPLETED;3874;103971178.17
202616;transfer.cvu.received;80;COMPLETED;174;20471114
202616;transfer.cvu.received;81;COMPLETED;61;14567434.24
202616;transfer.cvu.received;82;COMPLETED;1;10
202616;transfer.cvu.received;84;COMPLETED;24;539344.59
202616;transfer.cvu.received;85;COMPLETED;100;6017314
202616;transfer.cvu.received;89;COMPLETED;85;6727852
202616;transfer.cvu.received;91;COMPLETED;7;200423.30
202616;transfer.cvu.received;92;COMPLETED;1;40
202616;transfer.cvu.received;93;COMPLETED;8;409220.90
202616;transfer.cvu.received;96;COMPLETED;4;14820
202616;transfer.cvu.received;103;COMPLETED;1;77000
202616;transfer.cvu.received;106;COMPLETED;5576;441998497.55
202616;transfer.cvu.received;107;COMPLETED;7;123000
202616;transfer.cvu.received;132;COMPLETED;70;8186120
202617;NULL;58;FAILED;1;1000
202617;TRANSFER;1;COMPLETED;14;47554237.33
202617;TRANSFER;3;COMPLETED;4;8
202617;TRANSFER;19;COMPLETED;9;2491728986.84
202617;TRANSFER;20;COMPLETED;197;6253296946.43
202617;TRANSFER;20;FAILED;2;77967.89
202617;TRANSFER;24;COMPLETED;1;18
202617;TRANSFER;25;COMPLETED;5;638148177.68
202617;TRANSFER;25;FAILED;1;102268245.35
202617;TRANSFER;27;COMPLETED;5;254684834.23
202617;TRANSFER;28;COMPLETED;4;1655372.10
202617;TRANSFER;29;COMPLETED;3;450354.04
202617;TRANSFER;30;COMPLETED;5;62002600.85
202617;TRANSFER;30;FAILED;1;12800285.12
202617;TRANSFER;31;COMPLETED;46;19358823973.64
202617;TRANSFER;31;FAILED;7;2992732355.99
202617;TRANSFER;38;COMPLETED;5;66257209.43
202617;TRANSFER;38;FAILED;2;27363402.55
202617;TRANSFER;39;COMPLETED;5;104620478.32
202617;TRANSFER;40;COMPLETED;1944;10954461332.49
202617;TRANSFER;40;FAILED;15;10738260.60
202617;TRANSFER;41;COMPLETED;58;52986856.90
202617;TRANSFER;42;COMPLETED;5;19265684.74
202617;TRANSFER;42;FAILED;1;3865706.68
202617;TRANSFER;43;COMPLETED;5;292927204.40
202617;TRANSFER;44;COMPLETED;5;2741590.20
202617;TRANSFER;46;COMPLETED;6;724550535.34
202617;TRANSFER;47;COMPLETED;4;4928004.10
202617;TRANSFER;48;COMPLETED;5;30845410.20
202617;TRANSFER;50;COMPLETED;5;3652829.98
202617;TRANSFER;51;COMPLETED;5;967610.33
202617;TRANSFER;52;COMPLETED;1;4213603.55
202617;TRANSFER;55;COMPLETED;318;1429725956.28
202617;TRANSFER;55;FAILED;14;41428081.97
202617;TRANSFER;56;COMPLETED;5;88381331.02
202617;TRANSFER;58;COMPLETED;4914;255458226.37
202617;TRANSFER;58;FAILED;25;1047400
202617;TRANSFER;60;COMPLETED;1;9007.18
202617;TRANSFER;61;COMPLETED;27;495351051.30
202617;TRANSFER;61;FAILED;1;99.09
202617;TRANSFER;64;COMPLETED;5;1301793.50
202617;TRANSFER;66;COMPLETED;5;2561393.75
202617;TRANSFER;67;COMPLETED;1;302662.33
202617;TRANSFER;71;COMPLETED;2660;160068479.18
202617;TRANSFER;71;FAILED;23;971760
202617;TRANSFER;72;COMPLETED;726;31164545.53
202617;TRANSFER;72;FAILED;5;89000
202617;TRANSFER;73;COMPLETED;9;1092706.75
202617;TRANSFER;74;COMPLETED;5;56104355.74
202617;TRANSFER;74;FAILED;1;11357738.85
202617;TRANSFER;75;COMPLETED;1;325615.16
202617;TRANSFER;77;COMPLETED;5;26104282.32
202617;TRANSFER;78;COMPLETED;5;29821446.15
202617;TRANSFER;79;COMPLETED;5;106995822.88
202617;TRANSFER;80;COMPLETED;5;12895940.67
202617;TRANSFER;81;COMPLETED;48;37405270.89
202617;TRANSFER;81;FAILED;1;6027794.60
202617;TRANSFER;84;COMPLETED;4;213954.65
202617;TRANSFER;85;COMPLETED;5;6142040.47
202617;TRANSFER;87;COMPLETED;4;365900000
202617;TRANSFER;88;COMPLETED;5;32235861.02
202617;TRANSFER;91;COMPLETED;3;581460.75
202617;TRANSFER;93;COMPLETED;9;776110.71
202617;TRANSFER;94;COMPLETED;3;79551.85
202617;TRANSFER;95;COMPLETED;1;6833093.98
202617;TRANSFER;96;COMPLETED;6;230637287.18
202617;TRANSFER;103;COMPLETED;1;73472.78
202617;TRANSFER;104;COMPLETED;5;466142237.06
202617;TRANSFER;104;FAILED;2;224321629.84
202617;TRANSFER;106;COMPLETED;5;171692574.92
202617;TRANSFER;107;COMPLETED;14;206439.60
202617;TRANSFER;109;COMPLETED;1;99.03
202617;TRANSFER;110;COMPLETED;5;258330231.13
202617;TRANSFER;126;COMPLETED;2;2681133.13
202617;TRANSFER;127;COMPLETED;1;82203.80
202617;TRANSFER;132;COMPLETED;5;9041506.28
202617;TRANSFER;133;COMPLETED;4;78842737.60
202617;TRANSFER;137;COMPLETED;5;15000110.91
202617;TRANSFER;137;FAILED;2;30000000
202617;transfer.cbu.received;1;COMPLETED;10;10874298.56
202617;transfer.cbu.received;5;COMPLETED;3;1176197.94
202617;transfer.cbu.received;14;COMPLETED;1;212283.23
202617;transfer.cbu.received;31;COMPLETED;5;1128659.59
202617;transfer.cbu.received;43;COMPLETED;1;80000
202617;transfer.cbu.received;46;COMPLETED;1;45000
202617;transfer.cbu.received;55;COMPLETED;2;481320
202617;transfer.cbu.received;58;COMPLETED;1;7000
202617;transfer.cbu.received;71;COMPLETED;2;12500
202617;transfer.cbu.received;73;COMPLETED;1;5200
202617;transfer.cbu.received;79;COMPLETED;1;42352
202617;transfer.cbu.received;134;COMPLETED;45;53627466.96
202617;transfer.cvu.received;1;COMPLETED;47;34909827.13
202617;transfer.cvu.received;3;COMPLETED;1;2
202617;transfer.cvu.received;5;COMPLETED;7337;1916332727.74
202617;transfer.cvu.received;14;COMPLETED;2792;565722807.07
202617;transfer.cvu.received;15;COMPLETED;1968;221605872.62
202617;transfer.cvu.received;16;COMPLETED;9;1961568.36
202617;transfer.cvu.received;17;COMPLETED;338;49302353.78
202617;transfer.cvu.received;39;COMPLETED;495;90298702.60
202617;transfer.cvu.received;42;COMPLETED;154;19808099.24
202617;transfer.cvu.received;43;COMPLETED;1145;276623704.49
202617;transfer.cvu.received;44;COMPLETED;206;2758328.79
202617;transfer.cvu.received;46;COMPLETED;5423;590644395.45
202617;transfer.cvu.received;47;COMPLETED;35;2542250
202617;transfer.cvu.received;48;COMPLETED;157;32286759.83
202617;transfer.cvu.received;51;COMPLETED;67;921000
202617;transfer.cvu.received;55;COMPLETED;14155;1179971340.16
202617;transfer.cvu.received;56;COMPLETED;520;73437240.58
202617;transfer.cvu.received;58;COMPLETED;10270;269489860.06
202617;transfer.cvu.received;63;COMPLETED;15;1179817.84
202617;transfer.cvu.received;66;COMPLETED;12;2487151.43
202617;transfer.cvu.received;67;COMPLETED;2;303765
202617;transfer.cvu.received;71;COMPLETED;6543;184295102.64
202617;transfer.cvu.received;72;COMPLETED;1724;44073298.73
202617;transfer.cvu.received;73;COMPLETED;5597;777135624.77
202617;transfer.cvu.received;74;COMPLETED;318;54989722.77
202617;transfer.cvu.received;75;COMPLETED;1;327000
202617;transfer.cvu.received;77;COMPLETED;854;27120706.14
202617;transfer.cvu.received;78;COMPLETED;383;29833288.92
202617;transfer.cvu.received;79;COMPLETED;4021;125426324.85
202617;transfer.cvu.received;80;COMPLETED;118;13398831
202617;transfer.cvu.received;81;COMPLETED;326;86238549.15
202617;transfer.cvu.received;84;COMPLETED;5;113010.40
202617;transfer.cvu.received;85;COMPLETED;103;5413666
202617;transfer.cvu.received;88;COMPLETED;2;10
202617;transfer.cvu.received;89;COMPLETED;106;6629510
202617;transfer.cvu.received;91;COMPLETED;7;498300
202617;transfer.cvu.received;93;COMPLETED;10;402618.05
202617;transfer.cvu.received;95;COMPLETED;101;17449337.42
202617;transfer.cvu.received;96;COMPLETED;2;14005
202617;transfer.cvu.received;103;COMPLETED;1;73920
202617;transfer.cvu.received;106;COMPLETED;1909;132863194.69
202617;transfer.cvu.received;107;COMPLETED;13;221000
202617;transfer.cvu.received;132;COMPLETED;96;12453080
202618;TRANSFER;1;COMPLETED;60;31505534.01
202618;TRANSFER;1;FAILED;1;44.49
202618;TRANSFER;3;COMPLETED;8;16
202618;TRANSFER;5;COMPLETED;42;1130945145.11
202618;TRANSFER;19;COMPLETED;9;2563160710.09
202618;TRANSFER;20;COMPLETED;124;3470733543.28
202618;TRANSFER;25;COMPLETED;4;360615412.85
202618;TRANSFER;27;COMPLETED;4;167628952.10
202618;TRANSFER;28;COMPLETED;5;1310705.33
202618;TRANSFER;29;COMPLETED;3;1880317.25
202618;TRANSFER;30;COMPLETED;4;31685475.07
202618;TRANSFER;31;COMPLETED;26;11078738961.54
202618;TRANSFER;31;FAILED;2;921945357.31
202618;TRANSFER;38;COMPLETED;4;63892725.38
202618;TRANSFER;39;COMPLETED;4;75172720.72
202618;TRANSFER;40;COMPLETED;1246;6696864283.09
202618;TRANSFER;40;FAILED;1;14053742.80
202618;TRANSFER;41;COMPLETED;55;44516500.52
202618;TRANSFER;42;COMPLETED;4;17073102.08
202618;TRANSFER;43;COMPLETED;4;191339861.37
202618;TRANSFER;44;COMPLETED;4;1748297.33
202618;TRANSFER;46;COMPLETED;4;160908599.46
202618;TRANSFER;47;COMPLETED;3;2560266.11
202618;TRANSFER;48;COMPLETED;4;34213106.18
202618;TRANSFER;50;COMPLETED;4;3128123.79
202618;TRANSFER;51;COMPLETED;4;286754.57
202618;TRANSFER;52;COMPLETED;1;668559.91
202618;TRANSFER;55;COMPLETED;244;761698209.04
202618;TRANSFER;55;FAILED;1;492200.49
202618;TRANSFER;56;COMPLETED;4;52860890.56
202618;TRANSFER;58;COMPLETED;4910;268407067.56
202618;TRANSFER;58;FAILED;24;1569415
202618;TRANSFER;60;COMPLETED;1;9066.97
202618;TRANSFER;61;COMPLETED;17;483659461.07
202618;TRANSFER;64;COMPLETED;4;1169751.03
202618;TRANSFER;66;COMPLETED;4;1898774.51
202618;TRANSFER;71;COMPLETED;2455;141946376.50
202618;TRANSFER;71;FAILED;17;625301.08
202618;TRANSFER;72;COMPLETED;696;25116838.73
202618;TRANSFER;72;FAILED;2;10500
202618;TRANSFER;73;COMPLETED;11;56406729.82
202618;TRANSFER;74;COMPLETED;4;29965227.03
202618;TRANSFER;77;COMPLETED;4;23274320.07
202618;TRANSFER;78;COMPLETED;4;30177669.30
202618;TRANSFER;79;COMPLETED;4;112255394.02
202618;TRANSFER;80;COMPLETED;4;24888383.75
202618;TRANSFER;81;COMPLETED;77;99379814.94
202618;TRANSFER;81;FAILED;2;296135.08
202618;TRANSFER;82;COMPLETED;1;2.99
202618;TRANSFER;84;COMPLETED;3;104072.38
202618;TRANSFER;85;COMPLETED;4;2379198.23
202618;TRANSFER;87;COMPLETED;4;476700000
202618;TRANSFER;88;COMPLETED;5;30534129.39
202618;TRANSFER;89;COMPLETED;3;284400
202618;TRANSFER;89;FAILED;2;300000
202618;TRANSFER;89;IN_PROGRESS;1;1000
202618;TRANSFER;91;COMPLETED;2;224533.31
202618;TRANSFER;93;COMPLETED;6;381797.23
202618;TRANSFER;94;COMPLETED;1;1428779.18
202618;TRANSFER;95;COMPLETED;4;24184079.79
202618;TRANSFER;96;COMPLETED;6;189253004.85
202618;TRANSFER;104;COMPLETED;4;315213984.55
202618;TRANSFER;106;COMPLETED;4;17889598.38
202618;TRANSFER;107;COMPLETED;18;358885.17
202618;TRANSFER;109;COMPLETED;1;99.03
202618;TRANSFER;110;COMPLETED;4;280385995.47
202618;TRANSFER;114;COMPLETED;1;1710288
202618;TRANSFER;132;COMPLETED;4;10822066.45
202618;TRANSFER;135;COMPLETED;2;24.85
202618;TRANSFER;137;COMPLETED;2;10000183.21
202618;TRANSFER;140;COMPLETED;3;19.68
202618;transfer.cbu.received;1;COMPLETED;9;9019089.97
202618;transfer.cbu.received;31;COMPLETED;4;13237651.98
202618;transfer.cbu.received;55;COMPLETED;3;84402
202618;transfer.cbu.received;58;COMPLETED;3;16250
202618;transfer.cbu.received;73;COMPLETED;1;9000
202618;transfer.cbu.received;114;COMPLETED;1;50000456
202618;transfer.cbu.received;134;COMPLETED;12;9769177.46
202618;transfer.cvu.received;1;COMPLETED;18;11571576.75
202618;transfer.cvu.received;3;COMPLETED;2;4
202618;transfer.cvu.received;5;COMPLETED;11995;3030742301.78
202618;transfer.cvu.received;14;COMPLETED;3044;696751080.14
202618;transfer.cvu.received;15;COMPLETED;2785;357757993.62
202618;transfer.cvu.received;16;COMPLETED;11;3485333.62
202618;transfer.cvu.received;17;COMPLETED;346;66477795.23
202618;transfer.cvu.received;39;COMPLETED;879;199634791.30
202618;transfer.cvu.received;42;COMPLETED;133;18162834.76
202618;transfer.cvu.received;43;COMPLETED;1095;238101635.33
202618;transfer.cvu.received;44;COMPLETED;149;2291863.37
202618;transfer.cvu.received;46;COMPLETED;2327;233604184.05
202618;transfer.cvu.received;47;COMPLETED;43;3134600
202618;transfer.cvu.received;48;COMPLETED;217;44971967.47
202618;transfer.cvu.received;51;COMPLETED;40;496000
202618;transfer.cvu.received;55;COMPLETED;12689;921036706.35
202618;transfer.cvu.received;55;DATA_ERROR;1;20000
202618;transfer.cvu.received;56;COMPLETED;529;87577507.19
202618;transfer.cvu.received;58;COMPLETED;10413;264999408.10
202618;transfer.cvu.received;60;COMPLETED;1;9100
202618;transfer.cvu.received;63;COMPLETED;30;2553705.31
202618;transfer.cvu.received;66;COMPLETED;17;2813179.10
202618;transfer.cvu.received;71;COMPLETED;6335;118066400.50
202618;transfer.cvu.received;72;COMPLETED;1884;23965658.47
202618;transfer.cvu.received;73;COMPLETED;6295;878426780.90
202618;transfer.cvu.received;74;COMPLETED;198;35663251.10
202618;transfer.cvu.received;75;COMPLETED;18;3046500
202618;transfer.cvu.received;77;COMPLETED;824;22047980
202618;transfer.cvu.received;78;COMPLETED;463;39223407.28
202618;transfer.cvu.received;79;COMPLETED;3456;101479110.40
202618;transfer.cvu.received;80;COMPLETED;271;39433540.59
202618;transfer.cvu.received;81;COMPLETED;810;106795330.50
202618;transfer.cvu.received;82;COMPLETED;1;3
202618;transfer.cvu.received;84;COMPLETED;46;1029454.13
202618;transfer.cvu.received;85;COMPLETED;61;3390989.47
202618;transfer.cvu.received;89;COMPLETED;114;15563042
202618;transfer.cvu.received;91;COMPLETED;7;760230
202618;transfer.cvu.received;93;COMPLETED;18;302643.45
202618;transfer.cvu.received;95;COMPLETED;205;40016332.09
202618;transfer.cvu.received;96;COMPLETED;4;68865
202618;transfer.cvu.received;106;COMPLETED;482;13974623
202618;transfer.cvu.received;107;COMPLETED;21;422000
202618;transfer.cvu.received;132;COMPLETED;74;9019150
202618;transfer.cvu.received;135;COMPLETED;2;25
202618;transfer.cvu.received;136;COMPLETED;2;20
202618;transfer.cvu.received;140;COMPLETED;2;20
202619;TRANSFER;1;COMPLETED;4;22344978.13
202619;TRANSFER;1;FAILED;2;19391719.70
202619;TRANSFER;3;COMPLETED;10;20
202619;TRANSFER;5;COMPLETED;310;13719778025.35
202619;TRANSFER;5;FAILED;3;6772488.97
202619;TRANSFER;7;COMPLETED;1;0.51
202619;TRANSFER;14;COMPLETED;6;1244325527.93
202619;TRANSFER;19;COMPLETED;12;4389687432.18
202619;TRANSFER;25;COMPLETED;1;231511801.14
202619;TRANSFER;27;COMPLETED;7;558325299.13
202619;TRANSFER;28;COMPLETED;140;34935830.69
202619;TRANSFER;28;FAILED;4;909133.92
202619;TRANSFER;29;COMPLETED;2;8508422
202619;TRANSFER;30;COMPLETED;7;156946847.26
202619;TRANSFER;31;COMPLETED;95;44517737572.20
202619;TRANSFER;38;COMPLETED;6;80383573.72
202619;TRANSFER;39;COMPLETED;8;482516651.09
202619;TRANSFER;40;COMPLETED;1992;19957695032.68
202619;TRANSFER;40;FAILED;78;23013354.60
202619;TRANSFER;41;COMPLETED;73;77868478.20
202619;TRANSFER;42;COMPLETED;6;55237682.98
202619;TRANSFER;43;COMPLETED;6;284189170.39
202619;TRANSFER;44;COMPLETED;6;3241313.21
202619;TRANSFER;46;COMPLETED;6;1776873931.91
202619;TRANSFER;47;COMPLETED;4;5392706.99
202619;TRANSFER;48;COMPLETED;6;55876374.91
202619;TRANSFER;50;COMPLETED;5;5226760.40
202619;TRANSFER;51;COMPLETED;6;1549901.20
202619;TRANSFER;54;FAILED;1;101
202619;TRANSFER;55;COMPLETED;314;1012945816.60
202619;TRANSFER;55;FAILED;2;491604.85
202619;TRANSFER;56;COMPLETED;6;192134769.23
202619;TRANSFER;57;COMPLETED;5;5151275.62
202619;TRANSFER;58;COMPLETED;5282;359618806.82
202619;TRANSFER;58;FAILED;54;3278999
202619;TRANSFER;60;COMPLETED;1;2272.67
202619;TRANSFER;61;COMPLETED;23;834564866.12
202619;TRANSFER;64;COMPLETED;6;2784868.81
202619;TRANSFER;66;COMPLETED;6;19101940.23
202619;TRANSFER;67;COMPLETED;4;7946738.69
202619;TRANSFER;71;COMPLETED;2951;218386296.89
202619;TRANSFER;71;FAILED;51;4112116
202619;TRANSFER;72;COMPLETED;713;38906307.21
202619;TRANSFER;72;FAILED;10;446157
202619;TRANSFER;73;COMPLETED;22;135542614.05
202619;TRANSFER;74;COMPLETED;6;70778266.74
202619;TRANSFER;75;COMPLETED;6;36322325.74
202619;TRANSFER;76;COMPLETED;2;318.83
202619;TRANSFER;77;COMPLETED;6;34187437.45
202619;TRANSFER;78;COMPLETED;6;107809585.58
202619;TRANSFER;79;COMPLETED;6;108723335.29
202619;TRANSFER;80;COMPLETED;6;51449812.32
202619;TRANSFER;81;COMPLETED;108;107354812.46
202619;TRANSFER;81;FAILED;5;1046507.66
202619;TRANSFER;84;COMPLETED;6;5907642.60
202619;TRANSFER;85;COMPLETED;6;7048647.10
202619;TRANSFER;87;COMPLETED;5;719400000
202619;TRANSFER;88;COMPLETED;5;39591608.52
202619;TRANSFER;89;COMPLETED;2;508913.29
202619;TRANSFER;89;FAILED;1;100000
202619;TRANSFER;90;COMPLETED;3;189408.21
202619;TRANSFER;91;COMPLETED;6;2120880.03
202619;TRANSFER;92;COMPLETED;2;281.23
202619;TRANSFER;93;COMPLETED;11;624572.53
202619;TRANSFER;94;COMPLETED;2;115184.93
202619;TRANSFER;95;COMPLETED;5;64919424.05
202619;TRANSFER;96;COMPLETED;7;285617466.27
202619;TRANSFER;103;COMPLETED;3;210126.57
202619;TRANSFER;104;COMPLETED;5;656252447.06
202619;TRANSFER;106;COMPLETED;6;25445317.89
202619;TRANSFER;107;COMPLETED;15;380521.61
202619;TRANSFER;109;COMPLETED;2;146.22
202619;TRANSFER;110;COMPLETED;16;7119591165.79
202619;TRANSFER;114;COMPLETED;2;500000000
202619;TRANSFER;132;COMPLETED;6;18745031.89
202619;TRANSFER;133;COMPLETED;1;21586883.73
202619;TRANSFER;134;COMPLETED;12;5629074.21
202619;TRANSFER;136;COMPLETED;1;19.88
202619;TRANSFER;137;COMPLETED;1;7000000
202619;TRANSFER;139;COMPLETED;1;9.94
202619;TRANSFER;140;COMPLETED;4;682900.25
202619;TRANSFER;141;COMPLETED;4;263270.52
202619;transfer.cbu.received;1;COMPLETED;10;12838773.30
202619;transfer.cbu.received;5;COMPLETED;14;4151220.27
202619;transfer.cbu.received;14;COMPLETED;8;2273958.98
202619;transfer.cbu.received;15;COMPLETED;2;258793.37
202619;transfer.cbu.received;17;COMPLETED;1;590000
202619;transfer.cbu.received;31;COMPLETED;6;4458466.89
202619;transfer.cbu.received;44;COMPLETED;1;8849.95
202619;transfer.cbu.received;46;COMPLETED;10;1269273
202619;transfer.cbu.received;55;COMPLETED;12;255483.30
202619;transfer.cbu.received;56;COMPLETED;1;36549.15
202619;transfer.cbu.received;58;COMPLETED;11;128127
202619;transfer.cbu.received;71;COMPLETED;7;173900
202619;transfer.cbu.received;72;COMPLETED;2;20000
202619;transfer.cbu.received;73;COMPLETED;5;589899.50
202619;transfer.cbu.received;79;COMPLETED;4;168125.60
202619;transfer.cbu.received;80;COMPLETED;1;78000
202619;transfer.cbu.received;106;COMPLETED;1;420000
202619;transfer.cbu.received;131;COMPLETED;1;100
202619;transfer.cbu.received;134;COMPLETED;9;5013582.16
202619;transfer.cvu.received;1;COMPLETED;15;9814885.75
202619;transfer.cvu.received;3;COMPLETED;4;8
202619;transfer.cvu.received;5;COMPLETED;25338;6735759893.92
202619;transfer.cvu.received;14;COMPLETED;7355;1787132498.83
202619;transfer.cvu.received;15;COMPLETED;3680;508179435.05
202619;transfer.cvu.received;16;COMPLETED;225;50235847.56
202619;transfer.cvu.received;17;COMPLETED;893;158426772.77
202619;transfer.cvu.received;39;COMPLETED;2007;448675302.72
202619;transfer.cvu.received;42;COMPLETED;363;68160076.05
202619;transfer.cvu.received;43;COMPLETED;999;256187555.70
202619;transfer.cvu.received;44;COMPLETED;206;2547167.81
202619;transfer.cvu.received;46;COMPLETED;19473;2446024171.40
202619;transfer.cvu.received;47;COMPLETED;40;4450900
202619;transfer.cvu.received;48;COMPLETED;244;47028462.15
202619;transfer.cvu.received;51;COMPLETED;100;2328100
202619;transfer.cvu.received;55;COMPLETED;15728;1096687608.73
202619;transfer.cvu.received;56;COMPLETED;1543;228012260.12
202619;transfer.cvu.received;57;COMPLETED;21;10642990.50
202619;transfer.cvu.received;58;COMPLETED;12200;372301537.13
202619;transfer.cvu.received;63;COMPLETED;23;1915698.77
202619;transfer.cvu.received;66;COMPLETED;138;24640288.45
202619;transfer.cvu.received;67;COMPLETED;59;8072429.29
202619;transfer.cvu.received;71;COMPLETED;7818;223504472.10
202619;transfer.cvu.received;72;COMPLETED;2121;33573244.61
202619;transfer.cvu.received;73;COMPLETED;6806;1062837135.88
202619;transfer.cvu.received;74;COMPLETED;548;87827879.35
202619;transfer.cvu.received;75;COMPLETED;214;40017807
202619;transfer.cvu.received;76;COMPLETED;2;320
202619;transfer.cvu.received;77;COMPLETED;1221;32341031.06
202619;transfer.cvu.received;78;COMPLETED;1308;131156286.66
202619;transfer.cvu.received;79;COMPLETED;3995;108289229.85
202619;transfer.cvu.received;80;COMPLETED;343;43763722.34
202619;transfer.cvu.received;81;COMPLETED;351;113879193.05
202619;transfer.cvu.received;84;COMPLETED;288;6310991.15
202619;transfer.cvu.received;85;COMPLETED;137;8897303.95
202619;transfer.cvu.received;89;COMPLETED;126;26128860
202619;transfer.cvu.received;90;COMPLETED;2;188588
202619;transfer.cvu.received;91;COMPLETED;19;2428551.83
202619;transfer.cvu.received;92;COMPLETED;2;201
202619;transfer.cvu.received;93;COMPLETED;14;214006.56
202619;transfer.cvu.received;95;COMPLETED;464;98428240.77
202619;transfer.cvu.received;96;COMPLETED;9;754880
202619;transfer.cvu.received;103;COMPLETED;5;542000
202619;transfer.cvu.received;106;COMPLETED;21;14763038
202619;transfer.cvu.received;107;COMPLETED;6;127000
202619;transfer.cvu.received;132;COMPLETED;156;22671650
202619;transfer.cvu.received;139;COMPLETED;1;10
202619;transfer.cvu.received;140;COMPLETED;15;831056.95
202619;transfer.cvu.received;141;COMPLETED;5;264873
202620;TRANSFER;1;COMPLETED;2;1024588.14
202620;TRANSFER;3;COMPLETED;8;13.10
202620;TRANSFER;5;COMPLETED;277;10303687761.58
202620;TRANSFER;5;FAILED;1;151060.47
202620;TRANSFER;14;COMPLETED;7;2134200795.39
202620;TRANSFER;19;COMPLETED;5;556219160
202620;TRANSFER;27;COMPLETED;5;579771320.99
202620;TRANSFER;28;COMPLETED;187;50469645.81
202620;TRANSFER;29;COMPLETED;1;12193353.19
202620;TRANSFER;30;COMPLETED;5;164801929.65
202620;TRANSFER;31;COMPLETED;105;48343947833.33
202620;TRANSFER;31;FAILED;3;1272108636.90
202620;TRANSFER;38;COMPLETED;5;75378795.46
202620;TRANSFER;39;COMPLETED;5;237678981.39
202620;TRANSFER;40;COMPLETED;2935;24018246088.91
202620;TRANSFER;40;FAILED;121;708495938.70
202620;TRANSFER;41;COMPLETED;70;55080341.75
202620;TRANSFER;42;COMPLETED;5;73528743.30
202620;TRANSFER;43;COMPLETED;5;246883298.33
202620;TRANSFER;44;COMPLETED;5;2724239.63
202620;TRANSFER;46;COMPLETED;8;1936650253.86
202620;TRANSFER;47;COMPLETED;4;2759707.99
202620;TRANSFER;48;COMPLETED;5;42996711.55
202620;TRANSFER;50;COMPLETED;6;3560402.09
202620;TRANSFER;51;COMPLETED;5;2248911.28
202620;TRANSFER;55;COMPLETED;326;1588441065.78
202620;TRANSFER;55;FAILED;1;58305.49
202620;TRANSFER;56;COMPLETED;5;373360983.79
202620;TRANSFER;57;COMPLETED;3;10514831.94
202620;TRANSFER;58;COMPLETED;4991;263828746.96
202620;TRANSFER;58;FAILED;50;3647480.25
202620;TRANSFER;61;COMPLETED;31;1137391206.05
202620;TRANSFER;64;COMPLETED;5;1572360.03
202620;TRANSFER;66;COMPLETED;5;28220583.51
202620;TRANSFER;67;COMPLETED;1;119664.04
202620;TRANSFER;68;COMPLETED;2;744000000
202620;TRANSFER;71;COMPLETED;3012;201443068.27
202620;TRANSFER;71;FAILED;35;1730215
202620;TRANSFER;72;COMPLETED;718;30880076.06
202620;TRANSFER;72;FAILED;11;171600
202620;TRANSFER;73;COMPLETED;21;29634651.95
202620;TRANSFER;74;COMPLETED;5;107520128.89
202620;TRANSFER;75;COMPLETED;5;20340394.07
202620;TRANSFER;77;COMPLETED;5;37879248.25
202620;TRANSFER;78;COMPLETED;5;113178627.40
202620;TRANSFER;79;COMPLETED;6;120368973.96
202620;TRANSFER;80;COMPLETED;5;66615173.07
202620;TRANSFER;81;COMPLETED;121;188227323.16
202620;TRANSFER;81;FAILED;2;340261.09
202620;TRANSFER;84;COMPLETED;5;3567257.71
202620;TRANSFER;85;COMPLETED;5;7270555.41
202620;TRANSFER;87;COMPLETED;5;664400000
202620;TRANSFER;88;COMPLETED;5;36561121.10
202620;TRANSFER;89;COMPLETED;1;82500
202620;TRANSFER;90;COMPLETED;2;207606.34
202620;TRANSFER;91;COMPLETED;5;3079684.50
202620;TRANSFER;93;COMPLETED;8;284784.57
202620;TRANSFER;94;COMPLETED;3;127797.56
202620;TRANSFER;95;COMPLETED;5;135009269.28
202620;TRANSFER;96;COMPLETED;9;279744159.07
202620;TRANSFER;103;COMPLETED;5;755559.05
202620;TRANSFER;104;COMPLETED;4;443080364.98
202620;TRANSFER;106;COMPLETED;5;23127539.12
202620;TRANSFER;107;COMPLETED;11;317632.14
202620;TRANSFER;109;COMPLETED;3;634.80
202620;TRANSFER;110;COMPLETED;8;2747449293.69
202620;TRANSFER;114;COMPLETED;2;600000000
202620;TRANSFER;132;COMPLETED;5;23052284.30
202620;TRANSFER;134;COMPLETED;1;350000000
202620;TRANSFER;137;COMPLETED;1;9000000
202620;TRANSFER;140;COMPLETED;5;1335844.95
202620;TRANSFER;141;COMPLETED;4;709630.61
202620;transfer.cbu.received;1;COMPLETED;10;11736876.94
202620;transfer.cbu.received;5;COMPLETED;11;3542855.15
202620;transfer.cbu.received;14;COMPLETED;4;696917.42
202620;transfer.cbu.received;15;COMPLETED;6;403933.95
202620;transfer.cbu.received;31;COMPLETED;5;709283.42
202620;transfer.cbu.received;39;COMPLETED;1;151141
202620;transfer.cbu.received;43;COMPLETED;1;133568
202620;transfer.cbu.received;46;COMPLETED;9;1056400
202620;transfer.cbu.received;55;COMPLETED;4;1831000
202620;transfer.cbu.received;56;COMPLETED;1;764999.10
202620;transfer.cbu.received;58;COMPLETED;7;29960
202620;transfer.cbu.received;71;COMPLETED;6;25650
202620;transfer.cbu.received;73;COMPLETED;3;42754
202620;transfer.cbu.received;75;COMPLETED;1;189000
202620;transfer.cbu.received;79;COMPLETED;5;342886.61
202620;transfer.cbu.received;80;COMPLETED;1;119000
202620;transfer.cbu.received;107;COMPLETED;1;38000
202620;transfer.cbu.received;134;COMPLETED;7;1673407.65
202620;transfer.cvu.received;1;COMPLETED;4;3430000
202620;transfer.cvu.received;3;COMPLETED;5;8.74
202620;transfer.cvu.received;5;COMPLETED;10330;2760194252.70
202620;transfer.cvu.received;14;COMPLETED;6850;1581065690.49
202620;transfer.cvu.received;15;COMPLETED;3765;485360550.91
202620;transfer.cvu.received;16;COMPLETED;208;41575919.02
202620;transfer.cvu.received;17;COMPLETED;789;136578649.58
202620;transfer.cvu.received;39;COMPLETED;832;157922268
202620;transfer.cvu.received;42;COMPLETED;392;63928196.24
202620;transfer.cvu.received;43;COMPLETED;1089;244360364.38
202620;transfer.cvu.received;44;COMPLETED;174;2787945.78
202620;transfer.cvu.received;46;COMPLETED;11132;1334266924.22
202620;transfer.cvu.received;47;COMPLETED;40;3451507.95
202620;transfer.cvu.received;48;COMPLETED;257;43783006.04
202620;transfer.cvu.received;50;COMPLETED;1;1000
202620;transfer.cvu.received;51;COMPLETED;50;1444500
202620;transfer.cvu.received;55;COMPLETED;13903;1206305837.58
202620;transfer.cvu.received;56;COMPLETED;1435;322795705.52
202620;transfer.cvu.received;57;COMPLETED;8;5028535.49
202620;transfer.cvu.received;58;COMPLETED;11331;258852316.63
202620;transfer.cvu.received;63;COMPLETED;13;1014866.12
202620;transfer.cvu.received;66;COMPLETED;143;25696981.76
202620;transfer.cvu.received;71;COMPLETED;8342;204414510.87
202620;transfer.cvu.received;72;COMPLETED;2128;34771517.86
202620;transfer.cvu.received;73;COMPLETED;6907;904225883.98
202620;transfer.cvu.received;74;COMPLETED;602;99759301.47
202620;transfer.cvu.received;75;COMPLETED;79;15200902
202620;transfer.cvu.received;77;COMPLETED;1400;39328988.10
202620;transfer.cvu.received;78;COMPLETED;947;91999474.87
202620;transfer.cvu.received;79;COMPLETED;4133;115461974.89
202620;transfer.cvu.received;80;COMPLETED;521;73007123
202620;transfer.cvu.received;81;COMPLETED;292;165151592.06
202620;transfer.cvu.received;84;COMPLETED;103;2442517.56
202620;transfer.cvu.received;85;COMPLETED;85;4887740
202620;transfer.cvu.received;89;COMPLETED;53;7591213
202620;transfer.cvu.received;90;COMPLETED;2;208870
202620;transfer.cvu.received;91;COMPLETED;21;2645150
202620;transfer.cvu.received;93;COMPLETED;9;278136.34
202620;transfer.cvu.received;95;COMPLETED;537;95626031.13
202620;transfer.cvu.received;96;COMPLETED;10;277090
202620;transfer.cvu.received;103;COMPLETED;19;1030158
202620;transfer.cvu.received;106;COMPLETED;19;22328885
202620;transfer.cvu.received;107;COMPLETED;13;243000
202620;transfer.cvu.received;132;COMPLETED;149;20478950
202620;transfer.cvu.received;140;COMPLETED;48;1704971
202620;transfer.cvu.received;141;COMPLETED;13;1214877
202621;NULL;58;FAILED;2;20000
202621;NULL;71;FAILED;6;720000
202621;NULL;72;FAILED;1;5000
202621;NULL;83;FAILED;2;181858.82
202621;TRANSFER;1;COMPLETED;116;117996459.07
202621;TRANSFER;1;FAILED;2;36.34
202621;TRANSFER;5;COMPLETED;227;6242952294.90
202621;TRANSFER;14;COMPLETED;6;617543168.81
202621;TRANSFER;15;COMPLETED;5;216151277.10
202621;TRANSFER;16;COMPLETED;70;23643869.19
202621;TRANSFER;16;FAILED;4;1740976.87
202621;TRANSFER;19;COMPLETED;31;12894889581.99
202621;TRANSFER;27;COMPLETED;1;66110469.20
202621;TRANSFER;28;COMPLETED;24;6733471.64
202621;TRANSFER;29;COMPLETED;1;9869417.87
202621;TRANSFER;30;COMPLETED;6;59442369.91
202621;TRANSFER;31;COMPLETED;51;22003992574.37
202621;TRANSFER;38;COMPLETED;6;66494175.70
202621;TRANSFER;39;COMPLETED;6;122432449.35
202621;TRANSFER;40;COMPLETED;2103;12882473726.64
202621;TRANSFER;40;FAILED;23;21010097.71
202621;TRANSFER;41;COMPLETED;74;52798217.02
202621;TRANSFER;41;FAILED;14;21863373.40
202621;TRANSFER;42;COMPLETED;5;27945362.70
202621;TRANSFER;43;COMPLETED;6;310900840.60
202621;TRANSFER;44;COMPLETED;5;2628741.46
202621;TRANSFER;46;COMPLETED;6;817011067.92
202621;TRANSFER;47;COMPLETED;6;7963340.65
202621;TRANSFER;48;COMPLETED;6;49457927.75
202621;TRANSFER;50;COMPLETED;5;3331629.61
202621;TRANSFER;51;COMPLETED;5;607303.46
202621;TRANSFER;55;COMPLETED;316;1027826141.79
202621;TRANSFER;55;FAILED;26;43419881.82
202621;TRANSFER;56;COMPLETED;6;109696888.95
202621;TRANSFER;57;COMPLETED;1;933.29
202621;TRANSFER;58;COMPLETED;4875;267976179.24
202621;TRANSFER;58;FAILED;59;3856084
202621;TRANSFER;60;COMPLETED;1;797.37
202621;TRANSFER;61;COMPLETED;27;810024338.44
202621;TRANSFER;64;COMPLETED;6;1321435.96
202621;TRANSFER;65;COMPLETED;1;5030.37
202621;TRANSFER;66;COMPLETED;5;13658718.74
202621;TRANSFER;67;COMPLETED;1;1577.55
202621;TRANSFER;71;COMPLETED;2867;167136343.25
202621;TRANSFER;71;FAILED;27;601660
202621;TRANSFER;72;COMPLETED;698;31993338.89
202621;TRANSFER;72;FAILED;10;619507
202621;TRANSFER;73;COMPLETED;12;9514047.44
202621;TRANSFER;74;COMPLETED;6;76448041.62
202621;TRANSFER;75;COMPLETED;4;2431458.96
202621;TRANSFER;77;COMPLETED;5;36816932.28
202621;TRANSFER;78;COMPLETED;5;36997008.91
202621;TRANSFER;79;COMPLETED;5;104461173.28
202621;TRANSFER;80;COMPLETED;5;36346309.36
202621;TRANSFER;81;COMPLETED;108;127249779.41
202621;TRANSFER;81;FAILED;9;22711313.26
202621;TRANSFER;84;COMPLETED;4;282801.57
202621;TRANSFER;85;COMPLETED;5;7576543.89
202621;TRANSFER;87;COMPLETED;6;635212110.17
202621;TRANSFER;88;COMPLETED;5;29185557.21
202621;TRANSFER;89;COMPLETED;2;114500
202621;TRANSFER;91;COMPLETED;5;5201112.22
202621;TRANSFER;93;COMPLETED;9;847999.97
202621;TRANSFER;94;COMPLETED;3;105712.73
202621;TRANSFER;95;COMPLETED;5;93144531.83
202621;TRANSFER;96;COMPLETED;10;219449811.24
202621;TRANSFER;103;COMPLETED;4;1047444.38
202621;TRANSFER;104;COMPLETED;5;410205281.43
202621;TRANSFER;106;COMPLETED;5;16098137.84
202621;TRANSFER;107;COMPLETED;16;409904.49
202621;TRANSFER;110;COMPLETED;5;464001294.56
202621;TRANSFER;120;COMPLETED;1;39813600
202621;TRANSFER;128;COMPLETED;1;401.07
202621;TRANSFER;129;COMPLETED;2;377991.19
202621;TRANSFER;132;COMPLETED;4;11750809.48
202621;TRANSFER;137;COMPLETED;1;17000000
202621;TRANSFER;140;COMPLETED;5;3781460.91
202621;TRANSFER;141;COMPLETED;2;497896.39
202621;TRANSFER;142;COMPLETED;1;1001
202621;TRANSFER;143;COMPLETED;2;1200.28
202621;transfer.cbu.received;1;COMPLETED;11;11050886.19
202621;transfer.cbu.received;5;COMPLETED;10;1250228.29
202621;transfer.cbu.received;14;COMPLETED;8;1596950.33
202621;transfer.cbu.received;15;COMPLETED;5;370800
202621;transfer.cbu.received;31;COMPLETED;4;8689033.60
202621;transfer.cbu.received;39;COMPLETED;1;301700
202621;transfer.cbu.received;43;COMPLETED;1;344268.35
202621;transfer.cbu.received;46;COMPLETED;5;852489.94
202621;transfer.cbu.received;55;COMPLETED;3;181890
202621;transfer.cbu.received;56;COMPLETED;1;329999
202621;transfer.cbu.received;58;COMPLETED;11;70132
202621;transfer.cbu.received;71;COMPLETED;12;217736
202621;transfer.cbu.received;72;COMPLETED;3;26118
202621;transfer.cbu.received;73;COMPLETED;8;100894
202621;transfer.cbu.received;74;COMPLETED;1;150000
202621;transfer.cbu.received;79;COMPLETED;2;35092.76
202621;transfer.cbu.received;107;COMPLETED;1;21000
202621;transfer.cbu.received;134;COMPLETED;4;1700969
202621;transfer.cvu.received;1;COMPLETED;7;2631974.80
202621;transfer.cvu.received;5;COMPLETED;6361;1796300934.52
202621;transfer.cvu.received;14;COMPLETED;3003;643028914.11
202621;transfer.cvu.received;15;COMPLETED;2221;252886314.25
202621;transfer.cvu.received;16;COMPLETED;97;26334249.46
202621;transfer.cvu.received;17;COMPLETED;367;55296145.75
202621;transfer.cvu.received;39;COMPLETED;571;116853852.68
202621;transfer.cvu.received;42;COMPLETED;174;23512447.47
202621;transfer.cvu.received;43;COMPLETED;1343;316655349.58
202621;transfer.cvu.received;44;COMPLETED;205;2684992.91
202621;transfer.cvu.received;46;COMPLETED;5515;683230367.29
202621;transfer.cvu.received;47;COMPLETED;129;7535500
202621;transfer.cvu.received;48;COMPLETED;266;51385346.55
202621;transfer.cvu.received;51;COMPLETED;38;426500
202621;transfer.cvu.received;55;COMPLETED;13040;1101413175.48
202621;transfer.cvu.received;56;COMPLETED;600;89344573.34
202621;transfer.cvu.received;58;COMPLETED;11334;255201674.98
202621;transfer.cvu.received;63;COMPLETED;12;1177887.63
202621;transfer.cvu.received;66;COMPLETED;65;11564665.63
202621;transfer.cvu.received;71;COMPLETED;8052;169420278.57
202621;transfer.cvu.received;72;COMPLETED;1855;30084283.62
202621;transfer.cvu.received;73;COMPLETED;7855;920051975.04
202621;transfer.cvu.received;74;COMPLETED;342;59528510.27
202621;transfer.cvu.received;75;COMPLETED;6;884500
202621;transfer.cvu.received;77;COMPLETED;1397;41376956.10
202621;transfer.cvu.received;78;COMPLETED;339;27161607.70
202621;transfer.cvu.received;79;COMPLETED;3767;104924517.57
202621;transfer.cvu.received;80;COMPLETED;197;26016306
202621;transfer.cvu.received;81;COMPLETED;286;128713465
202621;transfer.cvu.received;84;COMPLETED;8;191062
202621;transfer.cvu.received;85;COMPLETED;123;7565061
202621;transfer.cvu.received;89;COMPLETED;127;7973308
202621;transfer.cvu.received;91;COMPLETED;43;5150550.48
202621;transfer.cvu.received;93;COMPLETED;7;164055.43
202621;transfer.cvu.received;95;COMPLETED;519;90809644.49
202621;transfer.cvu.received;96;COMPLETED;9;622457
202621;transfer.cvu.received;103;COMPLETED;9;521820
202621;transfer.cvu.received;106;COMPLETED;16;17979983
202621;transfer.cvu.received;107;COMPLETED;13;247000
202621;transfer.cvu.received;132;COMPLETED;58;7781010
202621;transfer.cvu.received;140;COMPLETED;98;3363483
202621;transfer.cvu.received;141;COMPLETED;1;500
202621;transfer.cvu.received;142;COMPLETED;19;20182
202622;NULL;40;FAILED;1;22323.97
202622;TRANSFER;1;COMPLETED;174;106200772.43
202622;TRANSFER;3;COMPLETED;44;88
202622;TRANSFER;3;FAILED;6;6
202622;TRANSFER;5;COMPLETED;97;2859125258.91
202622;TRANSFER;14;COMPLETED;4;435702751.64
202622;TRANSFER;15;COMPLETED;4;217046860.76
202622;TRANSFER;16;COMPLETED;53;16390150.16
202622;TRANSFER;19;COMPLETED;13;4332880124.38
202622;TRANSFER;20;COMPLETED;101;2531271271.82
202622;TRANSFER;30;COMPLETED;4;30066627.16
202622;TRANSFER;31;COMPLETED;32;12811205970.79
202622;TRANSFER;31;FAILED;2;1000000000
202622;TRANSFER;38;COMPLETED;4;67677259.71
202622;TRANSFER;39;COMPLETED;4;79485478.11
202622;TRANSFER;40;COMPLETED;1372;7804450421.20
202622;TRANSFER;40;FAILED;10;8056950.45
202622;TRANSFER;41;COMPLETED;59;50767140.53
202622;TRANSFER;42;COMPLETED;4;17120593.89
202622;TRANSFER;43;COMPLETED;4;241131478.62
202622;TRANSFER;44;COMPLETED;4;2110338.29
202622;TRANSFER;46;COMPLETED;4;168295217.53
202622;TRANSFER;47;COMPLETED;4;4523864.03
202622;TRANSFER;48;COMPLETED;4;39931446.09
202622;TRANSFER;50;COMPLETED;4;4203076.55
202622;TRANSFER;51;COMPLETED;4;635631.02
202622;TRANSFER;52;COMPLETED;3;687754791.77
202622;TRANSFER;55;COMPLETED;276;1138187329.16
202622;TRANSFER;55;FAILED;1;8273113.99
202622;TRANSFER;56;COMPLETED;4;94613902.68
202622;TRANSFER;58;COMPLETED;5126;282253361.88
202622;TRANSFER;58;FAILED;46;2090851
202622;TRANSFER;61;COMPLETED;23;585049426.99
202622;TRANSFER;64;COMPLETED;3;965935.68
202622;TRANSFER;66;COMPLETED;4;11874175.78
202622;TRANSFER;71;COMPLETED;2952;171347738.28
202622;TRANSFER;71;FAILED;14;298200
202622;TRANSFER;72;COMPLETED;754;34414863.34
202622;TRANSFER;72;FAILED;15;676070
202622;TRANSFER;73;COMPLETED;12;21445125
202622;TRANSFER;74;COMPLETED;4;40409414.57
202622;TRANSFER;75;COMPLETED;3;993773.47
202622;TRANSFER;77;COMPLETED;4;33148893.79
202622;TRANSFER;78;COMPLETED;4;42290563.48
202622;TRANSFER;79;COMPLETED;4;96079288.05
202622;TRANSFER;80;COMPLETED;4;20080238.11
202622;TRANSFER;81;COMPLETED;77;102549434.76
202622;TRANSFER;84;COMPLETED;3;177044.02
202622;TRANSFER;85;COMPLETED;4;3354515.65
202622;TRANSFER;87;COMPLETED;4;664000000
202622;TRANSFER;88;COMPLETED;4;30021049.95
202622;TRANSFER;89;COMPLETED;2;165000
202622;TRANSFER;91;COMPLETED;4;1453923.22
202622;TRANSFER;93;COMPLETED;8;620973.62
202622;TRANSFER;94;COMPLETED;2;58276.86
202622;TRANSFER;95;COMPLETED;4;61295273.43
202622;TRANSFER;96;COMPLETED;8;190325536.13
202622;TRANSFER;103;COMPLETED;3;168176.34
202622;TRANSFER;104;COMPLETED;4;427304881.17
202622;TRANSFER;106;COMPLETED;4;25642515.19
202622;TRANSFER;107;COMPLETED;14;207636.31
202622;TRANSFER;110;COMPLETED;4;263901627.62
202622;TRANSFER;129;COMPLETED;3;250080.54
202622;TRANSFER;134;COMPLETED;1;27868.07
202622;TRANSFER;137;COMPLETED;1;14000000
202622;TRANSFER;138;COMPLETED;3;89929595.94
202622;TRANSFER;140;COMPLETED;4;503922.71
202622;TRANSFER;141;COMPLETED;2;627908.05
202622;TRANSFER;142;COMPLETED;6;23002
202622;TRANSFER;143;COMPLETED;2;120196.23
202622;TRANSFER;145;COMPLETED;1;24.85
202622;transfer.cbu.received;1;COMPLETED;8;9925825.64
202622;transfer.cbu.received;5;COMPLETED;1;80000
202622;transfer.cbu.received;14;COMPLETED;2;146200
202622;transfer.cbu.received;15;COMPLETED;2;80000
202622;transfer.cbu.received;16;COMPLETED;1;216700.25
202622;transfer.cbu.received;31;COMPLETED;4;6034000
202622;transfer.cbu.received;39;COMPLETED;1;81450
202622;transfer.cbu.received;43;COMPLETED;1;53795
202622;transfer.cbu.received;46;COMPLETED;1;202796
202622;transfer.cbu.received;55;COMPLETED;2;73000
202622;transfer.cbu.received;56;COMPLETED;1;18500
202622;transfer.cbu.received;58;COMPLETED;2;60000
202622;transfer.cbu.received;71;COMPLETED;2;19600
202622;transfer.cbu.received;72;COMPLETED;4;12000
202622;transfer.cbu.received;73;COMPLETED;1;20000
202622;transfer.cbu.received;107;COMPLETED;1;42000
202622;transfer.cbu.received;114;COMPLETED;4;140001824
202622;transfer.cbu.received;134;COMPLETED;5;3279636.24
202622;transfer.cvu.received;1;COMPLETED;2;300002
202622;transfer.cvu.received;3;COMPLETED;10;20
202622;transfer.cvu.received;5;COMPLETED;5586;1686200877.86
202622;transfer.cvu.received;14;COMPLETED;2040;433352011.23
202622;transfer.cvu.received;15;COMPLETED;2860;366583140.22
202622;transfer.cvu.received;16;COMPLETED;78;18382714
202622;transfer.cvu.received;17;COMPLETED;255;45447470.78
202622;transfer.cvu.received;39;COMPLETED;643;144389100.03
202622;transfer.cvu.received;42;COMPLETED;146;19338746.66
202622;transfer.cvu.received;43;COMPLETED;1219;276442825.63
202622;transfer.cvu.received;44;COMPLETED;157;2225888.74
202622;transfer.cvu.received;46;COMPLETED;1794;165316899.74
202622;transfer.cvu.received;47;COMPLETED;37;5055400
202622;transfer.cvu.received;48;COMPLETED;217;41308433.84
202622;transfer.cvu.received;51;COMPLETED;46;659000
202622;transfer.cvu.received;55;COMPLETED;12805;1031635600.73
202622;transfer.cvu.received;55;CREDIT_ERROR;1;241871
202622;transfer.cvu.received;56;COMPLETED;434;111344598.80
202622;transfer.cvu.received;58;COMPLETED;11676;282204198.50
202622;transfer.cvu.received;63;COMPLETED;25;3527473.38
202622;transfer.cvu.received;66;COMPLETED;52;12613133.79
202622;transfer.cvu.received;71;COMPLETED;7584;164321764.03
202622;transfer.cvu.received;72;COMPLETED;1857;30033388.04
202622;transfer.cvu.received;73;COMPLETED;7033;1091542164
202622;transfer.cvu.received;74;COMPLETED;202;40412456.13
202622;transfer.cvu.received;75;COMPLETED;8;1675000
202622;transfer.cvu.received;77;COMPLETED;1169;33831868.41
202622;transfer.cvu.received;78;COMPLETED;416;39700707.33
202622;transfer.cvu.received;79;COMPLETED;3905;101438363.08
202622;transfer.cvu.received;80;COMPLETED;174;22268465.02
202622;transfer.cvu.received;81;COMPLETED;251;117202408.61
202622;transfer.cvu.received;84;COMPLETED;7;136282
202622;transfer.cvu.received;85;COMPLETED;53;3395184
202622;transfer.cvu.received;89;COMPLETED;100;6762889
202622;transfer.cvu.received;91;COMPLETED;21;2239844
202622;transfer.cvu.received;93;COMPLETED;9;224827.60
202622;transfer.cvu.received;95;COMPLETED;379;72023069.25
202622;transfer.cvu.received;96;COMPLETED;10;978754.43
202622;transfer.cvu.received;103;COMPLETED;4;109200
202622;transfer.cvu.received;106;COMPLETED;31;24780932
202622;transfer.cvu.received;107;COMPLETED;28;553000
202622;transfer.cvu.received;140;COMPLETED;8;442990
202622;transfer.cvu.received;141;COMPLETED;3;637000
202622;transfer.cvu.received;142;COMPLETED;11;22191
202622;transfer.cvu.received;145;COMPLETED;1;25
202622;transfer.cvu.received;146;COMPLETED;1;10
202623;TRANSFER;1;COMPLETED;231;495979007.72
202623;TRANSFER;1;FAILED;2;31.45
202623;TRANSFER;3;COMPLETED;4;8
202623;TRANSFER;7;COMPLETED;1;0.31
202623;TRANSFER;14;COMPLETED;5;782794134.50
202623;TRANSFER;15;COMPLETED;5;432341155.90
202623;TRANSFER;16;COMPLETED;202;62316391.09
202623;TRANSFER;17;COMPLETED;2;14974643.86
202623;TRANSFER;19;COMPLETED;21;7236156563.87
202623;TRANSFER;20;COMPLETED;441;11414174998.03
202623;TRANSFER;20;FAILED;3;73324630.33
202623;TRANSFER;25;COMPLETED;2;300227212.06
202623;TRANSFER;27;COMPLETED;2;74215091.03
202623;TRANSFER;28;COMPLETED;84;25820361.90
202623;TRANSFER;29;COMPLETED;1;7079071
202623;TRANSFER;30;COMPLETED;5;74528478.03
202623;TRANSFER;31;COMPLETED;82;37125771511.40
202623;TRANSFER;38;COMPLETED;8;84533491.75
202623;TRANSFER;39;COMPLETED;7;369104436.05
202623;TRANSFER;40;COMPLETED;1902;16580801071.21
202623;TRANSFER;40;FAILED;8;21839625.72
202623;TRANSFER;41;COMPLETED;69;50264773.25
202623;TRANSFER;42;COMPLETED;5;40130137.80
202623;TRANSFER;43;COMPLETED;6;252655983.68
202623;TRANSFER;44;COMPLETED;5;2749484.02
202623;TRANSFER;46;COMPLETED;6;1245638241.56
202623;TRANSFER;47;COMPLETED;6;8921098.84
202623;TRANSFER;48;COMPLETED;6;44958337.01
202623;TRANSFER;50;COMPLETED;5;2790622.72
202623;TRANSFER;51;COMPLETED;4;616050.21
202623;TRANSFER;55;COMPLETED;326;1130633500.50
202623;TRANSFER;55;FAILED;4;1328416.85
202623;TRANSFER;56;COMPLETED;6;156218651.71
202623;TRANSFER;57;COMPLETED;5;4092955.59
202623;TRANSFER;58;COMPLETED;5862;369865253.38
202623;TRANSFER;58;FAILED;105;4323640
202623;TRANSFER;60;COMPLETED;1;954.19
202623;TRANSFER;61;COMPLETED;33;689070979.42
202623;TRANSFER;64;COMPLETED;6;5448824.93
202623;TRANSFER;65;COMPLETED;1;36861.18
202623;TRANSFER;66;COMPLETED;5;34817409.50
202623;TRANSFER;67;COMPLETED;1;1464.10
202623;TRANSFER;71;COMPLETED;2939;189427025.95
202623;TRANSFER;71;FAILED;42;2353325
202623;TRANSFER;72;COMPLETED;731;48069479.28
202623;TRANSFER;72;FAILED;4;253000
202623;TRANSFER;73;COMPLETED;19;44714532.05
202623;TRANSFER;73;FAILED;1;650934.17
202623;TRANSFER;74;COMPLETED;6;56822650.37
202623;TRANSFER;75;COMPLETED;4;24787777.29
202623;TRANSFER;77;COMPLETED;5;41783689.52
202623;TRANSFER;78;COMPLETED;5;202635041.53
202623;TRANSFER;79;COMPLETED;5;113549184.90
202623;TRANSFER;80;COMPLETED;5;53714991.24
202623;TRANSFER;81;COMPLETED;1046;641704482.05
202623;TRANSFER;81;FAILED;51;26305818.11
202623;TRANSFER;84;COMPLETED;4;3612702.77
202623;TRANSFER;85;COMPLETED;5;8029511.56
202623;TRANSFER;87;COMPLETED;6;738568169.95
202623;TRANSFER;88;COMPLETED;5;35419285.39
202623;TRANSFER;90;COMPLETED;3;950254.96
202623;TRANSFER;91;COMPLETED;5;7681241.62
202623;TRANSFER;92;COMPLETED;1;85.67
202623;TRANSFER;93;COMPLETED;8;990737.22
202623;TRANSFER;94;COMPLETED;2;25629.22
202623;TRANSFER;95;COMPLETED;5;108472576.96
202623;TRANSFER;96;COMPLETED;10;264234873.73
202623;TRANSFER;103;COMPLETED;5;311608.30
202623;TRANSFER;104;COMPLETED;5;618374386.36
202623;TRANSFER;106;COMPLETED;5;2782234.73
202623;TRANSFER;107;COMPLETED;18;692398.22
202623;TRANSFER;107;FAILED;1;61866.84
202623;TRANSFER;110;COMPLETED;15;6151598817.59
202623;TRANSFER;114;COMPLETED;5;1400000000
202623;TRANSFER;126;COMPLETED;1;4.33
202623;TRANSFER;129;COMPLETED;2;1889114.71
202623;TRANSFER;130;COMPLETED;1;5486067.69
202623;TRANSFER;136;COMPLETED;1;99.40
202623;TRANSFER;137;COMPLETED;1;2000000
202623;TRANSFER;138;COMPLETED;5;412489954.23
202623;TRANSFER;140;COMPLETED;4;1131663.76
202623;TRANSFER;141;COMPLETED;4;1399815.57
202623;TRANSFER;143;COMPLETED;5;6943095.41
202623;TRANSFER;145;COMPLETED;3;575298.25
202623;TRANSFER;146;COMPLETED;3;36.36
202623;transfer.cbu.received;1;COMPLETED;10;11350752.81
202623;transfer.cbu.received;5;COMPLETED;12;4177043
202623;transfer.cbu.received;14;COMPLETED;4;739043.46
202623;transfer.cbu.received;16;COMPLETED;1;479437.78
202623;transfer.cbu.received;17;COMPLETED;1;100000
202623;transfer.cbu.received;31;COMPLETED;5;9978395.05
202623;transfer.cbu.received;39;COMPLETED;3;724560
202623;transfer.cbu.received;44;COMPLETED;2;10727
202623;transfer.cbu.received;46;COMPLETED;8;823600
202623;transfer.cbu.received;47;COMPLETED;1;60000
202623;transfer.cbu.received;55;COMPLETED;7;176030
202623;transfer.cbu.received;56;COMPLETED;1;58260.83
202623;transfer.cbu.received;58;COMPLETED;11;84585
202623;transfer.cbu.received;71;COMPLETED;13;103000
202623;transfer.cbu.received;72;COMPLETED;1;1000
202623;transfer.cbu.received;73;COMPLETED;17;361600
202623;transfer.cbu.received;75;COMPLETED;1;264000
202623;transfer.cbu.received;77;COMPLETED;1;65000
202623;transfer.cbu.received;81;COMPLETED;8;1133343.85
202623;transfer.cbu.received;95;COMPLETED;1;500000
202623;transfer.cbu.received;127;COMPLETED;1;13.59
202623;transfer.cbu.received;134;COMPLETED;2;570000
202623;transfer.cvu.received;1;COMPLETED;2;380000
202623;transfer.cvu.received;3;COMPLETED;1;2
202623;transfer.cvu.received;5;COMPLETED;14605;4368285399.04
202623;transfer.cvu.received;14;COMPLETED;5707;1396856713.08
202623;transfer.cvu.received;15;COMPLETED;3414;476541342.62
202623;transfer.cvu.received;16;COMPLETED;441;106598327.31
202623;transfer.cvu.received;17;COMPLETED;550;95047400.37
202623;transfer.cvu.received;39;COMPLETED;1859;403723557.03
202623;transfer.cvu.received;42;COMPLETED;275;46767070.82
202623;transfer.cvu.received;43;COMPLETED;887;222527963.35
202623;transfer.cvu.received;44;COMPLETED;192;2543685.60
202623;transfer.cvu.received;46;COMPLETED;14277;1660354660.14
202623;transfer.cvu.received;47;COMPLETED;48;9080315.07
202623;transfer.cvu.received;48;COMPLETED;244;44209903.87
202623;transfer.cvu.received;51;COMPLETED;17;526300
202623;transfer.cvu.received;55;COMPLETED;13613;1202818529.87
202623;transfer.cvu.received;56;COMPLETED;1022;176984252.94
202623;transfer.cvu.received;57;COMPLETED;9;6179883.65
202623;transfer.cvu.received;58;COMPLETED;13624;367222300.73
202623;transfer.cvu.received;63;COMPLETED;24;3121099.72
202623;transfer.cvu.received;66;COMPLETED;248;45421264.66
202623;transfer.cvu.received;71;COMPLETED;7858;172426455.44
202623;transfer.cvu.received;72;COMPLETED;2097;43944098.87
202623;transfer.cvu.received;73;COMPLETED;7215;1024610110.41
202623;transfer.cvu.received;74;COMPLETED;409;67694479.32
202623;transfer.cvu.received;75;COMPLETED;181;36281101
202623;transfer.cvu.received;77;COMPLETED;1630;45467600.02
202623;transfer.cvu.received;78;COMPLETED;1924;274240403.80
202623;transfer.cvu.received;79;COMPLETED;4265;108212290.78
202623;transfer.cvu.received;80;COMPLETED;493;63721714
202623;transfer.cvu.received;81;COMPLETED;3220;969780978.75
202623;transfer.cvu.received;84;COMPLETED;275;5893328.85
202623;transfer.cvu.received;85;COMPLETED;158;9511775.80
202623;transfer.cvu.received;89;COMPLETED;44;6272955
202623;transfer.cvu.received;90;COMPLETED;6;997109
202623;transfer.cvu.received;91;COMPLETED;61;9685394
202623;transfer.cvu.received;92;COMPLETED;1;300000
202623;transfer.cvu.received;93;COMPLETED;11;648278.87
202623;transfer.cvu.received;95;COMPLETED;612;129477592.19
202623;transfer.cvu.received;96;COMPLETED;15;1369340.98
202623;transfer.cvu.received;103;COMPLETED;12;534505
202623;transfer.cvu.received;106;COMPLETED;16;2095066
202623;transfer.cvu.received;107;COMPLETED;6;118000
202623;transfer.cvu.received;136;COMPLETED;1;100
202623;transfer.cvu.received;140;COMPLETED;31;1379293.17
202623;transfer.cvu.received;141;COMPLETED;22;2043911
202623;transfer.cvu.received;145;COMPLETED;13;885000
202623;transfer.cvu.received;146;COMPLETED;6;31.50
202624;NULL;55;FAILED;1;795159.99
202624;NULL;58;FAILED;4;1047126.56
202624;NULL;61;FAILED;2;126365633.69
202624;NULL;71;FAILED;7;358000
202624;NULL;72;FAILED;2;4523
202624;NULL;81;FAILED;13;6033066.71
202624;NULL;96;FAILED;1;47238597.67
202624;TRANSFER;1;COMPLETED;212;14740464.93
202624;TRANSFER;1;FAILED;2;52.93
202624;TRANSFER;3;COMPLETED;36;72
202624;TRANSFER;3;FAILED;7;7
202624;TRANSFER;14;COMPLETED;4;1002877047.13
202624;TRANSFER;15;COMPLETED;4;311995201.57
202624;TRANSFER;16;COMPLETED;198;66276077.15
202624;TRANSFER;16;FAILED;16;6532931.54
202624;TRANSFER;19;COMPLETED;22;8093938208.30
202624;TRANSFER;20;COMPLETED;295;12974055446.36
202624;TRANSFER;20;FAILED;1;238700.25
202624;TRANSFER;25;COMPLETED;5;1428896898.74
202624;TRANSFER;25;FAILED;2;753045399.65
202624;TRANSFER;27;COMPLETED;4;307363207.87
202624;TRANSFER;28;COMPLETED;193;55188787.24
202624;TRANSFER;28;FAILED;41;18826276.23
202624;TRANSFER;28;PENDING;5;927195.99
202624;TRANSFER;29;COMPLETED;1;5431100
202624;TRANSFER;30;COMPLETED;8;171584161.16
202624;TRANSFER;31;COMPLETED;92;43164237044.78
202624;TRANSFER;31;FAILED;7;3500000000
202624;TRANSFER;34;COMPLETED;4;146656168.32
202624;TRANSFER;35;COMPLETED;12;7006425.57
202624;TRANSFER;36;COMPLETED;4;49956264.69
202624;TRANSFER;38;COMPLETED;9;81775418.94
202624;TRANSFER;39;COMPLETED;4;147766519.92
202624;TRANSFER;40;COMPLETED;3012;21095138643.47
202624;TRANSFER;40;FAILED;837;7552568651.22
202624;TRANSFER;41;COMPLETED;59;61100970.87
202624;TRANSFER;41;FAILED;1;7350201.44
202624;TRANSFER;42;COMPLETED;4;31444266.19
202624;TRANSFER;43;COMPLETED;8;338049759.04
202624;TRANSFER;44;COMPLETED;8;2060517.07
202624;TRANSFER;46;COMPLETED;9;2024709039.71
202624;TRANSFER;47;COMPLETED;8;8294410.81
202624;TRANSFER;48;COMPLETED;8;46646149.38
202624;TRANSFER;50;COMPLETED;1;6.05
202624;TRANSFER;50;FAILED;1;650046.04
202624;TRANSFER;51;COMPLETED;2;89700.06
202624;TRANSFER;55;COMPLETED;361;1271666391.90
202624;TRANSFER;55;FAILED;18;30664679.41
202624;TRANSFER;56;COMPLETED;8;243680166.63
202624;TRANSFER;57;COMPLETED;6;13502523.50
202624;TRANSFER;58;COMPLETED;5920;332141960.07
202624;TRANSFER;58;FAILED;254;22351353.45
202624;TRANSFER;61;COMPLETED;34;1235437959.20
202624;TRANSFER;64;COMPLETED;6;1278875.44
202624;TRANSFER;66;COMPLETED;56;72864764.51
202624;TRANSFER;67;COMPLETED;1;26260.11
202624;TRANSFER;71;COMPLETED;3254;217505857.55
202624;TRANSFER;71;FAILED;182;5005967
202624;TRANSFER;72;COMPLETED;796;33854819.06
202624;TRANSFER;72;FAILED;44;1321704
202624;TRANSFER;73;COMPLETED;14;37638709.62
202624;TRANSFER;73;FAILED;1;1500000
202624;TRANSFER;74;COMPLETED;8;121165227.43
202624;TRANSFER;75;COMPLETED;8;28545308.71
202624;TRANSFER;77;COMPLETED;13;47564418.76
202624;TRANSFER;78;COMPLETED;8;426538496.94
202624;TRANSFER;78;FAILED;1;113888965.39
202624;TRANSFER;79;COMPLETED;7;87473020.10
202624;TRANSFER;79;FAILED;1;17020343.25
202624;TRANSFER;80;COMPLETED;8;73810523.96
202624;TRANSFER;81;COMPLETED;1062;498527385.83
202624;TRANSFER;81;FAILED;324;110985945.64
202624;TRANSFER;84;COMPLETED;8;4974447.48
202624;TRANSFER;84;PENDING;1;663030.93
202624;TRANSFER;85;COMPLETED;8;9063557.42
202624;TRANSFER;87;COMPLETED;6;789000000
202624;TRANSFER;87;FAILED;2;60200000
202624;TRANSFER;88;COMPLETED;5;41434528.78
202624;TRANSFER;89;COMPLETED;3;1007595.89
202624;TRANSFER;90;COMPLETED;7;569365.64
202624;TRANSFER;91;COMPLETED;8;13828790.28
202624;TRANSFER;92;COMPLETED;2;791530
202624;TRANSFER;93;COMPLETED;12;499106.91
202624;TRANSFER;93;FAILED;8;913308
202624;TRANSFER;94;COMPLETED;1;12391.50
202624;TRANSFER;95;COMPLETED;8;163357039.93
202624;TRANSFER;96;COMPLETED;11;293983318.03
202624;TRANSFER;101;COMPLETED;1;23900
202624;TRANSFER;103;COMPLETED;8;921998.32
202624;TRANSFER;104;COMPLETED;5;862478998.19
202624;TRANSFER;106;COMPLETED;7;11031888.86
202624;TRANSFER;107;COMPLETED;14;220848.93
202624;TRANSFER;107;FAILED;6;7512.42
202624;TRANSFER;110;COMPLETED;9;2987217925.59
202624;TRANSFER;114;COMPLETED;2;750000000
202624;TRANSFER;129;COMPLETED;1;863252.86
202624;TRANSFER;132;COMPLETED;1;250750.26
202624;TRANSFER;134;COMPLETED;3;1615342.47
202624;TRANSFER;136;COMPLETED;2;1570441
202624;TRANSFER;137;COMPLETED;1;11000000
202624;TRANSFER;138;COMPLETED;5;468900948.61
202624;TRANSFER;140;COMPLETED;7;1498524.64
202624;TRANSFER;141;COMPLETED;8;4225984.74
202624;TRANSFER;142;COMPLETED;7;26577.19
202624;TRANSFER;143;COMPLETED;5;14002063.10
202624;TRANSFER;145;COMPLETED;7;2753313.40
202624;TRANSFER;146;COMPLETED;5;69806307.91
202624;TRANSFER;148;COMPLETED;1;30.50
202624;transfer.cbu.received;1;COMPLETED;11;13278026.52
202624;transfer.cbu.received;5;COMPLETED;13;5076294
202624;transfer.cbu.received;14;COMPLETED;10;2837826.21
202624;transfer.cbu.received;15;COMPLETED;8;1569730.81
202624;transfer.cbu.received;17;COMPLETED;1;58700
202624;transfer.cbu.received;31;COMPLETED;4;5191000
202624;transfer.cbu.received;39;COMPLETED;1;116830
202624;transfer.cbu.received;43;COMPLETED;1;117917
202624;transfer.cbu.received;46;COMPLETED;21;2858397
202624;transfer.cbu.received;55;COMPLETED;25;3859455.96
202624;transfer.cbu.received;56;COMPLETED;2;628461.47
202624;transfer.cbu.received;58;COMPLETED;30;301339.08
202624;transfer.cbu.received;71;COMPLETED;20;155900
202624;transfer.cbu.received;72;COMPLETED;7;19800
202624;transfer.cbu.received;73;COMPLETED;10;1224153.33
202624;transfer.cbu.received;77;COMPLETED;1;38200
202624;transfer.cbu.received;78;COMPLETED;2;318000
202624;transfer.cbu.received;79;COMPLETED;10;234704.80
202624;transfer.cbu.received;81;COMPLETED;11;3420630.41
202624;transfer.cbu.received;95;COMPLETED;1;543252.49
202624;transfer.cbu.received;146;COMPLETED;1;304500
202624;transfer.cvu.received;1;COMPLETED;1;500000
202624;transfer.cvu.received;3;COMPLETED;10;419475.05
202624;transfer.cvu.received;5;COMPLETED;14333;3899611698.39
202624;transfer.cvu.received;14;COMPLETED;8730;2156637321.68
202624;transfer.cvu.received;15;COMPLETED;4089;549390240.94
202624;transfer.cvu.received;16;COMPLETED;414;112469953.71
202624;transfer.cvu.received;17;COMPLETED;944;161017391.76
202624;transfer.cvu.received;39;COMPLETED;1067;208891940.65
202624;transfer.cvu.received;42;COMPLETED;435;74492116.61
202624;transfer.cvu.received;43;COMPLETED;1348;329123603.98
202624;transfer.cvu.received;44;COMPLETED;169;2358250.18
202624;transfer.cvu.received;46;COMPLETED;14349;1709645136.06
202624;transfer.cvu.received;47;COMPLETED;47;7800000
202624;transfer.cvu.received;48;COMPLETED;203;46881573.14
202624;transfer.cvu.received;51;COMPLETED;2;120000
202624;transfer.cvu.received;55;COMPLETED;14437;1255538974.70
202624;transfer.cvu.received;56;COMPLETED;1411;223373778.72
202624;transfer.cvu.received;57;COMPLETED;18;11516194.91
202624;transfer.cvu.received;58;COMPLETED;13249;335530599.36
202624;transfer.cvu.received;63;COMPLETED;18;1413909.71
202624;transfer.cvu.received;66;COMPLETED;349;66567357.84
202624;transfer.cvu.received;71;COMPLETED;8727;244345925.38
202624;transfer.cvu.received;72;COMPLETED;2186;47878918.41
202624;transfer.cvu.received;73;COMPLETED;5085;824921718.41
202624;transfer.cvu.received;74;COMPLETED;731;124575685.82
202624;transfer.cvu.received;75;COMPLETED;125;23734303
202624;transfer.cvu.received;77;COMPLETED;1699;47272139.92
202624;transfer.cvu.received;78;COMPLETED;2495;387637097.64
202624;transfer.cvu.received;79;COMPLETED;3455;89287742.87
202624;transfer.cvu.received;80;COMPLETED;445;69808682
202624;transfer.cvu.received;81;COMPLETED;2358;491438140.90
202624;transfer.cvu.received;84;COMPLETED;144;2984814.30
202624;transfer.cvu.received;85;COMPLETED;143;9587761.99
202624;transfer.cvu.received;89;COMPLETED;214;45770294
202624;transfer.cvu.received;90;COMPLETED;9;629442
202624;transfer.cvu.received;91;COMPLETED;104;12802692
202624;transfer.cvu.received;92;COMPLETED;2;500000
202624;transfer.cvu.received;93;COMPLETED;10;492582.41
202624;transfer.cvu.received;95;COMPLETED;694;143038371.51
202624;transfer.cvu.received;96;COMPLETED;13;824786.65
202624;transfer.cvu.received;103;COMPLETED;16;1000447.87
202624;transfer.cvu.received;106;COMPLETED;27;10941634
202624;transfer.cvu.received;107;COMPLETED;11;198800
202624;transfer.cvu.received;132;COMPLETED;1;145600
202624;transfer.cvu.received;136;COMPLETED;2;1580000
202624;transfer.cvu.received;140;COMPLETED;41;1634299
202624;transfer.cvu.received;141;COMPLETED;42;4822316
202624;transfer.cvu.received;142;COMPLETED;17;2029500
202624;transfer.cvu.received;145;COMPLETED;35;2473909.75
202624;transfer.cvu.received;146;COMPLETED;1602;121828226.71
202625;TRANSFER;1;COMPLETED;198;15214027.76
202625;TRANSFER;3;COMPLETED;4;8
202625;TRANSFER;3;FAILED;2;2
202625;TRANSFER;14;COMPLETED;1;180173371.66
202625;TRANSFER;15;COMPLETED;4;291708651.70
202625;TRANSFER;16;COMPLETED;156;47748040.01
202625;TRANSFER;16;FAILED;2;1219991.47
202625;TRANSFER;19;COMPLETED;11;3435920537.49
202625;TRANSFER;20;COMPLETED;493;7088697193.64
202625;TRANSFER;25;COMPLETED;3;641979145.38
202625;TRANSFER;29;COMPLETED;1;14166060.60
202625;TRANSFER;30;COMPLETED;4;88415971.40
202625;TRANSFER;31;COMPLETED;44;19027422406.49
202625;TRANSFER;38;COMPLETED;7;71252635.17
202625;TRANSFER;39;COMPLETED;4;118539986.60
202625;TRANSFER;40;COMPLETED;2080;13275603986.29
202625;TRANSFER;40;FAILED;61;194324332.43
202625;TRANSFER;41;COMPLETED;55;48524531.88
202625;TRANSFER;41;FAILED;7;13302129.01
202625;TRANSFER;42;COMPLETED;4;23455201.66
202625;TRANSFER;43;COMPLETED;4;263679324.08
202625;TRANSFER;44;COMPLETED;4;2516263.70
202625;TRANSFER;46;COMPLETED;4;621168416.60
202625;TRANSFER;47;COMPLETED;4;14402136.71
202625;TRANSFER;48;COMPLETED;4;53099044.89
202625;TRANSFER;51;COMPLETED;1;59637
202625;TRANSFER;55;COMPLETED;276;1127211788.58
202625;TRANSFER;55;FAILED;2;213518.50
202625;TRANSFER;56;COMPLETED;4;109798607.06
202625;TRANSFER;57;COMPLETED;1;96647.89
202625;TRANSFER;58;COMPLETED;5790;294294792.41
202625;TRANSFER;58;FAILED;74;3285512
202625;TRANSFER;61;COMPLETED;26;839398688.05
202625;TRANSFER;64;COMPLETED;4;672672.11
202625;TRANSFER;66;COMPLETED;5;15674579.36
202625;TRANSFER;67;COMPLETED;2;1802692.46
202625;TRANSFER;71;COMPLETED;2985;157829428.66
202625;TRANSFER;71;FAILED;26;1272525
202625;TRANSFER;72;COMPLETED;821;35371050.50
202625;TRANSFER;72;FAILED;9;91900
202625;TRANSFER;73;COMPLETED;6;9932358.90
202625;TRANSFER;74;COMPLETED;4;71763137.71
202625;TRANSFER;75;COMPLETED;4;5255748.24
202625;TRANSFER;77;COMPLETED;4;40911603.94
202625;TRANSFER;78;COMPLETED;4;121036478.53
202625;TRANSFER;79;COMPLETED;4;83464764.96
202625;TRANSFER;79;FAILED;1;18918044.85
202625;TRANSFER;80;COMPLETED;4;76616460.62
202625;TRANSFER;81;COMPLETED;1095;559129139.30
202625;TRANSFER;81;FAILED;17;6318872.20
202625;TRANSFER;84;COMPLETED;4;561685.88
202625;TRANSFER;85;COMPLETED;4;9841426.95
202625;TRANSFER;87;COMPLETED;2;29500000
202625;TRANSFER;88;COMPLETED;4;32614372.45
202625;TRANSFER;89;COMPLETED;2;172129
202625;TRANSFER;90;COMPLETED;3;1270035.52
202625;TRANSFER;91;COMPLETED;4;14672016.50
202625;TRANSFER;92;COMPLETED;1;4939.50
202625;TRANSFER;93;COMPLETED;7;679038.39
202625;TRANSFER;95;COMPLETED;4;104427718.31
202625;TRANSFER;96;COMPLETED;8;241924447.54
202625;TRANSFER;103;COMPLETED;4;1135138.48
202625;TRANSFER;104;COMPLETED;4;451473463.71
202625;TRANSFER;106;COMPLETED;4;185688811.75
202625;TRANSFER;107;COMPLETED;9;170241.22
202625;TRANSFER;107;FAILED;7;5950
202625;TRANSFER;109;COMPLETED;1;297.09
202625;TRANSFER;110;COMPLETED;4;444738061.17
202625;TRANSFER;114;COMPLETED;1;150000000
202625;TRANSFER;129;COMPLETED;3;5083529.01
202625;TRANSFER;132;COMPLETED;3;338435.01
202625;TRANSFER;137;COMPLETED;1;22000000
202625;TRANSFER;138;COMPLETED;4;294356914.03
202625;TRANSFER;140;COMPLETED;4;1372907.36
202625;TRANSFER;141;COMPLETED;4;3868335.23
202625;TRANSFER;142;COMPLETED;29;493560
202625;TRANSFER;143;COMPLETED;4;9455053.83
202625;TRANSFER;145;COMPLETED;3;556547.80
202625;TRANSFER;146;COMPLETED;4;199030608.53
202625;TRANSFER;151;COMPLETED;3;89317980.43
202625;transfer.cbu.received;1;COMPLETED;8;10926314.12
202625;transfer.cbu.received;5;COMPLETED;10;3452586.56
202625;transfer.cbu.received;14;COMPLETED;9;1821051.11
202625;transfer.cbu.received;15;COMPLETED;13;1996310.63
202625;transfer.cbu.received;17;COMPLETED;1;136000
202625;transfer.cbu.received;31;COMPLETED;7;188479051.30
202625;transfer.cbu.received;42;COMPLETED;1;58650
202625;transfer.cbu.received;43;COMPLETED;2;211000
202625;transfer.cbu.received;44;COMPLETED;1;12765.44
202625;transfer.cbu.received;46;COMPLETED;9;2296794
202625;transfer.cbu.received;55;COMPLETED;5;375470
202625;transfer.cbu.received;56;COMPLETED;3;1862411.72
202625;transfer.cbu.received;58;COMPLETED;12;124650
202625;transfer.cbu.received;71;COMPLETED;14;58281.52
202625;transfer.cbu.received;72;COMPLETED;4;8500
202625;transfer.cbu.received;73;COMPLETED;1;20000
202625;transfer.cbu.received;77;COMPLETED;4;92035.54
202625;transfer.cbu.received;78;COMPLETED;3;275500
202625;transfer.cbu.received;79;COMPLETED;4;48871.12
202625;transfer.cbu.received;81;COMPLETED;2;273604.82
202625;transfer.cbu.received;146;COMPLETED;1;52500
202625;transfer.cvu.received;1;COMPLETED;2;4100000
202625;transfer.cvu.received;3;COMPLETED;1;2
202625;transfer.cvu.received;5;COMPLETED;6368;1841129847.50
202625;transfer.cvu.received;14;COMPLETED;3634;799294767.59
202625;transfer.cvu.received;15;COMPLETED;2074;241776057.21
202625;transfer.cvu.received;16;COMPLETED;153;39836834.32
202625;transfer.cvu.received;17;COMPLETED;494;82591415.66
202625;transfer.cvu.received;39;COMPLETED;600;113683128.03
202625;transfer.cvu.received;42;COMPLETED;170;25579274.71
202625;transfer.cvu.received;43;COMPLETED;1310;302503708.92
202625;transfer.cvu.received;44;COMPLETED;164;2100839.31
202625;transfer.cvu.received;46;COMPLETED;5795;703704587.55
202625;transfer.cvu.received;47;COMPLETED;55;13609800
202625;transfer.cvu.received;48;COMPLETED;195;49458766.56
202625;transfer.cvu.received;51;COMPLETED;3;300
202625;transfer.cvu.received;55;COMPLETED;14059;1228699447.68
202625;transfer.cvu.received;56;COMPLETED;536;98482208.20
202625;transfer.cvu.received;58;COMPLETED;13588;314659672.43
202625;transfer.cvu.received;63;COMPLETED;8;850541.77
202625;transfer.cvu.received;66;COMPLETED;99;18352051.44
202625;transfer.cvu.received;67;COMPLETED;53;7638890.42
202625;transfer.cvu.received;71;COMPLETED;8047;161383567.27
202625;transfer.cvu.received;72;COMPLETED;2282;25645572.17
202625;transfer.cvu.received;73;COMPLETED;4458;742341597.93
202625;transfer.cvu.received;74;COMPLETED;449;79923240.82
202625;transfer.cvu.received;75;COMPLETED;18;3564001
202625;transfer.cvu.received;77;COMPLETED;1262;42146276
202625;transfer.cvu.received;78;COMPLETED;1052;122661045.03
202625;transfer.cvu.received;79;COMPLETED;3123;77464302.43
202625;transfer.cvu.received;80;COMPLETED;446;73851592.63
202625;transfer.cvu.received;81;COMPLETED;2301;590392380.20
202625;transfer.cvu.received;84;COMPLETED;11;253975.65
202625;transfer.cvu.received;85;COMPLETED;154;11238102
202625;transfer.cvu.received;89;COMPLETED;16;1947840
202625;transfer.cvu.received;90;COMPLETED;6;1177666
202625;transfer.cvu.received;91;COMPLETED;120;22971704.50
202625;transfer.cvu.received;92;COMPLETED;1;5000
202625;transfer.cvu.received;93;COMPLETED;6;172303.93
202625;transfer.cvu.received;95;COMPLETED;557;97875526.87
202625;transfer.cvu.received;96;COMPLETED;10;1254506.21
202625;transfer.cvu.received;103;COMPLETED;17;1005500
202625;transfer.cvu.received;106;COMPLETED;29;192409749
202625;transfer.cvu.received;107;COMPLETED;8;144000
202625;transfer.cvu.received;132;COMPLETED;1;194480
202625;transfer.cvu.received;140;COMPLETED;54;1991195
202625;transfer.cvu.received;141;COMPLETED;29;3346543
202625;transfer.cvu.received;142;COMPLETED;89;1398210
202625;transfer.cvu.received;144;COMPLETED;1;10.01
202625;transfer.cvu.received;145;COMPLETED;20;1043977
202625;transfer.cvu.received;146;COMPLETED;2900;206229712.37
202626;TRANSFER;1;COMPLETED;219;737239530.34
202626;TRANSFER;1;FAILED;1;32.07
202626;TRANSFER;3;COMPLETED;12;24
202626;TRANSFER;3;FAILED;6;6
202626;TRANSFER;15;COMPLETED;5;193328355.41
202626;TRANSFER;16;COMPLETED;79;23595038.93
202626;TRANSFER;16;FAILED;3;989826.57
202626;TRANSFER;19;COMPLETED;8;1831965849.83
202626;TRANSFER;20;COMPLETED;722;9109595374.21
202626;TRANSFER;25;COMPLETED;5;709019601.56
202626;TRANSFER;29;COMPLETED;1;127900.47
202626;TRANSFER;30;COMPLETED;5;68992017.40
202626;TRANSFER;31;COMPLETED;42;17022418548.71
202626;TRANSFER;38;COMPLETED;9;73019803.69
202626;TRANSFER;39;COMPLETED;5;92478140.49
202626;TRANSFER;40;COMPLETED;1796;10212355793.41
202626;TRANSFER;40;FAILED;30;196944695.13
202626;TRANSFER;41;COMPLETED;67;47606016.24
202626;TRANSFER;42;COMPLETED;5;23415924.38
202626;TRANSFER;43;COMPLETED;5;309582101.60
202626;TRANSFER;44;COMPLETED;5;2457063.45
202626;TRANSFER;46;COMPLETED;5;588482722.57
202626;TRANSFER;47;COMPLETED;3;904593.90
202626;TRANSFER;48;COMPLETED;5;43934110.79
202626;TRANSFER;51;COMPLETED;3;142433.03
202626;TRANSFER;55;COMPLETED;330;1323816011.56
202626;TRANSFER;55;FAILED;3;25714673.53
202626;TRANSFER;56;COMPLETED;5;93433653.59
202626;TRANSFER;57;COMPLETED;1;601448.19
202626;TRANSFER;58;COMPLETED;5395;264137260.40
202626;TRANSFER;58;FAILED;82;4291183
202626;TRANSFER;61;COMPLETED;26;678109729.29
202626;TRANSFER;64;COMPLETED;4;787176.86
202626;TRANSFER;66;COMPLETED;5;20787885.65
202626;TRANSFER;67;COMPLETED;5;19521639.24
202626;TRANSFER;71;COMPLETED;2856;205929987.31
202626;TRANSFER;71;FAILED;42;3582095
202626;TRANSFER;72;COMPLETED;799;27496381.86
202626;TRANSFER;72;FAILED;4;129705
202626;TRANSFER;73;COMPLETED;9;37055893.83
202626;TRANSFER;74;COMPLETED;5;79082727.47
202626;TRANSFER;75;COMPLETED;4;1444855.02
202626;TRANSFER;76;COMPLETED;1;500
202626;TRANSFER;77;COMPLETED;5;44802047.69
202626;TRANSFER;78;COMPLETED;5;117017133.06
202626;TRANSFER;79;COMPLETED;5;84385540.94
202626;TRANSFER;80;COMPLETED;5;40718061.27
202626;TRANSFER;81;COMPLETED;1823;955277872.67
202626;TRANSFER;81;FAILED;24;27720376.24
202626;TRANSFER;84;COMPLETED;2;100947.66
202626;TRANSFER;85;COMPLETED;5;11449131.15
202626;TRANSFER;87;COMPLETED;5;365300000
202626;TRANSFER;88;COMPLETED;5;33081284.40
202626;TRANSFER;90;COMPLETED;2;547064.12
202626;TRANSFER;91;COMPLETED;5;33871230.23
202626;TRANSFER;94;COMPLETED;1;46965.73
202626;TRANSFER;95;COMPLETED;5;74780385.97
202626;TRANSFER;96;COMPLETED;10;227223245.40
202626;TRANSFER;103;COMPLETED;3;361766.12
202626;TRANSFER;104;COMPLETED;5;566923518.34
202626;TRANSFER;106;COMPLETED;5;20652271.92
202626;TRANSFER;107;COMPLETED;17;340283.16
202626;TRANSFER;107;FAILED;7;5950
202626;TRANSFER;110;COMPLETED;5;290317243.05
202626;TRANSFER;120;COMPLETED;1;3248500
202626;TRANSFER;129;COMPLETED;5;8928856.26
202626;TRANSFER;136;COMPLETED;2;239541.95
202626;TRANSFER;137;COMPLETED;1;5000000
202626;TRANSFER;138;COMPLETED;5;332116843.34
202626;TRANSFER;140;COMPLETED;5;1712468.51
202626;TRANSFER;141;COMPLETED;4;1246420.90
202626;TRANSFER;142;COMPLETED;96;4704615
202626;TRANSFER;142;FAILED;3;300000
202626;TRANSFER;143;COMPLETED;5;11970123.71
202626;TRANSFER;144;COMPLETED;2;110.05
202626;TRANSFER;145;COMPLETED;5;1177064.40
202626;TRANSFER;146;COMPLETED;5;217690051.06
202626;TRANSFER;147;COMPLETED;1;9.96
202626;TRANSFER;149;COMPLETED;2;2000
202626;TRANSFER;150;COMPLETED;1;0.10
202626;TRANSFER;151;COMPLETED;5;407270225.73
202626;transfer.cbu.received;1;COMPLETED;10;10910279.97
202626;transfer.cbu.received;5;COMPLETED;16;4124459.87
202626;transfer.cbu.received;14;COMPLETED;3;453643.12
202626;transfer.cbu.received;31;COMPLETED;4;1296072.32
202626;transfer.cbu.received;39;COMPLETED;1;199150
202626;transfer.cbu.received;43;COMPLETED;3;1014127
202626;transfer.cbu.received;46;COMPLETED;7;1213588
202626;transfer.cbu.received;48;COMPLETED;1;105000
202626;transfer.cbu.received;55;COMPLETED;18;912415
202626;transfer.cbu.received;56;COMPLETED;1;180000
202626;transfer.cbu.received;58;COMPLETED;38;400675
202626;transfer.cbu.received;71;COMPLETED;19;509379.18
202626;transfer.cbu.received;72;COMPLETED;8;37104
202626;transfer.cbu.received;73;COMPLETED;5;2223500
202626;transfer.cbu.received;77;COMPLETED;2;85000
202626;transfer.cbu.received;78;COMPLETED;2;177120
202626;transfer.cbu.received;79;COMPLETED;17;515699.10
202626;transfer.cbu.received;95;COMPLETED;2;292349.89
202626;transfer.cbu.received;106;COMPLETED;1;310236
202626;transfer.cbu.received;114;COMPLETED;1;80000456
202626;transfer.cbu.received;134;COMPLETED;3;1500420
202626;transfer.cbu.received;146;COMPLETED;6;136750
202626;transfer.cvu.received;1;COMPLETED;4;3066778.47
202626;transfer.cvu.received;3;COMPLETED;3;6
202626;transfer.cvu.received;5;COMPLETED;5092;1560922508.13
202626;transfer.cvu.received;14;COMPLETED;2569;573286873.12
202626;transfer.cvu.received;15;COMPLETED;1591;182173286.32
202626;transfer.cvu.received;16;COMPLETED;76;19998099.09
202626;transfer.cvu.received;17;COMPLETED;346;57110316.45
202626;transfer.cvu.received;39;COMPLETED;470;99232778.77
202626;transfer.cvu.received;42;COMPLETED;180;22300371.94
202626;transfer.cvu.received;43;COMPLETED;1094;264954313.54
202626;transfer.cvu.received;44;COMPLETED;187;2765246.94
202626;transfer.cvu.received;46;COMPLETED;3301;383687329.92
202626;transfer.cvu.received;47;COMPLETED;20;1470100
202626;transfer.cvu.received;48;COMPLETED;236;51687762.18
202626;transfer.cvu.received;51;COMPLETED;3;143000
202626;transfer.cvu.received;55;COMPLETED;12853;1051377310.42
202626;transfer.cvu.received;56;COMPLETED;493;95573253.37
202626;transfer.cvu.received;57;COMPLETED;1;603639.40
202626;transfer.cvu.received;58;COMPLETED;12679;254235297.80
202626;transfer.cvu.received;63;COMPLETED;9;387503.40
202626;transfer.cvu.received;66;COMPLETED;79;16672606.15
202626;transfer.cvu.received;67;COMPLETED;131;18019878.08
202626;transfer.cvu.received;71;COMPLETED;7959;209011874.33
202626;transfer.cvu.received;72;COMPLETED;2185;30489281.31
202626;transfer.cvu.received;73;COMPLETED;2339;548482379.43
202626;transfer.cvu.received;74;COMPLETED;297;54370165.49
202626;transfer.cvu.received;75;COMPLETED;11;2335800
202626;transfer.cvu.received;77;COMPLETED;1276;41415467.21
202626;transfer.cvu.received;78;COMPLETED;959;107421478.76
202626;transfer.cvu.received;79;COMPLETED;3463;90125873.22
202626;transfer.cvu.received;80;COMPLETED;213;35769820
202626;transfer.cvu.received;81;COMPLETED;3938;1208643587.56
202626;transfer.cvu.received;84;COMPLETED;2;52377
202626;transfer.cvu.received;85;COMPLETED;138;8719520
202626;transfer.cvu.received;89;COMPLETED;19;4331807
202626;transfer.cvu.received;90;COMPLETED;6;855394
202626;transfer.cvu.received;91;COMPLETED;145;27160353.08
202626;transfer.cvu.received;95;COMPLETED;439;80918374.47
202626;transfer.cvu.received;96;COMPLETED;54;2746065.58
202626;transfer.cvu.received;103;COMPLETED;10;298868.13
202626;transfer.cvu.received;106;COMPLETED;35;22292634
202626;transfer.cvu.received;107;COMPLETED;15;286000
202626;transfer.cvu.received;136;COMPLETED;8;401000
202626;transfer.cvu.received;140;COMPLETED;24;738951
202626;transfer.cvu.received;141;COMPLETED;9;968261
202626;transfer.cvu.received;142;COMPLETED;181;7658851
202626;transfer.cvu.received;144;COMPLETED;2;110.05
202626;transfer.cvu.received;145;COMPLETED;16;742150
202626;transfer.cvu.received;146;COMPLETED;2792;221215252.68
202626;transfer.cvu.received;147;COMPLETED;2;40
202627;NULL;83;FAILED;1;120473.06
202627;TRANSFER;1;COMPLETED;269;42156763.96
202627;TRANSFER;1;FAILED;1;1.47
202627;TRANSFER;3;COMPLETED;14;28
202627;TRANSFER;3;FAILED;6;6
202627;TRANSFER;16;COMPLETED;10;2693879.41
202627;TRANSFER;19;COMPLETED;12;3744945933.65
202627;TRANSFER;20;COMPLETED;744;14238878248.94
202627;TRANSFER;25;COMPLETED;5;851305405.86
202627;TRANSFER;25;FAILED;1;228944170.57
202627;TRANSFER;27;COMPLETED;5;493769466.38
202627;TRANSFER;28;COMPLETED;134;54110032.27
202627;TRANSFER;29;COMPLETED;1;5197710.72
202627;TRANSFER;30;COMPLETED;5;63853024.35
202627;TRANSFER;30;FAILED;1;16815150.98
202627;TRANSFER;31;COMPLETED;42;18214767145.27
202627;TRANSFER;31;FAILED;2;965260552.80
202627;TRANSFER;38;COMPLETED;9;107525379.61
202627;TRANSFER;39;COMPLETED;5;336612408.25
202627;TRANSFER;40;COMPLETED;1699;12082168882.26
202627;TRANSFER;40;FAILED;26;16442694.61
202627;TRANSFER;41;COMPLETED;67;43074157.03
202627;TRANSFER;42;COMPLETED;5;37596788.55
202627;TRANSFER;42;FAILED;2;15262998.55
202627;TRANSFER;43;COMPLETED;5;300895609.27
202627;TRANSFER;44;COMPLETED;5;3300021.76
202627;TRANSFER;46;COMPLETED;5;732689309.22
202627;TRANSFER;47;COMPLETED;5;5563348.04
202627;TRANSFER;48;COMPLETED;5;55326601.10
202627;TRANSFER;51;COMPLETED;1;179407.98
202627;TRANSFER;52;COMPLETED;1;3453.60
202627;TRANSFER;55;COMPLETED;336;1233278284.86
202627;TRANSFER;55;FAILED;6;3819202.68
202627;TRANSFER;56;COMPLETED;5;132214699.90
202627;TRANSFER;57;COMPLETED;1;1759955.02
202627;TRANSFER;58;COMPLETED;7006;427077561.78
202627;TRANSFER;58;FAILED;66;2886960
202627;TRANSFER;58;UNKNOWN;4;731700
202627;TRANSFER;61;COMPLETED;28;742689997.87
202627;TRANSFER;64;COMPLETED;5;2575671.89
202627;TRANSFER;66;COMPLETED;5;42223308.08
202627;TRANSFER;67;COMPLETED;5;17594414.04
202627;TRANSFER;71;COMPLETED;3447;244376581.86
202627;TRANSFER;71;FAILED;57;4143027
202627;TRANSFER;72;COMPLETED;849;36455785.72
202627;TRANSFER;72;FAILED;11;761480
202627;TRANSFER;73;COMPLETED;12;13140849
202627;TRANSFER;74;COMPLETED;5;54807826.16
202627;TRANSFER;74;FAILED;1;13410621.12
202627;TRANSFER;75;COMPLETED;4;20786982.38
202627;TRANSFER;77;COMPLETED;6;42094330.22
202627;TRANSFER;78;COMPLETED;6;320382990.63
202627;TRANSFER;79;COMPLETED;5;105814073.19
202627;TRANSFER;80;COMPLETED;5;77867897.71
202627;TRANSFER;81;COMPLETED;2586;1150173670.94
202627;TRANSFER;81;FAILED;51;30366819.96
202627;TRANSFER;84;COMPLETED;3;1380274.29
202627;TRANSFER;85;COMPLETED;5;8075113.19
202627;TRANSFER;87;COMPLETED;5;542500000
202627;TRANSFER;88;COMPLETED;5;34754780.65
202627;TRANSFER;90;COMPLETED;4;1630260.89
202627;TRANSFER;91;COMPLETED;5;24305170.26
202627;TRANSFER;92;COMPLETED;2;12.84
202627;TRANSFER;93;COMPLETED;5;633600.54
202627;TRANSFER;94;COMPLETED;2;32646.12
202627;TRANSFER;95;COMPLETED;5;131720658.45
202627;TRANSFER;96;COMPLETED;10;261760946.86
202627;TRANSFER;103;COMPLETED;5;860443.63
202627;TRANSFER;104;COMPLETED;5;635401300.47
202627;TRANSFER;106;COMPLETED;5;41689198.72
202627;TRANSFER;107;COMPLETED;15;416240.77
202627;TRANSFER;107;FAILED;7;5950
202627;TRANSFER;109;COMPLETED;1;34862.33
202627;TRANSFER;110;COMPLETED;13;4852845770.28
202627;TRANSFER;114;COMPLETED;6;1600000000
202627;TRANSFER;125;COMPLETED;1;5761.18
202627;TRANSFER;126;COMPLETED;1;5307837.20
202627;TRANSFER;127;COMPLETED;1;861765.19
202627;TRANSFER;129;COMPLETED;4;18055515.94
202627;TRANSFER;136;COMPLETED;5;2880614.20
202627;TRANSFER;137;COMPLETED;2;9439992.90
202627;TRANSFER;138;COMPLETED;5;383076445.32
202627;TRANSFER;140;COMPLETED;4;641964.47
202627;TRANSFER;141;COMPLETED;5;8635397.84
202627;TRANSFER;142;COMPLETED;84;2778175
202627;TRANSFER;142;FAILED;1;7000
202627;TRANSFER;143;COMPLETED;5;149674451.75
202627;TRANSFER;144;COMPLETED;2;30.04
202627;TRANSFER;145;COMPLETED;5;846845.40
202627;TRANSFER;146;COMPLETED;5;250548393.88
202627;TRANSFER;147;COMPLETED;1;29.87
202627;TRANSFER;148;COMPLETED;2;7993.35
202627;TRANSFER;150;COMPLETED;3;131703230.75
202627;TRANSFER;151;COMPLETED;5;488598557.87
202627;transfer.cbu.received;1;COMPLETED;10;12176943.27
202627;transfer.cbu.received;5;COMPLETED;5;2490778
202627;transfer.cbu.received;14;COMPLETED;4;463011.14
202627;transfer.cbu.received;31;COMPLETED;5;2406857.13
202627;transfer.cbu.received;46;COMPLETED;5;1129340
202627;transfer.cbu.received;55;COMPLETED;10;516199
202627;transfer.cbu.received;58;COMPLETED;19;156460
202627;transfer.cbu.received;71;COMPLETED;8;339000
202627;transfer.cbu.received;72;COMPLETED;2;23000
202627;transfer.cbu.received;78;COMPLETED;2;137600
202627;transfer.cbu.received;79;COMPLETED;4;72694.40
202627;transfer.cbu.received;81;COMPLETED;1;10
202627;transfer.cbu.received;134;COMPLETED;8;2408595.85
202627;transfer.cvu.received;1;COMPLETED;14;10462043.31
202627;transfer.cvu.received;3;COMPLETED;4;8
202627;transfer.cvu.received;5;COMPLETED;12026;3789032640.77
202627;transfer.cvu.received;14;COMPLETED;4659;1141836834.92
202627;transfer.cvu.received;15;COMPLETED;3872;552054401.27
202627;transfer.cvu.received;16;COMPLETED;247;75271794.88
202627;transfer.cvu.received;17;COMPLETED;456;81968599.76
202627;transfer.cvu.received;39;COMPLETED;1693;407175385.94
202627;transfer.cvu.received;42;COMPLETED;232;44101460.23
202627;transfer.cvu.received;43;COMPLETED;1182;293211958.96
202627;transfer.cvu.received;44;COMPLETED;205;3712732.54
202627;transfer.cvu.received;46;COMPLETED;9675;1091376353.21
202627;transfer.cvu.received;47;COMPLETED;55;6299211.17
202627;transfer.cvu.received;48;COMPLETED;246;54976254.28
202627;transfer.cvu.received;51;COMPLETED;28;274500
202627;transfer.cvu.received;55;COMPLETED;14689;1346494651.42
202627;transfer.cvu.received;56;COMPLETED;919;152089689.34
202627;transfer.cvu.received;57;COMPLETED;4;2561790.81
202627;transfer.cvu.received;58;COMPLETED;15704;410821415.78
202627;transfer.cvu.received;63;COMPLETED;30;2870959.20
202627;transfer.cvu.received;66;COMPLETED;276;63218806.16
202627;transfer.cvu.received;67;COMPLETED;93;13398713.11
202627;transfer.cvu.received;71;COMPLETED;9230;228621024.91
202627;transfer.cvu.received;72;COMPLETED;2605;37241641.65
202627;transfer.cvu.received;73;COMPLETED;865;145938036.56
202627;transfer.cvu.received;74;COMPLETED;395;70876263.38
202627;transfer.cvu.received;75;COMPLETED;112;30661115.99
202627;transfer.cvu.received;77;COMPLETED;1479;44094573.73
202627;transfer.cvu.received;78;COMPLETED;2983;412049135.82
202627;transfer.cvu.received;79;COMPLETED;3747;110157009.68
202627;transfer.cvu.received;80;COMPLETED;529;91180794
202627;transfer.cvu.received;81;COMPLETED;5160;1504850697.51
202627;transfer.cvu.received;84;COMPLETED;160;3396129.97
202627;transfer.cvu.received;85;COMPLETED;150;9262399.92
202627;transfer.cvu.received;89;COMPLETED;31;4326994
202627;transfer.cvu.received;90;COMPLETED;10;2017759
202627;transfer.cvu.received;91;COMPLETED;184;29425256
202627;transfer.cvu.received;92;COMPLETED;3;17
202627;transfer.cvu.received;93;COMPLETED;2;353562
202627;transfer.cvu.received;95;COMPLETED;628;136075067.64
202627;transfer.cvu.received;96;COMPLETED;12;867879
202627;transfer.cvu.received;103;COMPLETED;17;926197
202627;transfer.cvu.received;106;COMPLETED;41;35508735.73
202627;transfer.cvu.received;107;COMPLETED;13;263600
202627;transfer.cvu.received;136;COMPLETED;23;3696148
202627;transfer.cvu.received;140;COMPLETED;21;970877
202627;transfer.cvu.received;141;COMPLETED;54;9552225
202627;transfer.cvu.received;142;COMPLETED;194;1901258
202627;transfer.cvu.received;144;COMPLETED;3;60.19
202627;transfer.cvu.received;145;COMPLETED;26;1425641.14
202627;transfer.cvu.received;146;COMPLETED;3129;267751938.93
202627;transfer.cvu.received;148;COMPLETED;1;1000
202627;transfer.cvu.received;152;COMPLETED;1;1000
202628;NULL;40;FAILED;172;141796072.70
202628;NULL;55;FAILED;5;5448888.16
202628;NULL;58;FAILED;8;171100
202628;NULL;71;FAILED;15;10585089.50
202628;NULL;72;FAILED;1;30000
202628;NULL;81;FAILED;6;1241053.53
202628;TRANSFER;1;COMPLETED;51;357871.81
202628;TRANSFER;3;COMPLETED;20;40
202628;TRANSFER;3;FAILED;10;10
202628;TRANSFER;17;COMPLETED;5;89994878.36
202628;TRANSFER;17;FAILED;1;13952135.02
202628;TRANSFER;17;PENDING;1;13952135.02
202628;TRANSFER;19;COMPLETED;27;11699628936.58
202628;TRANSFER;20;COMPLETED;520;12267455199.06
202628;TRANSFER;24;COMPLETED;1;43.59
202628;TRANSFER;25;COMPLETED;6;1273172787.33
202628;TRANSFER;25;FAILED;1;230170972.28
202628;TRANSFER;25;PENDING;1;230170972.28
202628;TRANSFER;27;COMPLETED;5;348917194.41
202628;TRANSFER;28;COMPLETED;206;80117487.27
202628;TRANSFER;28;FAILED;9;3161082.23
202628;TRANSFER;31;COMPLETED;61;28153844604.18
202628;TRANSFER;38;COMPLETED;7;66952424.33
202628;TRANSFER;38;FAILED;1;18133194.38
202628;TRANSFER;39;COMPLETED;5;328813199.23
202628;TRANSFER;40;COMPLETED;1546;13112624309.87
202628;TRANSFER;40;FAILED;51;11270676.06
202628;TRANSFER;41;COMPLETED;27;28676756.97
202628;TRANSFER;41;FAILED;3;5564.40
202628;TRANSFER;42;COMPLETED;4;52386476.49
202628;TRANSFER;42;FAILED;1;8711486.51
202628;TRANSFER;42;PENDING;1;8711486.51
202628;TRANSFER;43;COMPLETED;5;232390643.27
202628;TRANSFER;44;COMPLETED;4;2303873.84
202628;TRANSFER;45;COMPLETED;111;7380573.21
202628;TRANSFER;45;FAILED;1;60
202628;TRANSFER;46;COMPLETED;6;1295582399.67
202628;TRANSFER;47;COMPLETED;5;7055260.51
202628;TRANSFER;48;COMPLETED;5;48069325.95
202628;TRANSFER;51;COMPLETED;4;1309359.78
202628;TRANSFER;55;COMPLETED;252;619048118.62
202628;TRANSFER;55;FAILED;18;81303591.15
202628;TRANSFER;56;COMPLETED;5;145614957.87
202628;TRANSFER;57;COMPLETED;5;4931694.51
202628;TRANSFER;58;COMPLETED;6660;410041940.44
202628;TRANSFER;58;FAILED;78;4991143
202628;TRANSFER;60;COMPLETED;1;773.94
202628;TRANSFER;61;COMPLETED;45;716695923.75
202628;TRANSFER;64;COMPLETED;5;1035124.97
202628;TRANSFER;65;COMPLETED;1;639625.54
202628;TRANSFER;66;COMPLETED;4;84072673.08
202628;TRANSFER;67;COMPLETED;2;122050.58
202628;TRANSFER;71;COMPLETED;3479;232001045.41
202628;TRANSFER;71;FAILED;79;8022113.50
202628;TRANSFER;72;COMPLETED;837;31094197.62
202628;TRANSFER;72;FAILED;12;503000
202628;TRANSFER;73;COMPLETED;3;13357444.72
202628;TRANSFER;74;COMPLETED;5;75774377.03
202628;TRANSFER;77;COMPLETED;5;36119239.02
202628;TRANSFER;78;COMPLETED;5;445072913.38
202628;TRANSFER;79;COMPLETED;4;75083293.76
202628;TRANSFER;80;COMPLETED;4;58487770.59
202628;TRANSFER;81;COMPLETED;4351;1713945119.38
202628;TRANSFER;81;FAILED;125;68493308.34
202628;TRANSFER;84;COMPLETED;4;4420741.36
202628;TRANSFER;85;COMPLETED;4;8095353.04
202628;TRANSFER;87;COMPLETED;4;435423266.16
202628;TRANSFER;88;COMPLETED;3;29409340.47
202628;TRANSFER;89;COMPLETED;1;733291.91
202628;TRANSFER;90;COMPLETED;4;2117683.13
202628;TRANSFER;91;COMPLETED;4;28762129.95
202628;TRANSFER;93;COMPLETED;5;776644.75
202628;TRANSFER;94;COMPLETED;3;5050958.41
202628;TRANSFER;94;PENDING;1;5021480.74
202628;TRANSFER;95;COMPLETED;4;127690280.03
202628;TRANSFER;96;COMPLETED;6;197520222.92
202628;TRANSFER;103;COMPLETED;4;706226.13
202628;TRANSFER;104;COMPLETED;3;475860703.84
202628;TRANSFER;106;COMPLETED;4;14215380.52
202628;TRANSFER;107;COMPLETED;21;466766.68
202628;TRANSFER;107;FAILED;7;5950
202628;TRANSFER;109;COMPLETED;2;127279.26
202628;TRANSFER;110;COMPLETED;8;3547490695.34
202628;TRANSFER;114;COMPLETED;6;1700000000
202628;TRANSFER;126;COMPLETED;1;4.78
202628;TRANSFER;129;COMPLETED;2;5417266.88
202628;TRANSFER;130;COMPLETED;4;35193961.91
202628;TRANSFER;132;COMPLETED;1;1644.99
202628;TRANSFER;136;COMPLETED;3;1751132.61
202628;TRANSFER;138;COMPLETED;3;423927389.72
202628;TRANSFER;140;COMPLETED;4;711292.69
202628;TRANSFER;141;COMPLETED;4;5385066.15
202628;TRANSFER;142;COMPLETED;77;2843863.63
202628;TRANSFER;142;FAILED;2;3100
202628;TRANSFER;143;COMPLETED;3;325052255.79
202628;TRANSFER;145;COMPLETED;4;2102035.86
202628;TRANSFER;146;COMPLETED;4;214719174.71
202628;TRANSFER;149;COMPLETED;1;634645
202628;TRANSFER;150;COMPLETED;3;252628216.78
202628;TRANSFER;151;COMPLETED;3;428766941.94
202628;transfer.cbu.received;1;COMPLETED;6;9566401.92
202628;transfer.cbu.received;5;COMPLETED;14;3963565
202628;transfer.cbu.received;14;COMPLETED;6;1502196.23
202628;transfer.cbu.received;15;COMPLETED;7;1152711.36
202628;transfer.cbu.received;16;COMPLETED;1;460000
202628;transfer.cbu.received;31;COMPLETED;5;20659747.42
202628;transfer.cbu.received;39;COMPLETED;1;122000
202628;transfer.cbu.received;46;COMPLETED;6;701830
202628;transfer.cbu.received;55;COMPLETED;13;1158355
202628;transfer.cbu.received;58;COMPLETED;16;182700
202628;transfer.cbu.received;71;COMPLETED;5;65300
202628;transfer.cbu.received;72;COMPLETED;6;41800
202628;transfer.cbu.received;77;COMPLETED;1;55800
202628;transfer.cbu.received;79;COMPLETED;6;342987.90
202628;transfer.cbu.received;81;COMPLETED;1;374049.79
202628;transfer.cbu.received;134;COMPLETED;2;2442322.09
202628;transfer.cbu.received;146;COMPLETED;2;293500
202628;transfer.cvu.received;1;COMPLETED;8;3492792.47
202628;transfer.cvu.received;3;COMPLETED;5;10
202628;transfer.cvu.received;5;COMPLETED;17411;5093577731.12
202628;transfer.cvu.received;14;COMPLETED;9717;2619780141.66
202628;transfer.cvu.received;15;COMPLETED;4230;599538343.52
202628;transfer.cvu.received;16;COMPLETED;470;130156772.83
202628;transfer.cvu.received;17;COMPLETED;1025;184927940
202628;transfer.cvu.received;39;COMPLETED;1595;335806570.75
202628;transfer.cvu.received;42;COMPLETED;437;82901019.29
202628;transfer.cvu.received;43;COMPLETED;1252;317531868.91
202628;transfer.cvu.received;44;COMPLETED;181;2984998.64
202628;transfer.cvu.received;46;COMPLETED;17663;2124362064.15
202628;transfer.cvu.received;47;COMPLETED;163;12315000
202628;transfer.cvu.received;48;COMPLETED;199;59355247.87
202628;transfer.cvu.received;51;COMPLETED;71;1718000
202628;transfer.cvu.received;55;COMPLETED;13176;966025008.83
202628;transfer.cvu.received;56;COMPLETED;1445;228766667.02
202628;transfer.cvu.received;57;COMPLETED;12;9761151.09
202628;transfer.cvu.received;58;COMPLETED;15583;418481338.61
202628;transfer.cvu.received;63;COMPLETED;12;1186368.03
202628;transfer.cvu.received;66;COMPLETED;832;170196785.81
202628;transfer.cvu.received;71;COMPLETED;10019;227816955.80
202628;transfer.cvu.received;72;COMPLETED;2494;24594054.05
202628;transfer.cvu.received;73;COMPLETED;4;914700.30
202628;transfer.cvu.received;74;COMPLETED;839;147304513.13
202628;transfer.cvu.received;75;COMPLETED;155;41677041.66
202628;transfer.cvu.received;77;COMPLETED;2002;48592960.37
202628;transfer.cvu.received;78;COMPLETED;5431;780897930.36
202628;transfer.cvu.received;79;COMPLETED;3342;92079678.67
202628;transfer.cvu.received;80;COMPLETED;500;71930659.73
202628;transfer.cvu.received;81;COMPLETED;8856;2360487017.27
202628;transfer.cvu.received;84;COMPLETED;239;5200441.11
202628;transfer.cvu.received;85;COMPLETED;175;11505737.47
202628;transfer.cvu.received;89;COMPLETED;63;10217908
202628;transfer.cvu.received;90;COMPLETED;19;2700999
202628;transfer.cvu.received;91;COMPLETED;168;30976569
202628;transfer.cvu.received;93;COMPLETED;8;422297.72
202628;transfer.cvu.received;95;COMPLETED;1010;216685755.32
202628;transfer.cvu.received;96;COMPLETED;9;662449.68
202628;transfer.cvu.received;103;COMPLETED;20;1365360
202628;transfer.cvu.received;106;COMPLETED;72;42275183
202628;transfer.cvu.received;107;COMPLETED;12;225000
202628;transfer.cvu.received;136;COMPLETED;20;2566120
202628;transfer.cvu.received;140;COMPLETED;26;1002960
202628;transfer.cvu.received;141;COMPLETED;64;8302031
202628;transfer.cvu.received;142;COMPLETED;196;1621736.82
202628;transfer.cvu.received;145;COMPLETED;68;4174045
202628;transfer.cvu.received;146;COMPLETED;3589;328129974.72
202629;NULL;58;FAILED;11;2466680
202629;NULL;71;FAILED;6;1152050
202629;NULL;72;FAILED;1;200000
202629;TRANSFER;3;COMPLETED;12;24
202629;TRANSFER;3;FAILED;6;6
202629;TRANSFER;17;COMPLETED;6;184582859.01
202629;TRANSFER;17;FAILED;1;15045757.90
202629;TRANSFER;19;COMPLETED;26;10717987534.60
202629;TRANSFER;20;COMPLETED;856;17043724851.04
202629;TRANSFER;20;FAILED;7;1493904
202629;TRANSFER;25;COMPLETED;9;2463937254.55
202629;TRANSFER;25;FAILED;1;156612945.13
202629;TRANSFER;27;COMPLETED;6;642556929.32
202629;TRANSFER;28;COMPLETED;359;151408733.05
202629;TRANSFER;28;FAILED;11;3460763.64
202629;TRANSFER;31;COMPLETED;131;61443645587.80
202629;TRANSFER;31;FAILED;2;1000000000
202629;TRANSFER;38;COMPLETED;11;118735911.73
202629;TRANSFER;38;FAILED;2;47980093.67
202629;TRANSFER;39;COMPLETED;6;217939370.05
202629;TRANSFER;40;COMPLETED;3487;30765105205.41
202629;TRANSFER;40;FAILED;134;1217006117.46
202629;TRANSFER;41;COMPLETED;64;69468012.29
202629;TRANSFER;41;FAILED;8;2624226.07
202629;TRANSFER;42;COMPLETED;5;73767500.98
202629;TRANSFER;42;FAILED;1;5449957.94
202629;TRANSFER;43;COMPLETED;5;350130310.27
202629;TRANSFER;44;COMPLETED;5;3619765.12
202629;TRANSFER;45;COMPLETED;269;155652393.24
202629;TRANSFER;45;FAILED;1;4.13
202629;TRANSFER;46;COMPLETED;7;1773413011.03
202629;TRANSFER;47;COMPLETED;5;26173847.49
202629;TRANSFER;48;COMPLETED;5;62404650.84
202629;TRANSFER;51;COMPLETED;5;1312014
202629;TRANSFER;55;COMPLETED;360;1269683210.93
202629;TRANSFER;55;FAILED;8;13372084.67
202629;TRANSFER;56;COMPLETED;5;217131687.41
202629;TRANSFER;57;COMPLETED;2;5680472.59
202629;TRANSFER;58;COMPLETED;6317;361989489.30
202629;TRANSFER;58;FAILED;66;3945715
202629;TRANSFER;61;COMPLETED;53;1481288410.32
202629;TRANSFER;64;COMPLETED;5;2166652.03
202629;TRANSFER;66;COMPLETED;5;152445701.70
202629;TRANSFER;67;COMPLETED;2;1547621.67
202629;TRANSFER;71;COMPLETED;3336;251785644.20
202629;TRANSFER;71;FAILED;39;6853862
202629;TRANSFER;72;COMPLETED;1087;55925821.30
202629;TRANSFER;72;FAILED;42;5104661
202629;TRANSFER;74;COMPLETED;5;188985136.65
202629;TRANSFER;77;COMPLETED;5;61101988.23
202629;TRANSFER;78;COMPLETED;5;619135659.94
202629;TRANSFER;79;COMPLETED;6;145462666.38
202629;TRANSFER;80;COMPLETED;5;114691434
202629;TRANSFER;81;COMPLETED;5523;2385864928.10
202629;TRANSFER;81;FAILED;170;72150134.35
202629;TRANSFER;84;COMPLETED;5;3244785.82
202629;TRANSFER;85;COMPLETED;5;14158120.01
202629;TRANSFER;87;COMPLETED;5;695900000
202629;TRANSFER;88;COMPLETED;5;50516198.23
202629;TRANSFER;90;COMPLETED;3;1520790.22
202629;TRANSFER;91;COMPLETED;5;47832727.67
202629;TRANSFER;92;COMPLETED;2;518.57
202629;TRANSFER;93;COMPLETED;9;2286940.85
202629;TRANSFER;93;FAILED;5;783442.15
202629;TRANSFER;94;COMPLETED;1;33570.78
202629;TRANSFER;95;COMPLETED;5;212722662.06
202629;TRANSFER;96;COMPLETED;10;358193872.52
202629;TRANSFER;103;COMPLETED;5;1439935.36
202629;TRANSFER;104;COMPLETED;5;790852686.44
202629;TRANSFER;104;FAILED;1;337121588.18
202629;TRANSFER;106;COMPLETED;5;65428158.12
202629;TRANSFER;107;COMPLETED;13;214437.46
202629;TRANSFER;107;FAILED;7;5950
202629;TRANSFER;109;COMPLETED;3;152842.39
202629;TRANSFER;110;COMPLETED;6;1237377325.73
202629;TRANSFER;114;COMPLETED;2;450000000
202629;TRANSFER;129;COMPLETED;3;9777751.91
202629;TRANSFER;130;COMPLETED;6;31995381.50
202629;TRANSFER;136;COMPLETED;5;3339954.27
202629;TRANSFER;137;COMPLETED;1;21000000
202629;TRANSFER;138;COMPLETED;5;596913148.88
202629;TRANSFER;138;FAILED;1;263280685.09
202629;TRANSFER;140;COMPLETED;5;1575370
202629;TRANSFER;141;COMPLETED;5;13068871.06
202629;TRANSFER;142;COMPLETED;72;3331721
202629;TRANSFER;142;FAILED;1;1500
202629;TRANSFER;143;COMPLETED;5;233014038.87
202629;TRANSFER;145;COMPLETED;5;3242580.97
202629;TRANSFER;146;COMPLETED;5;416206212.47
202629;TRANSFER;150;COMPLETED;5;477894547.19
202629;TRANSFER;150;FAILED;1;217577086.58
202629;TRANSFER;151;COMPLETED;5;618027113.91
202629;TRANSFER;151;FAILED;1;271156149.59
202629;TRANSFER;153;COMPLETED;1;13.86
202629;TRANSFER;157;COMPLETED;2;29772373.75
202629;transfer.cbu.received;1;COMPLETED;11;18675141.16
202629;transfer.cbu.received;5;COMPLETED;11;3722591
202629;transfer.cbu.received;14;COMPLETED;9;2516317.93
202629;transfer.cbu.received;15;COMPLETED;3;177532.55
202629;transfer.cbu.received;31;COMPLETED;5;18833347.39
202629;transfer.cbu.received;43;COMPLETED;4;775272.49
202629;transfer.cbu.received;44;COMPLETED;1;9300
202629;transfer.cbu.received;46;COMPLETED;15;2305183
202629;transfer.cbu.received;55;COMPLETED;3;94797
202629;transfer.cbu.received;56;COMPLETED;2;236500
202629;transfer.cbu.received;57;COMPLETED;1;27462.13
202629;transfer.cbu.received;58;COMPLETED;14;759000
202629;transfer.cbu.received;66;COMPLETED;1;238564
202629;transfer.cbu.received;71;COMPLETED;6;10800
202629;transfer.cbu.received;72;COMPLETED;1;400
202629;transfer.cbu.received;77;COMPLETED;1;21000
202629;transfer.cbu.received;78;COMPLETED;4;692852
202629;transfer.cbu.received;79;COMPLETED;4;65549.82
202629;transfer.cbu.received;80;COMPLETED;1;83000
202629;transfer.cbu.received;81;COMPLETED;3;76477.64
202629;transfer.cbu.received;85;COMPLETED;1;107600
202629;transfer.cbu.received;91;COMPLETED;1;205800
202629;transfer.cbu.received;134;COMPLETED;8;7807374.58
202629;transfer.cbu.received;146;COMPLETED;2;375000
202629;transfer.cvu.received;1;COMPLETED;14;9200890.13
202629;transfer.cvu.received;3;COMPLETED;3;6
202629;transfer.cvu.received;5;COMPLETED;7254;2115488134.17
202629;transfer.cvu.received;14;COMPLETED;4027;891221629.12
202629;transfer.cvu.received;15;COMPLETED;2747;347836490.76
202629;transfer.cvu.received;16;COMPLETED;316;90492514.09
202629;transfer.cvu.received;17;COMPLETED;521;78639939.01
202629;transfer.cvu.received;39;COMPLETED;606;116083411.66
202629;transfer.cvu.received;42;COMPLETED;230;36246799.57
202629;transfer.cvu.received;43;COMPLETED;1329;283042738.63
202629;transfer.cvu.received;44;COMPLETED;194;2785732.47
202629;transfer.cvu.received;46;COMPLETED;5695;704991399.37
202629;transfer.cvu.received;47;COMPLETED;318;25909449.12
202629;transfer.cvu.received;48;COMPLETED;153;42167972.46
202629;transfer.cvu.received;51;COMPLETED;61;1058000
202629;transfer.cvu.received;55;COMPLETED;13299;1123488965.70
202629;transfer.cvu.received;56;COMPLETED;710;107508009.42
202629;transfer.cvu.received;58;COMPLETED;14815;370708300.14
202629;transfer.cvu.received;63;COMPLETED;21;2131921.16
202629;transfer.cvu.received;66;COMPLETED;275;58029142.06
202629;transfer.cvu.received;67;COMPLETED;6;2363475
202629;transfer.cvu.received;71;COMPLETED;9379;250775461.47
202629;transfer.cvu.received;72;COMPLETED;3021;51598728.16
202629;transfer.cvu.received;74;COMPLETED;658;113996533.74
202629;transfer.cvu.received;75;COMPLETED;65;16233532.03
202629;transfer.cvu.received;77;COMPLETED;1951;45019964.30
202629;transfer.cvu.received;78;COMPLETED;1822;206297680.64
202629;transfer.cvu.received;79;COMPLETED;4554;125242462.79
202629;transfer.cvu.received;80;COMPLETED;586;92999341.98
202629;transfer.cvu.received;81;COMPLETED;8568;2231569078.04
202629;transfer.cvu.received;84;COMPLETED;20;447856.96
202629;transfer.cvu.received;85;COMPLETED;162;11868780
202629;transfer.cvu.received;89;COMPLETED;66;12489413
202629;transfer.cvu.received;90;COMPLETED;4;248800
202629;transfer.cvu.received;91;COMPLETED;258;58500545.12
202629;transfer.cvu.received;93;COMPLETED;7;343437.93
202629;transfer.cvu.received;95;COMPLETED;756;135814901.18
202629;transfer.cvu.received;96;COMPLETED;8;1503550.51
202629;transfer.cvu.received;103;COMPLETED;13;812390
202629;transfer.cvu.received;106;COMPLETED;96;39977826.39
202629;transfer.cvu.received;107;COMPLETED;4;95000
202629;transfer.cvu.received;136;COMPLETED;15;2708100
202629;transfer.cvu.received;140;COMPLETED;27;1147007
202629;transfer.cvu.received;141;COMPLETED;82;9679699
202629;transfer.cvu.received;142;COMPLETED;151;5359251
202629;transfer.cvu.received;145;COMPLETED;22;866865
202629;transfer.cvu.received;146;COMPLETED;3457;307910523.58
202629;transfer.cvu.received;152;COMPLETED;1;35000
202629;transfer.cvu.received;154;COMPLETED;2;20
202630;NULL;58;FAILED;1;10000
202630;TRANSFER;3;COMPLETED;5;10
202630;TRANSFER;3;FAILED;2;2
202630;TRANSFER;17;COMPLETED;5;58881534.31
202630;TRANSFER;19;COMPLETED;16;4893248782.18
202630;TRANSFER;20;COMPLETED;642;11106157789.39
202630;TRANSFER;20;FAILED;3;2753768.05
202630;TRANSFER;25;COMPLETED;5;717517763.05
202630;TRANSFER;27;COMPLETED;5;228881079.49
202630;TRANSFER;28;COMPLETED;128;41281468.60
202630;TRANSFER;29;COMPLETED;1;6332509.80
202630;TRANSFER;31;COMPLETED;47;21271788298.77
202630;TRANSFER;31;FAILED;9;4416749085.86
202630;TRANSFER;31;PENDING;1;500000000
202630;TRANSFER;38;COMPLETED;10;91220221.03
202630;TRANSFER;39;COMPLETED;5;96625291.48
202630;TRANSFER;40;COMPLETED;2093;12785987879.91
202630;TRANSFER;40;FAILED;5;8500229.61
202630;TRANSFER;41;COMPLETED;62;37476263.07
202630;TRANSFER;42;COMPLETED;5;25508395.68
202630;TRANSFER;43;COMPLETED;5;310681190.82
202630;TRANSFER;44;COMPLETED;5;2781308.97
202630;TRANSFER;45;COMPLETED;270;62345249.45
202630;TRANSFER;46;COMPLETED;5;603948513.33
202630;TRANSFER;47;COMPLETED;5;27192396.28
202630;TRANSFER;48;COMPLETED;5;43410965.49
202630;TRANSFER;51;COMPLETED;5;852312.13
202630;TRANSFER;55;COMPLETED;326;881256825.96
202630;TRANSFER;55;FAILED;16;124359313.21
202630;TRANSFER;56;COMPLETED;5;68276917.30
202630;TRANSFER;58;COMPLETED;5880;318636380.24
202630;TRANSFER;58;FAILED;134;8440008.95
202630;TRANSFER;58;UNKNOWN;3;20392
202630;TRANSFER;61;COMPLETED;39;893848813.18
202630;TRANSFER;63;COMPLETED;2;141489.15
202630;TRANSFER;64;COMPLETED;3;809437.67
202630;TRANSFER;66;COMPLETED;5;34672632.73
202630;TRANSFER;67;COMPLETED;1;807273.92
202630;TRANSFER;71;COMPLETED;3239;208393268.22
202630;TRANSFER;71;FAILED;68;4144830
202630;TRANSFER;72;COMPLETED;1013;38340015.37
202630;TRANSFER;72;FAILED;25;356288.85
202630;TRANSFER;74;COMPLETED;5;74215319.48
202630;TRANSFER;77;COMPLETED;5;38374082.04
202630;TRANSFER;78;COMPLETED;5;163017589.08
202630;TRANSFER;79;COMPLETED;5;132132939.29
202630;TRANSFER;80;COMPLETED;5;56194824.91
202630;TRANSFER;81;COMPLETED;5138;1920064045.53
202630;TRANSFER;81;FAILED;196;64814841.98
202630;TRANSFER;84;COMPLETED;3;124434.98
202630;TRANSFER;85;COMPLETED;5;15761152.81
202630;TRANSFER;87;COMPLETED;5;632382613.84
202630;TRANSFER;88;COMPLETED;5;33681556.52
202630;TRANSFER;91;COMPLETED;5;64926267.64
202630;TRANSFER;93;COMPLETED;8;1055163.97
202630;TRANSFER;94;COMPLETED;2;29648.06
202630;TRANSFER;95;COMPLETED;5;134683463.74
202630;TRANSFER;96;COMPLETED;9;238299542.21
202630;TRANSFER;103;COMPLETED;5;405183.72
202630;TRANSFER;104;COMPLETED;5;663422999.55
202630;TRANSFER;106;COMPLETED;5;25422222.48
202630;TRANSFER;107;COMPLETED;14;241389.49
202630;TRANSFER;107;FAILED;7;40371.25
202630;TRANSFER;109;COMPLETED;5;872716.34
202630;TRANSFER;110;COMPLETED;5;248485679.83
202630;TRANSFER;125;COMPLETED;1;47598.47
202630;TRANSFER;126;COMPLETED;2;18414063.50
202630;TRANSFER;127;COMPLETED;1;5024655.48
202630;TRANSFER;129;COMPLETED;3;6369545.23
202630;TRANSFER;130;COMPLETED;5;3646090.83
202630;TRANSFER;131;COMPLETED;4;400
202630;TRANSFER;134;COMPLETED;1;2038169.79
202630;TRANSFER;136;COMPLETED;2;1908384
202630;TRANSFER;137;COMPLETED;1;47822275.13
202630;TRANSFER;138;COMPLETED;5;409469913.63
202630;TRANSFER;140;COMPLETED;5;1822534.54
202630;TRANSFER;141;COMPLETED;5;2298143.20
202630;TRANSFER;142;COMPLETED;57;1229807
202630;TRANSFER;142;FAILED;3;26900
202630;TRANSFER;143;COMPLETED;5;45154498.96
202630;TRANSFER;145;COMPLETED;5;698856.19
202630;TRANSFER;146;COMPLETED;5;288790115.70
202630;TRANSFER;148;COMPLETED;4;142227.88
202630;TRANSFER;150;COMPLETED;5;364482188.57
202630;TRANSFER;151;COMPLETED;5;475248771.35
202630;TRANSFER;154;COMPLETED;1;29.82
202630;TRANSFER;157;COMPLETED;5;129715848.29
202630;TRANSFER;158;COMPLETED;1;10
202630;TRANSFER;159;COMPLETED;1;697.90
202630;transfer.cbu.received;1;COMPLETED;10;13335740.67
202630;transfer.cbu.received;14;COMPLETED;3;625180
202630;transfer.cbu.received;15;COMPLETED;1;13000
202630;transfer.cbu.received;31;COMPLETED;5;3772854.96
202630;transfer.cbu.received;46;COMPLETED;2;830000
202630;transfer.cbu.received;55;COMPLETED;11;1399025
202630;transfer.cbu.received;58;COMPLETED;11;136800
202630;transfer.cbu.received;71;COMPLETED;1;2000
202630;transfer.cbu.received;72;COMPLETED;9;19000
202630;transfer.cbu.received;79;COMPLETED;3;87799.92
202630;transfer.cbu.received;81;COMPLETED;1;189499.44
202630;transfer.cbu.received;91;COMPLETED;1;82173
202630;transfer.cbu.received;95;COMPLETED;1;10000
202630;transfer.cbu.received;107;COMPLETED;3;74000
202630;transfer.cbu.received;114;COMPLETED;1;70000456
202630;transfer.cbu.received;134;COMPLETED;3;1313229
202630;transfer.cbu.received;146;COMPLETED;1;32500
202630;transfer.cvu.received;1;COMPLETED;10;8532505.47
202630;transfer.cvu.received;3;COMPLETED;2;4
202630;transfer.cvu.received;5;COMPLETED;4899;1533331603.29
202630;transfer.cvu.received;14;COMPLETED;2879;644703091.25
202630;transfer.cvu.received;15;COMPLETED;1715;191311950.98
202630;transfer.cvu.received;16;COMPLETED;126;36241518.53
202630;transfer.cvu.received;17;COMPLETED;388;56816496.69
202630;transfer.cvu.received;39;COMPLETED;487;93630199.85
202630;transfer.cvu.received;42;COMPLETED;182;21985707.67
202630;transfer.cvu.received;43;COMPLETED;1223;291525123.88
202630;transfer.cvu.received;44;COMPLETED;194;2641754.84
202630;transfer.cvu.received;46;COMPLETED;3580;451065933.83
202630;transfer.cvu.received;47;COMPLETED;182;20712625.65
202630;transfer.cvu.received;48;COMPLETED;201;42004961.53
202630;transfer.cvu.received;51;COMPLETED;46;652500
202630;transfer.cvu.received;55;COMPLETED;12868;940313543.38
202630;transfer.cvu.received;56;COMPLETED;405;63383712.91
202630;transfer.cvu.received;58;COMPLETED;14437;330431412.62
202630;transfer.cvu.received;63;COMPLETED;13;612608.99
202630;transfer.cvu.received;66;COMPLETED;145;30342891.54
202630;transfer.cvu.received;71;COMPLETED;9471;218985693.42
202630;transfer.cvu.received;72;COMPLETED;3041;38342481.63
202630;transfer.cvu.received;73;COMPLETED;1;1114372
202630;transfer.cvu.received;74;COMPLETED;387;75171191.07
202630;transfer.cvu.received;75;COMPLETED;11;2073665
202630;transfer.cvu.received;77;COMPLETED;1714;38513178.47
202630;transfer.cvu.received;78;COMPLETED;1624;157237402.22
202630;transfer.cvu.received;79;COMPLETED;4715;132037002.85
202630;transfer.cvu.received;80;COMPLETED;244;63370602
202630;transfer.cvu.received;81;COMPLETED;8258;2110102083.13
202630;transfer.cvu.received;84;COMPLETED;6;146926.20
202630;transfer.cvu.received;85;COMPLETED;214;15193073
202630;transfer.cvu.received;89;COMPLETED;29;3352221
202630;transfer.cvu.received;91;COMPLETED;251;44381040.48
202630;transfer.cvu.received;93;COMPLETED;9;300299.37
202630;transfer.cvu.received;95;COMPLETED;667;114745615.72
202630;transfer.cvu.received;96;COMPLETED;15;2081937.99
202630;transfer.cvu.received;103;COMPLETED;9;195000
202630;transfer.cvu.received;106;COMPLETED;113;30174566
202630;transfer.cvu.received;107;COMPLETED;21;387000
202630;transfer.cvu.received;136;COMPLETED;1;790000
202630;transfer.cvu.received;140;COMPLETED;59;1791716
202630;transfer.cvu.received;141;COMPLETED;19;2294873.60
202630;transfer.cvu.received;142;COMPLETED;108;776824
202630;transfer.cvu.received;144;COMPLETED;1;30.03
202630;transfer.cvu.received;145;COMPLETED;13;595358
202630;transfer.cvu.received;146;COMPLETED;3314;280618891.20
202630;transfer.cvu.received;148;COMPLETED;5;131258.99
202630;transfer.cvu.received;154;COMPLETED;2;20
202631;NULL;45;FAILED;3;18858.44
202631;NULL;58;FAILED;1;44150
202631;NULL;71;FAILED;3;74690
202631;NULL;72;FAILED;1;100000
202631;NULL;81;FAILED;10;2462745.32
202631;TRANSFER;17;COMPLETED;6;56936698.69
202631;TRANSFER;19;COMPLETED;16;5364248097.03
202631;TRANSFER;20;COMPLETED;673;11029318743.53
202631;TRANSFER;25;COMPLETED;5;463042493.26
202631;TRANSFER;27;COMPLETED;5;181262113.11
202631;TRANSFER;28;COMPLETED;70;21900608.88
202631;TRANSFER;29;COMPLETED;1;8757446
202631;TRANSFER;31;COMPLETED;34;13641412757.90
202631;TRANSFER;38;COMPLETED;10;113639325.54
202631;TRANSFER;39;COMPLETED;5;87389517.37
202631;TRANSFER;40;COMPLETED;1641;8212981338.18
202631;TRANSFER;40;FAILED;14;2849594.03
202631;TRANSFER;41;COMPLETED;60;36816461.81
202631;TRANSFER;42;COMPLETED;5;17065004.50
202631;TRANSFER;43;COMPLETED;5;235690972.91
202631;TRANSFER;44;COMPLETED;5;2696655.52
202631;TRANSFER;45;COMPLETED;268;558358533.53
202631;TRANSFER;45;FAILED;1;1.65
202631;TRANSFER;46;COMPLETED;5;176833084.80
202631;TRANSFER;47;COMPLETED;5;7301556.70
202631;TRANSFER;48;COMPLETED;5;38500607.12
202631;TRANSFER;51;COMPLETED;5;430380.36
202631;TRANSFER;55;COMPLETED;304;868854218.98
202631;TRANSFER;55;FAILED;4;13215683.06
202631;TRANSFER;56;COMPLETED;5;69618510.42
202631;TRANSFER;58;COMPLETED;6253;409955286.35
202631;TRANSFER;58;FAILED;48;2333117
202631;TRANSFER;58;UNKNOWN;6;350400
202631;TRANSFER;61;COMPLETED;35;644475224.11
202631;TRANSFER;64;COMPLETED;5;1612654.09
202631;TRANSFER;66;COMPLETED;6;30945739.66
202631;TRANSFER;67;COMPLETED;1;2241840.47
202631;TRANSFER;71;COMPLETED;3149;213472074.59
202631;TRANSFER;71;FAILED;36;1139660
202631;TRANSFER;71;UNKNOWN;1;2500
202631;TRANSFER;72;COMPLETED;943;44246668.79
202631;TRANSFER;72;FAILED;7;329500
202631;TRANSFER;72;UNKNOWN;2;130000
202631;TRANSFER;74;COMPLETED;5;54339504.65
202631;TRANSFER;77;COMPLETED;5;39803999.94
202631;TRANSFER;78;COMPLETED;5;181286161.50
202631;TRANSFER;79;COMPLETED;5;120271561.61
202631;TRANSFER;80;COMPLETED;5;51127640.98
202631;TRANSFER;81;COMPLETED;5355;2147155803.21
202631;TRANSFER;81;FAILED;107;35912719.74
202631;TRANSFER;84;COMPLETED;2;40763.63
202631;TRANSFER;85;COMPLETED;5;11114806.10
202631;TRANSFER;87;COMPLETED;5;551167928.75
202631;TRANSFER;88;COMPLETED;5;18399605.83
202631;TRANSFER;90;COMPLETED;2;693479.91
202631;TRANSFER;91;COMPLETED;5;25962119.13
202631;TRANSFER;93;COMPLETED;7;632631.61
202631;TRANSFER;93;FAILED;1;10648
202631;TRANSFER;94;COMPLETED;2;3212.14
202631;TRANSFER;95;COMPLETED;5;101203862.75
202631;TRANSFER;96;COMPLETED;10;128887846.34
202631;TRANSFER;103;COMPLETED;5;416862.63
202631;TRANSFER;104;COMPLETED;5;586249869.85
202631;TRANSFER;106;COMPLETED;5;37098536.21
202631;TRANSFER;107;COMPLETED;23;545568.47
202631;TRANSFER;107;FAILED;3;33174
202631;TRANSFER;109;COMPLETED;4;1979446.07
202631;TRANSFER;110;COMPLETED;4;142513935.25
202631;TRANSFER;126;COMPLETED;2;305419.70
202631;TRANSFER;129;COMPLETED;5;13685621.90
202631;TRANSFER;130;COMPLETED;3;918095.33
202631;TRANSFER;134;COMPLETED;3;2327105.26
202631;TRANSFER;134;FAILED;3;2327105.26
202631;TRANSFER;136;COMPLETED;3;1056181.21
202631;TRANSFER;138;COMPLETED;5;298251625.05
202631;TRANSFER;140;COMPLETED;5;588511.82
202631;TRANSFER;141;COMPLETED;5;2086669.42
202631;TRANSFER;142;COMPLETED;41;602928
202631;TRANSFER;143;COMPLETED;5;44399268.42
202631;TRANSFER;144;COMPLETED;1;10.07
202631;TRANSFER;145;COMPLETED;4;491150.45
202631;TRANSFER;146;COMPLETED;5;274779522.85
202631;TRANSFER;148;COMPLETED;7;415302.68
202631;TRANSFER;150;COMPLETED;5;280720865.14
202631;TRANSFER;151;COMPLETED;5;452232074.63
202631;TRANSFER;157;COMPLETED;5;84624446.25
202631;TRANSFER;160;COMPLETED;2;24.75
202631;transfer.cbu.received;1;COMPLETED;11;19660234.56
202631;transfer.cbu.received;31;COMPLETED;3;6734545
202631;transfer.cbu.received;37;COMPLETED;1;1000
202631;transfer.cbu.received;55;COMPLETED;3;77500
202631;transfer.cbu.received;58;COMPLETED;2;26920
202631;transfer.cbu.received;71;COMPLETED;3;161542
202631;transfer.cbu.received;107;COMPLETED;2;42000
202631;transfer.cbu.received;134;COMPLETED;2;437502.66
202631;transfer.cvu.received;1;COMPLETED;13;11624432.40
202631;transfer.cvu.received;5;COMPLETED;7219;2282013880.50
202631;transfer.cvu.received;14;COMPLETED;2835;620269789.18
202631;transfer.cvu.received;15;COMPLETED;2691;361159747.03
202631;transfer.cvu.received;16;COMPLETED;86;23828058.92
202631;transfer.cvu.received;17;COMPLETED;381;70330160.04
202631;transfer.cvu.received;39;COMPLETED;785;179617726.41
202631;transfer.cvu.received;42;COMPLETED;131;18191665.27
202631;transfer.cvu.received;43;COMPLETED;1164;277558480.39
202631;transfer.cvu.received;44;COMPLETED;184;2564011
202631;transfer.cvu.received;46;COMPLETED;2950;341081295.85
202631;transfer.cvu.received;47;COMPLETED;110;9213709.95
202631;transfer.cvu.received;48;COMPLETED;193;37377878.18
202631;transfer.cvu.received;51;COMPLETED;34;425000
202631;transfer.cvu.received;55;COMPLETED;14096;864920315.79
202631;transfer.cvu.received;56;COMPLETED;574;104651539.06
202631;transfer.cvu.received;58;COMPLETED;16139;399539143.34
202631;transfer.cvu.received;63;COMPLETED;31;2836248.70
202631;transfer.cvu.received;66;COMPLETED;262;56945597.36
202631;transfer.cvu.received;67;COMPLETED;11;3958508
202631;transfer.cvu.received;71;COMPLETED;8572;204443500.27
202631;transfer.cvu.received;72;COMPLETED;2732;41546967.60
202631;transfer.cvu.received;74;COMPLETED;326;58193422.80
202631;transfer.cvu.received;75;COMPLETED;46;12381308.66
202631;transfer.cvu.received;77;COMPLETED;1758;38168081.73
202631;transfer.cvu.received;78;COMPLETED;1973;220759104.70
202631;transfer.cvu.received;79;COMPLETED;4268;122554082.57
202631;transfer.cvu.received;80;COMPLETED;254;46486951
202631;transfer.cvu.received;81;COMPLETED;8353;2060099571.67
202631;transfer.cvu.received;84;COMPLETED;31;634712
202631;transfer.cvu.received;85;COMPLETED;109;9380465
202631;transfer.cvu.received;88;COMPLETED;12;218390
202631;transfer.cvu.received;89;COMPLETED;3;276486
202631;transfer.cvu.received;90;COMPLETED;5;1174383
202631;transfer.cvu.received;91;COMPLETED;158;31090067
202631;transfer.cvu.received;95;COMPLETED;589;115225061.76
202631;transfer.cvu.received;96;COMPLETED;193;7177743.03
202631;transfer.cvu.received;103;COMPLETED;11;756860
202631;transfer.cvu.received;106;COMPLETED;90;37110490.24
202631;transfer.cvu.received;107;COMPLETED;20;391000
202631;transfer.cvu.received;136;COMPLETED;13;2118480
202631;transfer.cvu.received;140;COMPLETED;9;314998
202631;transfer.cvu.received;141;COMPLETED;23;2711284.60
202631;transfer.cvu.received;142;COMPLETED;69;537609
202631;transfer.cvu.received;144;COMPLETED;7;90.37
202631;transfer.cvu.received;145;COMPLETED;11;731600
202631;transfer.cvu.received;146;COMPLETED;3426;285011227.59
202631;transfer.cvu.received;148;COMPLETED;7;153840.93
202632;TRANSFER;3;COMPLETED;12;24
202632;TRANSFER;3;FAILED;6;6
202632;TRANSFER;17;COMPLETED;7;120066610.15
202632;TRANSFER;19;COMPLETED;29;12602487660.67
202632;TRANSFER;20;COMPLETED;1089;21246097153.78
202632;TRANSFER;20;FAILED;1;0
202632;TRANSFER;24;COMPLETED;1;0.07
202632;TRANSFER;25;COMPLETED;7;1268301330.09
202632;TRANSFER;27;COMPLETED;7;536884945.80
202632;TRANSFER;28;COMPLETED;289;103743818.36
202632;TRANSFER;28;FAILED;21;8400022.01
202632;TRANSFER;29;COMPLETED;2;7622492.70
202632;TRANSFER;31;COMPLETED;85;39641545120.88
202632;TRANSFER;38;COMPLETED;9;125788703.10
202632;TRANSFER;39;COMPLETED;7;411210210.56
202632;TRANSFER;40;COMPLETED;2159;20267623826.16
202632;TRANSFER;40;FAILED;35;14751539.52
202632;TRANSFER;41;COMPLETED;65;37295836.47
202632;TRANSFER;42;COMPLETED;6;45659220.27
202632;TRANSFER;43;COMPLETED;6;303736275.45
202632;TRANSFER;44;COMPLETED;6;2983688.10
202632;TRANSFER;45;COMPLETED;297;33010715.53
202632;TRANSFER;46;COMPLETED;6;1243342413.60
202632;TRANSFER;47;COMPLETED;6;10477638.31
202632;TRANSFER;48;COMPLETED;6;39047611.89
202632;TRANSFER;50;FAILED;1;0
202632;TRANSFER;51;COMPLETED;5;1374607.25
202632;TRANSFER;55;COMPLETED;382;1025326852.61
202632;TRANSFER;55;FAILED;5;14499065.48
202632;TRANSFER;56;COMPLETED;6;174279123.71
202632;TRANSFER;57;COMPLETED;4;2605559.10
202632;TRANSFER;58;COMPLETED;6717;453707089.52
202632;TRANSFER;58;FAILED;84;4577214
202632;TRANSFER;58;UNKNOWN;3;62255
202632;TRANSFER;61;COMPLETED;38;901287227.95
202632;TRANSFER;64;COMPLETED;6;2465437.42
202632;TRANSFER;66;COMPLETED;6;229797947.43
202632;TRANSFER;67;COMPLETED;5;36116556.92
202632;TRANSFER;71;COMPLETED;3572;287030469.69
202632;TRANSFER;71;FAILED;60;5009196
202632;TRANSFER;71;UNKNOWN;2;33300
202632;TRANSFER;72;COMPLETED;964;40537927.67
202632;TRANSFER;72;FAILED;14;635300
202632;TRANSFER;73;COMPLETED;2;1134396.55
202632;TRANSFER;74;COMPLETED;6;85514466.46
202632;TRANSFER;77;COMPLETED;6;40086913.18
202632;TRANSFER;78;COMPLETED;6;550982873.30
202632;TRANSFER;79;COMPLETED;6;134992606.58
202632;TRANSFER;80;COMPLETED;6;68460854.94
202632;TRANSFER;81;COMPLETED;7226;3594152379.20
202632;TRANSFER;81;FAILED;199;114139481.82
202632;TRANSFER;82;COMPLETED;1;1
202632;TRANSFER;84;COMPLETED;6;5022773.87
202632;TRANSFER;85;COMPLETED;6;12880204.63
202632;TRANSFER;87;COMPLETED;5;600900000
202632;TRANSFER;88;COMPLETED;10;28792038
202632;TRANSFER;89;COMPLETED;1;357146.25
202632;TRANSFER;90;COMPLETED;5;2183325.29
202632;TRANSFER;91;COMPLETED;6;37592099.34
202632;TRANSFER;92;COMPLETED;2;279.13
202632;TRANSFER;93;COMPLETED;8;613687.17
202632;TRANSFER;94;COMPLETED;2;3183552.64
202632;TRANSFER;95;COMPLETED;6;174358119.93
202632;TRANSFER;96;COMPLETED;11;229119726.59
202632;TRANSFER;103;COMPLETED;6;1126323.37
202632;TRANSFER;104;COMPLETED;5;955928959.59
202632;TRANSFER;106;COMPLETED;6;40966314.79
202632;TRANSFER;107;COMPLETED;19;399034.58
202632;TRANSFER;109;COMPLETED;5;2121178.24
202632;TRANSFER;110;COMPLETED;16;6646660852.32
202632;TRANSFER;114;COMPLETED;10;2400000000
202632;TRANSFER;126;COMPLETED;2;49250.15
202632;TRANSFER;129;COMPLETED;5;18953314.84
202632;TRANSFER;130;COMPLETED;6;43566176.14
202632;TRANSFER;134;COMPLETED;1;300000000
202632;TRANSFER;136;COMPLETED;5;4404344.27
202632;TRANSFER;138;COMPLETED;5;654489819.79
202632;TRANSFER;140;COMPLETED;6;609838.84
202632;TRANSFER;141;COMPLETED;6;7854452.91
202632;TRANSFER;142;COMPLETED;72;2219468.52
202632;TRANSFER;142;UNKNOWN;1;260000
202632;TRANSFER;143;COMPLETED;5;612058672.20
202632;TRANSFER;145;COMPLETED;6;1911431.84
202632;TRANSFER;146;COMPLETED;6;288699153.82
202632;TRANSFER;148;COMPLETED;14;1778769.68
202632;TRANSFER;148;FAILED;1;224206.02
202632;TRANSFER;150;COMPLETED;5;433150292.74
202632;TRANSFER;151;COMPLETED;5;619954571.35
202632;TRANSFER;157;COMPLETED;5;174209881.31
202632;TRANSFER;160;COMPLETED;2;2980.86
202632;TRANSFER;162;COMPLETED;2;19710032.75
202632;TRANSFER;163;FAILED;2;1990.54
202632;transfer.cbu.received;1;COMPLETED;11;13723992.70
202632;transfer.cbu.received;5;COMPLETED;13;3838722
202632;transfer.cbu.received;14;COMPLETED;1;188388.54
202632;transfer.cbu.received;15;COMPLETED;2;217806
202632;transfer.cbu.received;31;COMPLETED;3;32246533.25
202632;transfer.cbu.received;39;COMPLETED;1;118000
202632;transfer.cbu.received;46;COMPLETED;2;237780
202632;transfer.cbu.received;47;COMPLETED;1;20000
202632;transfer.cbu.received;55;COMPLETED;9;474398
202632;transfer.cbu.received;58;COMPLETED;12;147250
202632;transfer.cbu.received;65;COMPLETED;1;26539401
202632;transfer.cbu.received;66;COMPLETED;2;499682.19
202632;transfer.cbu.received;71;COMPLETED;9;49200
202632;transfer.cbu.received;72;COMPLETED;2;4900
202632;transfer.cbu.received;74;COMPLETED;1;101600
202632;transfer.cbu.received;78;COMPLETED;4;1240400
202632;transfer.cbu.received;79;COMPLETED;1;10473.26
202632;transfer.cbu.received;81;COMPLETED;3;4196596.33
202632;transfer.cbu.received;96;COMPLETED;3;60700
202632;transfer.cbu.received;106;COMPLETED;1;60000
202632;transfer.cbu.received;107;COMPLETED;1;61000
202632;transfer.cbu.received;134;COMPLETED;3;2300000
202632;transfer.cbu.received;146;COMPLETED;3;283580
202632;transfer.cvu.received;1;COMPLETED;6;3555804.75
202632;transfer.cvu.received;3;COMPLETED;3;6
202632;transfer.cvu.received;5;COMPLETED;17962;5415023561.83
202632;transfer.cvu.received;14;COMPLETED;7294;1789072113.25
202632;transfer.cvu.received;15;COMPLETED;3745;542077175.40
202632;transfer.cvu.received;16;COMPLETED;509;131743672.17
202632;transfer.cvu.received;17;COMPLETED;808;140385029.34
202632;transfer.cvu.received;39;COMPLETED;1795;390420260.26
202632;transfer.cvu.received;42;COMPLETED;389;64654461.67
202632;transfer.cvu.received;43;COMPLETED;1215;309843337.93
202632;transfer.cvu.received;44;COMPLETED;219;3006506.10
202632;transfer.cvu.received;46;COMPLETED;12727;1614897927.82
202632;transfer.cvu.received;47;COMPLETED;194;10409500
202632;transfer.cvu.received;48;COMPLETED;229;45092443.47
202632;transfer.cvu.received;51;COMPLETED;53;1498000
202632;transfer.cvu.received;55;COMPLETED;16484;990483187.16
202632;transfer.cvu.received;56;COMPLETED;1215;191709730.86
202632;transfer.cvu.received;57;COMPLETED;15;8855909.63
202632;transfer.cvu.received;58;COMPLETED;17515;460329161.25
202632;transfer.cvu.received;63;COMPLETED;15;1509856.38
202632;transfer.cvu.received;66;COMPLETED;1349;281414459.08
202632;transfer.cvu.received;67;COMPLETED;207;41317500
202632;transfer.cvu.received;71;COMPLETED;10260;294640619.02
202632;transfer.cvu.received;72;COMPLETED;3143;46009184.39
202632;transfer.cvu.received;73;COMPLETED;1;850962.02
202632;transfer.cvu.received;74;COMPLETED;631;103210041.71
202632;transfer.cvu.received;75;COMPLETED;193;44778403.69
202632;transfer.cvu.received;77;COMPLETED;1815;44664880.38
202632;transfer.cvu.received;78;COMPLETED;5682;727499827.12
202632;transfer.cvu.received;79;COMPLETED;5042;139774326.76
202632;transfer.cvu.received;80;COMPLETED;584;79432806
202632;transfer.cvu.received;81;COMPLETED;12659;3228653914.37
202632;transfer.cvu.received;82;COMPLETED;1;1
202632;transfer.cvu.received;84;COMPLETED;244;5306086.94
202632;transfer.cvu.received;85;COMPLETED;208;14182670
202632;transfer.cvu.received;88;COMPLETED;2072;57792345.01
202632;transfer.cvu.received;90;COMPLETED;18;3382775
202632;transfer.cvu.received;91;COMPLETED;240;42435712.54
202632;transfer.cvu.received;92;COMPLETED;1;121
202632;transfer.cvu.received;93;COMPLETED;4;115676
202632;transfer.cvu.received;95;COMPLETED;1102;230986621.28
202632;transfer.cvu.received;96;COMPLETED;11939;329275171.17
202632;transfer.cvu.received;103;COMPLETED;13;985922.20
202632;transfer.cvu.received;106;COMPLETED;258;41458379.26
202632;transfer.cvu.received;107;COMPLETED;19;328500
202632;transfer.cvu.received;136;COMPLETED;39;6531170
202632;transfer.cvu.received;140;COMPLETED;25;762837
202632;transfer.cvu.received;141;COMPLETED;75;9117408
202632;transfer.cvu.received;142;COMPLETED;88;870482
202632;transfer.cvu.received;144;COMPLETED;1;50.10
202632;transfer.cvu.received;145;COMPLETED;46;2801945
202632;transfer.cvu.received;146;COMPLETED;3490;279454345.71
202632;transfer.cvu.received;148;COMPLETED;25;778801.98
202633;NULL;58;FAILED;2;130500
202633;TRANSFER;1;COMPLETED;1;100
202633;TRANSFER;3;COMPLETED;4;8
202633;TRANSFER;3;FAILED;2;2
202633;TRANSFER;17;COMPLETED;6;164502537.86
202633;TRANSFER;17;FAILED;1;15517359.90
202633;TRANSFER;19;COMPLETED;29;8319366606.62
202633;TRANSFER;19;FAILED;1;117726822.30
202633;TRANSFER;20;COMPLETED;822;19321565724.75
202633;TRANSFER;20;FAILED;5;959705.52
202633;TRANSFER;25;COMPLETED;8;2434186067.16
202633;TRANSFER;25;FAILED;1;194614482.71
202633;TRANSFER;27;COMPLETED;6;622201516.94
202633;TRANSFER;28;COMPLETED;316;127778122.58
202633;TRANSFER;31;COMPLETED;102;47447761892.08
202633;TRANSFER;31;FAILED;4;2000000000
202633;TRANSFER;38;COMPLETED;7;128148111.18
202633;TRANSFER;39;COMPLETED;5;210632964.19
202633;TRANSFER;40;COMPLETED;3383;24944517198.84
202633;TRANSFER;40;FAILED;76;90927346.03
202633;TRANSFER;41;COMPLETED;67;37150527.26
202633;TRANSFER;41;FAILED;7;1943408.19
202633;TRANSFER;42;COMPLETED;5;78718400.45
202633;TRANSFER;42;FAILED;1;3922915.22
202633;TRANSFER;43;COMPLETED;6;345079631.08
202633;TRANSFER;44;COMPLETED;5;2988942.29
202633;TRANSFER;45;COMPLETED;306;159035308.83
202633;TRANSFER;45;FAILED;1;8.03
202633;TRANSFER;46;COMPLETED;7;1397010385.70
202633;TRANSFER;47;COMPLETED;6;14321140.98
202633;TRANSFER;48;COMPLETED;6;30684392.80
202633;TRANSFER;50;COMPLETED;1;7079.78
202633;TRANSFER;51;COMPLETED;5;1581871.43
202633;TRANSFER;55;COMPLETED;419;1393821456.89
202633;TRANSFER;55;FAILED;13;61578912.35
202633;TRANSFER;56;COMPLETED;6;204107587.90
202633;TRANSFER;57;COMPLETED;3;13213656.77
202633;TRANSFER;58;COMPLETED;6568;394852957.71
202633;TRANSFER;58;FAILED;56;1840478
202633;TRANSFER;60;COMPLETED;1;759.62
202633;TRANSFER;61;COMPLETED;38;1426314927
202633;TRANSFER;64;COMPLETED;6;1243843.35
202633;TRANSFER;65;COMPLETED;2;63546008.97
202633;TRANSFER;66;COMPLETED;5;254596172.04
202633;TRANSFER;67;COMPLETED;2;6806149.13
202633;TRANSFER;71;COMPLETED;3567;268766959.86
202633;TRANSFER;71;FAILED;47;1638792
202633;TRANSFER;72;COMPLETED;1086;43360216.42
202633;TRANSFER;72;FAILED;25;1092979
202633;TRANSFER;73;COMPLETED;1;848387.02
202633;TRANSFER;74;COMPLETED;6;173032920.51
202633;TRANSFER;74;FAILED;1;17558384.48
202633;TRANSFER;77;COMPLETED;6;48400587.74
202633;TRANSFER;78;COMPLETED;6;652817732.98
202633;TRANSFER;79;COMPLETED;6;142116950.67
202633;TRANSFER;80;COMPLETED;5;82064091.88
202633;TRANSFER;81;COMPLETED;8227;3198601079.18
202633;TRANSFER;81;FAILED;191;329537999.26
202633;TRANSFER;84;COMPLETED;5;2857336.93
202633;TRANSFER;85;COMPLETED;5;13208580.68
202633;TRANSFER;87;COMPLETED;6;617138444.33
202633;TRANSFER;88;COMPLETED;11;89249516.20
202633;TRANSFER;89;COMPLETED;1;89404
202633;TRANSFER;90;COMPLETED;3;2242820.34
202633;TRANSFER;91;COMPLETED;5;43056887.25
202633;TRANSFER;92;COMPLETED;2;451.47
202633;TRANSFER;93;COMPLETED;6;552879
202633;TRANSFER;94;COMPLETED;2;34241.40
202633;TRANSFER;95;COMPLETED;5;258838903.59
202633;TRANSFER;96;COMPLETED;10;495130868.71
202633;TRANSFER;103;COMPLETED;4;1058046.05
202633;TRANSFER;104;COMPLETED;5;739839329.44
202633;TRANSFER;106;COMPLETED;5;53900649.24
202633;TRANSFER;107;COMPLETED;17;417142.02
202633;TRANSFER;109;COMPLETED;4;2539810.85
202633;TRANSFER;110;COMPLETED;8;2338992182.31
202633;TRANSFER;114;COMPLETED;4;1300000000
202633;TRANSFER;126;COMPLETED;13;3903125.87
202633;TRANSFER;127;COMPLETED;9;5454833.20
202633;TRANSFER;129;COMPLETED;5;23845480.67
202633;TRANSFER;130;COMPLETED;6;30769869.68
202633;TRANSFER;134;COMPLETED;1;1670323.97
202633;TRANSFER;136;COMPLETED;5;7124304.60
202633;TRANSFER;137;COMPLETED;11;45520307.82
202633;TRANSFER;138;COMPLETED;5;614348497.73
202633;TRANSFER;140;COMPLETED;5;711519.11
202633;TRANSFER;141;COMPLETED;5;8118830.10
202633;TRANSFER;142;COMPLETED;104;2217618
202633;TRANSFER;142;FAILED;4;55000
202633;TRANSFER;143;COMPLETED;5;583633236.31
202633;TRANSFER;145;COMPLETED;5;4487207.15
202633;TRANSFER;146;COMPLETED;5;272834960.99
202633;TRANSFER;148;COMPLETED;11;6400351.21
202633;TRANSFER;149;COMPLETED;1;1594150.87
202633;TRANSFER;150;COMPLETED;5;568104211.24
202633;TRANSFER;151;COMPLETED;5;750931857.55
202633;TRANSFER;154;COMPLETED;1;121720.11
202633;TRANSFER;155;COMPLETED;1;19.74
202633;TRANSFER;157;COMPLETED;5;166060333.01
202633;TRANSFER;158;COMPLETED;1;1130
202633;TRANSFER;159;COMPLETED;6;1412943.56
202633;TRANSFER;160;COMPLETED;1;0.99
202633;transfer.cbu.received;1;COMPLETED;11;47918305.01
202633;transfer.cbu.received;5;COMPLETED;12;4696835
202633;transfer.cbu.received;14;COMPLETED;3;386062.81
202633;transfer.cbu.received;15;COMPLETED;4;830670.23
202633;transfer.cbu.received;31;COMPLETED;3;693442.01
202633;transfer.cbu.received;39;COMPLETED;2;500820
202633;transfer.cbu.received;46;COMPLETED;9;1343200
202633;transfer.cbu.received;47;COMPLETED;1;100000
202633;transfer.cbu.received;55;COMPLETED;7;358526
202633;transfer.cbu.received;58;COMPLETED;8;147400
202633;transfer.cbu.received;66;COMPLETED;1;1500000
202633;transfer.cbu.received;71;COMPLETED;3;45000
202633;transfer.cbu.received;72;COMPLETED;1;5300
202633;transfer.cbu.received;78;COMPLETED;2;421000
202633;transfer.cbu.received;79;COMPLETED;2;33840
202633;transfer.cbu.received;88;COMPLETED;2;39600
202633;transfer.cbu.received;95;COMPLETED;1;170000
202633;transfer.cbu.received;96;COMPLETED;6;218200
202633;transfer.cbu.received;106;COMPLETED;1;5000
202633;transfer.cbu.received;107;COMPLETED;1;22500
202633;transfer.cbu.received;134;COMPLETED;1;150000
202633;transfer.cbu.received;141;COMPLETED;1;136694
202633;transfer.cbu.received;145;COMPLETED;1;25000
202633;transfer.cvu.received;1;COMPLETED;6;4397670.17
202633;transfer.cvu.received;3;COMPLETED;1;2
202633;transfer.cvu.received;5;COMPLETED;10160;2840743046.37
202633;transfer.cvu.received;14;COMPLETED;7555;1854638158.17
202633;transfer.cvu.received;15;COMPLETED;3769;503277265.02
202633;transfer.cvu.received;16;COMPLETED;349;104860359.05
202633;transfer.cvu.received;17;COMPLETED;907;141229840.46
202633;transfer.cvu.received;39;COMPLETED;775;162887567.52
202633;transfer.cvu.received;42;COMPLETED;369;62676875.51
202633;transfer.cvu.received;43;COMPLETED;1407;320608924.13
202633;transfer.cvu.received;44;COMPLETED;197;2754160.67
202633;transfer.cvu.received;46;COMPLETED;7491;938613123.48
202633;transfer.cvu.received;47;COMPLETED;204;15148039
202633;transfer.cvu.received;48;COMPLETED;262;20224011.39
202633;transfer.cvu.received;51;COMPLETED;97;2501500
202633;transfer.cvu.received;55;COMPLETED;17738;1087599098.32
202633;transfer.cvu.received;56;COMPLETED;1153;159688635.66
202633;transfer.cvu.received;57;COMPLETED;10;6973993.14
202633;transfer.cvu.received;58;COMPLETED;17733;420874899.96
202633;transfer.cvu.received;63;COMPLETED;18;1036227.21
202633;transfer.cvu.received;66;COMPLETED;1012;206107150.95
202633;transfer.cvu.received;71;COMPLETED;11114;283119189.34
202633;transfer.cvu.received;72;COMPLETED;3135;44034361.85
202633;transfer.cvu.received;74;COMPLETED;946;174354563.66
202633;transfer.cvu.received;75;COMPLETED;82;19079778.33
202633;transfer.cvu.received;77;COMPLETED;1896;50858167.26
202633;transfer.cvu.received;78;COMPLETED;3569;448647543.75
202633;transfer.cvu.received;79;COMPLETED;4904;138916455.72
202633;transfer.cvu.received;80;COMPLETED;504;79505474.67
202633;transfer.cvu.received;81;COMPLETED;12229;3155197759.28
202633;transfer.cvu.received;84;COMPLETED;86;2021476.81
202633;transfer.cvu.received;85;COMPLETED;181;12687770
202633;transfer.cvu.received;88;COMPLETED;2602;75914500.07
202633;transfer.cvu.received;89;COMPLETED;1;89404
202633;transfer.cvu.received;90;COMPLETED;4;565117
202633;transfer.cvu.received;91;COMPLETED;243;42507502.19
202633;transfer.cvu.received;92;COMPLETED;3;457
202633;transfer.cvu.received;93;COMPLETED;6;381332
202633;transfer.cvu.received;95;COMPLETED;1074;203149886.22
202633;transfer.cvu.received;96;COMPLETED;13598;422677688.88
202633;transfer.cvu.received;103;COMPLETED;18;1354190.80
202633;transfer.cvu.received;106;COMPLETED;1562;78042356.86
202633;transfer.cvu.received;107;COMPLETED;10;170000
202633;transfer.cvu.received;136;COMPLETED;20;3954201
202633;transfer.cvu.received;140;COMPLETED;20;589808
202633;transfer.cvu.received;141;COMPLETED;66;7449166
202633;transfer.cvu.received;142;COMPLETED;115;1307610
202633;transfer.cvu.received;144;COMPLETED;4;9626624.58
202633;transfer.cvu.received;145;COMPLETED;30;3278290
202633;transfer.cvu.received;146;COMPLETED;3506;265143186.38
202633;transfer.cvu.received;148;COMPLETED;7;192412.66
202633;transfer.cvu.received;154;COMPLETED;1;122461
