SemanaId;EntidadIdentificador;TipoTransaccion;FormadePago;Estado;Cantidad;Volumen
202536;6;1;40;ACREDITADO;16;1867000
202536;6;6;60;ACREDITADO;6;313
202536;6;6;60;RECHAZADA;5;100
202536;6;6;90;ACREDITADO;1676;97114122.46
202536;6;6;90;RECHAZADA;381;25492935.79
202536;A009;1;40;ACREDITADO;373;56711765.36
202536;A012;9;20;ACREDITADO;91;14210503.49
202536;A014;9;20;ACREDITADO;24;1303540.12
202536;A015;6;90;ACREDITADO;1;100
202536;A016;1;40;ACREDITADO;267;39217663.89
202536;A016;6;90;ACREDITADO;141;22798678.12
202536;A016;6;90;RECHAZADA;15;2398373.95
202536;A020;4;10;ACREDITADO;1;108700
202536;A020;4;60;ACREDITADO;11;173600
202536;A020;4;80;ACREDITADO;34;1067831.69
202536;A020;4;80;RECHAZADA;4;77839.58
202536;A020;4;90;ACREDITADO;215;6017131.56
202536;A020;4;90;RECHAZADA;6;99992.92
202536;A020;9;20;ACREDITADO;2;51000
202536;A022;9;20;ACREDITADO;171;970112
202536;A023;1;40;ACREDITADO;5;1075.65
202536;A023;6;90;ACREDITADO;39;6464860.19
202536;A023;6;90;RECHAZADA;11;679692.60
202536;A024;1;40;ACREDITADO;1693;327549519.54
202536;A024;6;80;ACREDITADO;85;22854800
202536;A024;6;80;RECHAZADA;267;194796280
202536;A024;6;90;ACREDITADO;241;50487270
202536;A024;6;90;RECHAZADA;80;30943800
202536;A025;6;90;ACREDITADO;12;1633205.31
202536;A026;9;20;ACREDITADO;2;11
202536;A027;9;20;ACREDITADO;3148;324576451
202536;A027;9;20;DEVUELTA;16;2301424
202536;A027;9;20;RECHAZADA;34;7563939
202536;A031;1;40;ACREDITADO;29;708279.75
202536;A031;9;20;ACREDITADO;86;1073964.01
202536;A032;4;10;DEVUELTA;2;46
202536;A032;4;80;DEVUELTA;1;25
202536;A032;4;90;DEVUELTA;1;21
202536;A032;9;20;ACREDITADO;2;22
202536;A032;9;20;DEVUELTA;2;43
202536;A035;6;90;ACREDITADO;363;65525515.08
202536;A035;6;90;RECHAZADA;49;9041941.11
202536;A037;6;90;ACREDITADO;17;1203424.64
202536;A038;1;40;ACREDITADO;23127;4944540672.15
202536;A038;6;80;ACREDITADO;126;47382187.86
202536;A038;6;80;RECHAZADA;567;292806275.38
202536;A040;1;40;ACREDITADO;302;60943681.52
202536;A041;9;20;ACREDITADO;23;2518203.83
202536;A041;9;20;RECHAZADA;1;753622.94
202536;A042;9;20;ACREDITADO;1529;102548921.78
202536;A042;9;20;DEVUELTA;3;2241651.93
202536;A042;9;20;RECHAZADA;15;768893.47
202536;A045;1;40;ACREDITADO;7094;1205185995.06
202536;A046;4;80;ACREDITADO;30;768500
202536;A046;4;90;ACREDITADO;162;3647000
202536;A046;9;20;ACREDITADO;1143;40357589.14
202536;A046;9;20;DEVUELTA;1;56000
202536;A046;9;20;RECHAZADA;6;126000
202536;A052;1;40;ACREDITADO;103;18129034.83
202536;A053;4;60;ACREDITADO;253;4165102.43
202536;A053;4;60;RECHAZADA;21;2470653
202536;A053;4;80;ACREDITADO;349;10650352.81
202536;A053;4;80;RECHAZADA;54;5307160.80
202536;A053;4;90;ACREDITADO;802;17690518.82
202536;A053;4;90;RECHAZADA;39;2100601
202536;A053;9;20;ACREDITADO;2398;35601148.99
202536;A053;9;20;RECHAZADA;8;141780
202536;A055;9;20;ACREDITADO;3462;49649957.54
202536;A055;9;20;RECHAZADA;16;223249
202536;A058;9;20;ACREDITADO;11;10343468
202536;A058;9;20;RECHAZADA;1;1490000
202536;A060;9;20;ACREDITADO;318;102885459.56
202536;A060;9;20;RECHAZADA;2;829326
202536;A062;9;20;ACREDITADO;42;365400
202536;A063;9;20;ACREDITADO;31;705755
202536;A064;1;40;ACREDITADO;106;1703100
202536;A065;4;60;ACREDITADO;30;580394.83
202536;A065;4;60;RECHAZADA;2;10015.02
202536;A065;4;80;ACREDITADO;21;1139788.06
202536;A065;4;80;DEVUELTA;3;224990
202536;A065;4;80;RECHAZADA;7;1108155.66
202536;A065;4;90;ACREDITADO;99;1212785.97
202536;A065;4;90;DEVUELTA;1;126
202536;A065;4;90;RECHAZADA;3;633983.43
202536;A065;9;20;ACREDITADO;4;67933.09
202536;A066;9;20;ACREDITADO;599;16115283.80
202536;A066;9;20;RECHAZADA;1;12675.02
202536;A067;9;20;ACREDITADO;478;16605653.09
202536;A067;9;20;RECHAZADA;3;149399.71
202536;A069;1;40;ACREDITADO;2296;183660207.38
202536;A070;9;20;ACREDITADO;1458;169129400
202536;A070;9;20;DEVUELTA;46;5337500
202536;A070;9;20;RECHAZADA;36;5740700
202536;A071;6;60;ACREDITADO;2;1002
202536;A071;6;60;DEVUELTA;3;1503
202536;A071;6;80;RECHAZADA;2;1002
202536;A071;6;90;DEVUELTA;1;501
202536;A072;6;80;ACREDITADO;9;1244250
202536;A072;6;80;RECHAZADA;5;691250
202536;A072;6;90;ACREDITADO;1032;91412851.20
202536;A072;6;90;RECHAZADA;126;12178998.40
202536;A073;9;20;ACREDITADO;5;1481
202536;A073;9;20;DEVUELTA;20;119131
202536;A074;1;40;ACREDITADO;4;2076444.36
202536;A076;9;20;ACREDITADO;81;12349325.30
202536;A076;9;20;RECHAZADA;8;1196000
202536;A077;6;80;ACREDITADO;6;432500
202536;A077;6;80;RECHAZADA;3;252000
202536;A077;6;90;ACREDITADO;1;84000
202536;A078;9;20;ACREDITADO;565;101533434.68
202536;A078;9;20;DEVUELTA;29;3727029.87
202536;A078;9;20;RECHAZADA;10;2877302.49
202536;A080;1;40;ACREDITADO;1757;22629114.40
202536;A081;1;40;ACREDITADO;54;6672145.69
202536;A082;9;20;ACREDITADO;207;29120271.99
202536;A082;9;20;RECHAZADA;6;1976200
202536;A084;1;40;ACREDITADO;3482;428349715.22
202536;A086;1;40;ACREDITADO;2;50
202536;A087;1;40;ACREDITADO;6;1660190
202536;A089;1;40;ACREDITADO;387;8376569.53
202536;A090;1;40;ACREDITADO;4721;849744511.82
202536;A094;9;20;ACREDITADO;198;863701
202536;A095;1;40;ACREDITADO;1553;18834763.68
202536;A098;1;40;ACREDITADO;2;2.01
202536;B;1;40;ACREDITADO;1;2
202536;B;4;10;ACREDITADO;2;446895
202536;B;4;10;RECHAZADA;1;90000
202536;B;4;60;ACREDITADO;158;1340065.89
202536;B;4;60;RECHAZADA;8;32902.50
202536;B;4;80;ACREDITADO;148;3811933.05
202536;B;4;80;RECHAZADA;13;305049.33
202536;B;4;90;ACREDITADO;814;12157672
202536;B;4;90;RECHAZADA;21;375733.26
202536;B;6;80;DEVUELTA;1;120
202536;B;9;20;ACREDITADO;3323;159028574.55
202536;B;9;20;DEVUELTA;1;4.40
202536;B;9;20;RECHAZADA;18;430965.01
202536;C;9;20;ACREDITADO;26823;3008838040.03
202536;C;9;20;DEVUELTA;5;102581.21
202536;C;9;20;RECHAZADA;311;65449950.90
202536;D;9;20;ACREDITADO;11566;3164654094.44
202536;D;9;20;RECHAZADA;271;98996619.43
202536;E;9;20;ACREDITADO;261;2161028
202536;E;9;20;RECHAZADA;1;15279
202536;F;9;20;ACREDITADO;2111;414157015.50
202536;F;9;20;RECHAZADA;100;46054747.65
202536;G;9;20;ACREDITADO;8888;279058365.44
202536;G;9;20;RECHAZADA;145;4367180.41
202536;H;9;20;ACREDITADO;136;761520
202536;J;4;90;ACREDITADO;1782;373775039.10
202536;J;4;90;RECHAZADA;52;12721689.24
202536;J;6;90;ACREDITADO;1054;201119465.87
202536;J;6;90;RECHAZADA;206;61969569.56
202536;K;4;90;ACREDITADO;2277;434276134.41
202536;K;4;90;DEVUELTA;2;95280.26
202536;K;4;90;RECHAZADA;261;68235379.06
202536;K;6;90;ACREDITADO;2432;451966279.76
202536;K;6;90;RECHAZADA;493;125777260.42
202536;MALA;9;20;ACREDITADO;3;2015
202536;N;9;20;ACREDITADO;3967;210646613.44
202536;N;9;20;RECHAZADA;44;3592125.86
202536;PMC;2;50;ACREDITADO;62627;10691693290.74
202536;Q;6;90;ACREDITADO;388;23696568.08
202536;Q;6;90;RECHAZADA;50;66681440.58
202536;R;9;20;ACREDITADO;16434;1795606583.94
202536;R;9;20;DEVUELTA;48;4495627.43
202536;R;9;20;RECHAZADA;422;125199500.32
202536;SURF;4;10;ACREDITADO;1;33800
202536;SURF;4;60;ACREDITADO;394;20952150
202536;SURF;4;60;RECHAZADA;14;1594700
202536;SURF;4;80;ACREDITADO;36;1253990
202536;SURF;4;80;RECHAZADA;5;523000
202536;SURF;4;90;ACREDITADO;4897;233797934.96
202536;SURF;4;90;DEVUELTA;3;200010
202536;SURF;4;90;RECHAZADA;206;11806800
202536;SURF;9;20;ACREDITADO;4432;183313494.58
202536;SURF;9;20;RECHAZADA;115;6437200
202536;T;4;80;DEVUELTA;8;337.22
202536;T;4;80;RECHAZADA;13;94.98
202536;T;4;90;DEVUELTA;1;100
202536;T;6;90;DEVUELTA;1;100
202536;T;9;20;DEVUELTA;3;59
202536;U;4;60;ACREDITADO;16;2734510.93
202536;U;4;60;RECHAZADA;2;546136
202536;U;4;90;ACREDITADO;239;29294304.25
202536;U;4;90;RECHAZADA;68;11945989.34
202536;U;6;90;ACREDITADO;155;22627254.92
202536;U;6;90;RECHAZADA;71;7870310.75
202536;V;9;20;ACREDITADO;814;69114451.56
202536;V;9;20;RECHAZADA;46;12433071.51
202536;W;9;20;ACREDITADO;1771;321336500.67
202536;W;9;20;RECHAZADA;16;4716675.73
202536;Y;6;90;ACREDITADO;1301;149929660.92
202536;Y;6;90;RECHAZADA;352;44279347.99
202537;3;6;80;DEVUELTA;2;15000
202537;6;1;40;ACREDITADO;7;980000
202537;6;6;60;ACREDITADO;5;290
202537;6;6;60;RECHAZADA;8;349
202537;6;6;90;ACREDITADO;1676;96261220
202537;6;6;90;RECHAZADA;323;24422091.59
202537;A009;1;40;ACREDITADO;927;134629739.03
202537;A012;9;20;ACREDITADO;165;26277693.66
202537;A012;9;20;RECHAZADA;1;295902.43
202537;A014;9;20;ACREDITADO;13;557338.42
202537;A016;1;40;ACREDITADO;406;64178145.68
202537;A016;6;90;ACREDITADO;150;25255280.25
202537;A016;6;90;RECHAZADA;27;5672543.52
202537;A020;4;60;ACREDITADO;17;277468.15
202537;A020;4;80;ACREDITADO;58;1849387.26
202537;A020;4;80;RECHAZADA;1;16291.82
202537;A020;4;90;ACREDITADO;261;7217557.52
202537;A020;4;90;RECHAZADA;5;145457
202537;A020;9;20;ACREDITADO;3;99400
202537;A022;9;20;ACREDITADO;184;1052792
202537;A023;1;40;ACREDITADO;6;1172934.96
202537;A023;6;90;ACREDITADO;62;12516092.83
202537;A023;6;90;RECHAZADA;20;11415072.76
202537;A024;1;40;ACREDITADO;1164;201701456.09
202537;A024;6;80;ACREDITADO;87;19325940
202537;A024;6;80;RECHAZADA;190;57081580
202537;A024;6;90;ACREDITADO;160;30990880
202537;A024;6;90;RECHAZADA;88;19347310
202537;A025;6;90;ACREDITADO;13;3260184.72
202537;A025;6;90;RECHAZADA;3;308578.29
202537;A026;9;20;ACREDITADO;2;11344800.93
202537;A027;9;20;ACREDITADO;2824;298297074
202537;A027;9;20;RECHAZADA;24;1554053
202537;A031;1;40;ACREDITADO;15;324652
202537;A031;9;20;ACREDITADO;104;1206842.51
202537;A032;9;20;ACREDITADO;1;10
202537;A035;6;90;ACREDITADO;385;75206409.30
202537;A035;6;90;RECHAZADA;66;31542611.77
202537;A037;6;90;ACREDITADO;77;4441204.78
202537;A037;6;90;RECHAZADA;14;1023409.82
202537;A038;1;40;ACREDITADO;23701;4809809693.34
202537;A038;6;80;ACREDITADO;994;167808634.83
202537;A038;6;80;RECHAZADA;2224;493334145.96
202537;A040;1;40;ACREDITADO;408;83914210.15
202537;A041;9;20;ACREDITADO;32;3676044.63
202537;A042;9;20;ACREDITADO;1759;108083979.96
202537;A042;9;20;DEVUELTA;5;345363.01
202537;A042;9;20;RECHAZADA;8;395577.48
202537;A045;1;40;ACREDITADO;14408;2542697054.43
202537;A046;4;80;ACREDITADO;29;685000
202537;A046;4;90;ACREDITADO;152;3580500
202537;A046;4;90;RECHAZADA;1;15000
202537;A046;9;20;ACREDITADO;926;33409850
202537;A046;9;20;RECHAZADA;2;38000
202537;A052;1;40;ACREDITADO;105;21727040.72
202537;A053;4;60;ACREDITADO;299;4904182.79
202537;A053;4;60;RECHAZADA;20;257915
202537;A053;4;80;ACREDITADO;387;10914379.78
202537;A053;4;80;RECHAZADA;73;5631218
202537;A053;4;90;ACREDITADO;1045;23271942.72
202537;A053;4;90;DEVUELTA;1;100
202537;A053;4;90;RECHAZADA;52;2806596.53
202537;A053;9;20;ACREDITADO;3909;67120772.43
202537;A053;9;20;RECHAZADA;19;611450.55
202537;A055;9;20;ACREDITADO;3959;56076559.75
202537;A055;9;20;RECHAZADA;11;183100
202537;A058;9;20;ACREDITADO;7;3716830
202537;A060;9;20;ACREDITADO;271;66730698.25
202537;A060;9;20;RECHAZADA;5;247992.78
202537;A061;1;40;ACREDITADO;2;260010
202537;A062;9;20;ACREDITADO;31;297000
202537;A063;9;20;ACREDITADO;43;1136045
202537;A063;9;20;RECHAZADA;2;60300
202537;A064;1;40;ACREDITADO;77;1231000
202537;A065;4;10;ACREDITADO;1;100
202537;A065;4;60;ACREDITADO;32;661961.97
202537;A065;4;60;RECHAZADA;1;187700
202537;A065;4;80;ACREDITADO;21;609526.67
202537;A065;4;80;RECHAZADA;3;42004
202537;A065;4;90;ACREDITADO;112;1436778.80
202537;A065;4;90;RECHAZADA;3;9004.67
202537;A065;9;20;ACREDITADO;10;55961.90
202537;A066;9;20;ACREDITADO;575;20496646.79
202537;A066;9;20;RECHAZADA;2;213429.85
202537;A067;9;20;ACREDITADO;8;97100
202537;A069;1;40;ACREDITADO;3465;347243002.47
202537;A070;9;20;ACREDITADO;1728;207462900
202537;A070;9;20;DEVUELTA;36;6526000
202537;A070;9;20;RECHAZADA;24;4759000
202537;A072;6;80;ACREDITADO;59;8195460
202537;A072;6;80;RECHAZADA;16;2212000
202537;A072;6;90;ACREDITADO;1431;129178168.40
202537;A072;6;90;RECHAZADA;251;23703821.80
202537;A073;9;20;DEVUELTA;7;3508
202537;A074;1;40;ACREDITADO;13;5338374.06
202537;A076;9;20;ACREDITADO;75;15251361.45
202537;A076;9;20;RECHAZADA;4;1820000
202537;A078;9;20;ACREDITADO;618;97362038.53
202537;A078;9;20;DEVUELTA;51;4816710.71
202537;A078;9;20;RECHAZADA;12;4911500
202537;A079;9;20;ACREDITADO;1;1556.38
202537;A080;1;40;ACREDITADO;2709;46724093.20
202537;A081;1;40;ACREDITADO;40;3284447.42
202537;A082;9;20;ACREDITADO;246;42107041.85
202537;A082;9;20;RECHAZADA;35;10301037.10
202537;A084;1;40;ACREDITADO;5043;589698841.43
202537;A085;6;80;RECHAZADA;1;1300
202537;A086;1;40;ACREDITADO;6;52.85
202537;A089;1;40;ACREDITADO;15;192332.74
202537;A090;1;40;ACREDITADO;8451;1558602793.95
202537;A093;6;80;RECHAZADA;1;1
202537;A094;9;20;ACREDITADO;247;1139305
202537;A095;1;40;ACREDITADO;1824;20246239.79
202537;A096;1;40;ACREDITADO;1;5
202537;A098;1;40;ACREDITADO;14;1140627.03
202537;B;1;40;ACREDITADO;1;1
202537;B;4;10;ACREDITADO;1;130000
202537;B;4;60;ACREDITADO;162;964827.15
202537;B;4;60;RECHAZADA;3;38192.31
202537;B;4;80;ACREDITADO;148;3910696.57
202537;B;4;80;DEVUELTA;1;1000
202537;B;4;80;RECHAZADA;14;128543.25
202537;B;4;90;ACREDITADO;812;11646691.19
202537;B;4;90;DEVUELTA;2;28761.20
202537;B;4;90;RECHAZADA;22;423566.73
202537;B;9;20;ACREDITADO;3819;168580770.13
202537;B;9;20;RECHAZADA;4;49270
202537;C;9;20;ACREDITADO;33420;3747397907.36
202537;C;9;20;DEVUELTA;5;75477.72
202537;C;9;20;RECHAZADA;310;56385645.54
202537;D;9;20;ACREDITADO;10709;2796681178.94
202537;D;9;20;RECHAZADA;192;67855310.26
202537;E;9;20;ACREDITADO;267;2336534
202537;F;9;20;ACREDITADO;3680;759785039
202537;F;9;20;RECHAZADA;206;89607173.87
202537;G;9;20;ACREDITADO;9721;281213168.63
202537;G;9;20;RECHAZADA;110;4044438.97
202537;H;9;20;ACREDITADO;220;1149621
202537;H;9;20;RECHAZADA;2;5500
202537;J;4;90;ACREDITADO;2720;550431391.04
202537;J;4;90;RECHAZADA;146;31068863.06
202537;J;6;90;ACREDITADO;1405;246075128.79
202537;J;6;90;RECHAZADA;307;73097835.71
202537;K;4;90;ACREDITADO;3668;688766876.97
202537;K;4;90;DEVUELTA;4;405567
202537;K;4;90;RECHAZADA;420;112365718.70
202537;K;6;90;ACREDITADO;2934;550687606.44
202537;K;6;90;RECHAZADA;815;223623265.90
202537;K;9;20;ACREDITADO;5;215221.11
202537;L;9;20;DEVUELTA;2;15000
202537;MALA;9;20;ACREDITADO;1;1
202537;N;9;20;ACREDITADO;3850;226242760.33
202537;N;9;20;RECHAZADA;26;5611278.68
202537;PMC;2;50;ACREDITADO;86015;16242744396.38
202537;Q;6;90;ACREDITADO;372;19302164.13
202537;Q;6;90;RECHAZADA;57;3317282.65
202537;R;9;20;ACREDITADO;18770;2055553694.34
202537;R;9;20;DEVUELTA;25;2135216.74
202537;R;9;20;RECHAZADA;418;122742179.84
202537;SURF;4;10;ACREDITADO;1;110000
202537;SURF;4;60;ACREDITADO;411;19854200
202537;SURF;4;60;RECHAZADA;20;1763400
202537;SURF;4;80;ACREDITADO;61;2702115
202537;SURF;4;80;DEVUELTA;2;1010
202537;SURF;4;80;RECHAZADA;23;187702
202537;SURF;4;90;ACREDITADO;4684;209675410.07
202537;SURF;4;90;DEVUELTA;6;280130
202537;SURF;4;90;RECHAZADA;243;11147350
202537;SURF;9;20;ACREDITADO;4740;195537091.71
202537;SURF;9;20;RECHAZADA;60;2507000
202537;T;4;80;DEVUELTA;2;20.02
202537;T;9;20;ACREDITADO;1;12.35
202537;U;4;60;ACREDITADO;40;4484503.81
202537;U;4;60;RECHAZADA;2;66146.99
202537;U;4;90;ACREDITADO;415;53940635.92
202537;U;4;90;DEVUELTA;1;143701.40
202537;U;4;90;RECHAZADA;64;9955104.71
202537;U;6;90;ACREDITADO;258;36553601.20
202537;U;6;90;RECHAZADA;90;412283892.83
202537;V;9;20;ACREDITADO;844;85485841.83
202537;V;9;20;RECHAZADA;20;5658593.80
202537;W;9;20;ACREDITADO;3586;657494302.69
202537;W;9;20;RECHAZADA;9;1390185.98
202537;Y;6;90;ACREDITADO;1584;180690186.61
202537;Y;6;90;RECHAZADA;507;72793436.44
202538;6;1;40;ACREDITADO;12;3121850
202538;6;6;90;ACREDITADO;1439;75929240.76
202538;6;6;90;RECHAZADA;337;24721226.02
202538;A009;1;40;ACREDITADO;383;55736388.46
202538;A012;9;20;ACREDITADO;50;7065928.54
202538;A012;9;20;RECHAZADA;2;270310
202538;A014;9;20;ACREDITADO;11;317301.05
202538;A016;1;40;ACREDITADO;146;17344552.32
202538;A016;6;90;ACREDITADO;44;5390047.24
202538;A016;6;90;RECHAZADA;24;3233776.66
202538;A020;4;60;ACREDITADO;16;229042.21
202538;A020;4;60;RECHAZADA;1;25200
202538;A020;4;80;ACREDITADO;49;1366788.17
202538;A020;4;80;RECHAZADA;2;27046.52
202538;A020;4;90;ACREDITADO;225;5275767.88
202538;A020;4;90;RECHAZADA;7;229564.86
202538;A020;9;20;ACREDITADO;3;39300
202538;A022;9;20;ACREDITADO;182;1014208
202538;A022;9;20;RECHAZADA;1;5512
202538;A023;1;40;ACREDITADO;1;33
202538;A023;6;90;ACREDITADO;39;7694136.22
202538;A023;6;90;RECHAZADA;14;6210822.09
202538;A024;1;40;ACREDITADO;600;113063697.92
202538;A024;6;80;ACREDITADO;33;7062980
202538;A024;6;80;RECHAZADA;61;21206490
202538;A024;6;90;ACREDITADO;69;15519790
202538;A024;6;90;RECHAZADA;41;13297920
202538;A025;1;40;ACREDITADO;2;231092.06
202538;A025;6;90;ACREDITADO;13;1631499.87
202538;A025;6;90;RECHAZADA;7;821590.82
202538;A027;9;20;ACREDITADO;2707;309138397
202538;A027;9;20;RECHAZADA;47;8666209
202538;A031;1;40;ACREDITADO;13;241599
202538;A031;9;20;ACREDITADO;82;924633.97
202538;A032;4;90;ACREDITADO;1;25
202538;A032;9;20;ACREDITADO;3;14
202538;A035;6;90;ACREDITADO;95;18936847.33
202538;A035;6;90;RECHAZADA;35;11273943.50
202538;A037;6;90;ACREDITADO;15;794135.22
202538;A037;6;90;RECHAZADA;15;1377067.42
202538;A038;1;40;ACREDITADO;9002;1876356717.85
202538;A038;6;80;ACREDITADO;473;96961020.48
202538;A038;6;80;RECHAZADA;1247;309792850.84
202538;A040;1;40;ACREDITADO;524;101703494.58
202538;A041;9;20;ACREDITADO;6;573348.49
202538;A042;9;20;ACREDITADO;1363;76748545.01
202538;A042;9;20;DEVUELTA;3;109689.72
202538;A042;9;20;RECHAZADA;17;1328499.01
202538;A045;1;40;ACREDITADO;4398;707071241.55
202538;A046;4;80;ACREDITADO;18;415000
202538;A046;4;80;RECHAZADA;1;100000
202538;A046;4;90;ACREDITADO;94;1889000
202538;A046;4;90;DEVUELTA;1;59000
202538;A046;4;90;RECHAZADA;4;90000
202538;A046;9;20;ACREDITADO;785;26466994
202538;A046;9;20;DEVUELTA;1;207000
202538;A046;9;20;RECHAZADA;3;66000
202538;A052;1;40;ACREDITADO;94;17174237.13
202538;A053;4;60;ACREDITADO;308;6175913.10
202538;A053;4;60;RECHAZADA;12;235948.50
202538;A053;4;80;ACREDITADO;529;17164420.50
202538;A053;4;80;DEVUELTA;1;63694.03
202538;A053;4;80;RECHAZADA;118;7087421.14
202538;A053;4;90;ACREDITADO;909;20650626.13
202538;A053;4;90;RECHAZADA;53;1999216.06
202538;A053;9;20;ACREDITADO;3175;60718298.72
202538;A053;9;20;RECHAZADA;39;909600
202538;A055;9;20;ACREDITADO;3430;41087464.12
202538;A055;9;20;RECHAZADA;14;360650.70
202538;A058;9;20;ACREDITADO;13;14729750.60
202538;A060;9;20;ACREDITADO;238;61684459.16
202538;A060;9;20;RECHAZADA;3;4473015.87
202538;A061;1;40;ACREDITADO;124;15385040.54
202538;A062;4;90;ACREDITADO;1;12000
202538;A062;9;20;ACREDITADO;52;518000
202538;A063;9;20;ACREDITADO;28;1102015
202538;A064;1;40;ACREDITADO;60;826800
202538;A065;4;60;ACREDITADO;24;258144.66
202538;A065;4;80;ACREDITADO;19;403656.93
202538;A065;4;90;ACREDITADO;63;622457.43
202538;A065;4;90;DEVUELTA;1;126
202538;A065;4;90;RECHAZADA;3;142712.87
202538;A065;9;20;ACREDITADO;4;47500
202538;A066;9;20;ACREDITADO;186;6005996.79
202538;A066;9;20;RECHAZADA;1;5986.80
202538;A069;1;40;ACREDITADO;3542;405640532.91
202538;A070;9;20;ACREDITADO;1329;144003700
202538;A070;9;20;DEVUELTA;31;4885800
202538;A070;9;20;RECHAZADA;19;3156900
202538;A071;6;60;ACREDITADO;1;501
202538;A071;6;80;ACREDITADO;2;283140
202538;A071;6;80;RECHAZADA;3;283641
202538;A071;6;90;ACREDITADO;2;283140
202538;A072;6;80;ACREDITADO;12;1708770
202538;A072;6;80;RECHAZADA;1;138250
202538;A072;6;90;ACREDITADO;506;46092738.40
202538;A072;6;90;RECHAZADA;116;10307404.80
202538;A073;9;20;ACREDITADO;5;5
202538;A073;9;20;DEVUELTA;8;4008
202538;A076;9;20;ACREDITADO;1;168860.25
202538;A077;6;80;ACREDITADO;2;240000
202538;A078;9;20;ACREDITADO;529;77271561.24
202538;A078;9;20;DEVUELTA;27;2729575.43
202538;A078;9;20;RECHAZADA;11;4244000
202538;A079;9;20;ACREDITADO;1;500
202538;A080;1;40;ACREDITADO;2494;40982709
202538;A081;1;40;ACREDITADO;43;2258735.87
202538;A082;9;20;ACREDITADO;219;36919387
202538;A082;9;20;RECHAZADA;14;3902000
202538;A084;1;40;ACREDITADO;2887;303768778.89
202538;A085;4;80;ACREDITADO;1;56300
202538;A085;6;80;RECHAZADA;1;1250
202538;A087;1;40;ACREDITADO;54;7018833.85
202538;A089;1;40;ACREDITADO;13;149851
202538;A090;1;40;ACREDITADO;2825;476373875.05
202538;A092;1;40;ACREDITADO;1;11521.70
202538;A093;6;80;RECHAZADA;2;10
202538;A094;9;20;ACREDITADO;299;1443965
202538;A095;1;40;ACREDITADO;1957;26861047.31
202538;A098;1;40;ACREDITADO;583;144815539.94
202538;A100;1;40;ACREDITADO;5;295
202538;B;1;40;ACREDITADO;3;6
202538;B;4;10;ACREDITADO;3;220978.50
202538;B;4;60;ACREDITADO;128;1477833.68
202538;B;4;60;RECHAZADA;14;144608.50
202538;B;4;80;ACREDITADO;134;4125130.09
202538;B;4;80;RECHAZADA;5;32618
202538;B;4;90;ACREDITADO;788;12315122.17
202538;B;4;90;RECHAZADA;22;207036.22
202538;B;6;80;ACREDITADO;4;480
202538;B;6;80;DEVUELTA;2;240
202538;B;9;20;ACREDITADO;3336;155064560.94
202538;B;9;20;DEVUELTA;3;13.20
202538;B;9;20;RECHAZADA;20;1291463.44
202538;C;9;20;ACREDITADO;22531;2268638888.30
202538;C;9;20;DEVUELTA;1;34500
202538;C;9;20;RECHAZADA;210;34492326.20
202538;D;9;20;ACREDITADO;2269;505903146.61
202538;D;9;20;RECHAZADA;37;11596640.16
202538;E;9;20;ACREDITADO;103;924126.75
202538;E;9;20;RECHAZADA;1;7780
202538;F;9;20;ACREDITADO;2809;530377853.91
202538;F;9;20;RECHAZADA;121;42397284.07
202538;G;9;20;ACREDITADO;9329;241714720.02
202538;G;9;20;RECHAZADA;101;4422201.37
202538;H;9;20;ACREDITADO;160;939870
202538;J;4;90;ACREDITADO;787;146729737.02
202538;J;4;90;RECHAZADA;60;13306247.34
202538;J;6;90;ACREDITADO;443;82228104.64
202538;J;6;90;RECHAZADA;123;26742052.61
202538;K;4;90;ACREDITADO;2545;442897322.44
202538;K;4;90;DEVUELTA;3;419210.18
202538;K;4;90;RECHAZADA;285;69954362.53
202538;K;6;90;ACREDITADO;1802;317618128.11
202538;K;6;90;RECHAZADA;519;108708537.38
202538;N;9;20;ACREDITADO;3003;188019951.71
202538;N;9;20;RECHAZADA;27;3147904.52
202538;PMC;2;50;ACREDITADO;52452;10534532901.67
202538;Q;6;90;ACREDITADO;164;8637569.69
202538;Q;6;90;RECHAZADA;34;2290383.29
202538;R;9;20;ACREDITADO;12918;1433207373.22
202538;R;9;20;DEVUELTA;20;1269654.71
202538;R;9;20;RECHAZADA;239;54288021.80
202538;SURF;4;10;ACREDITADO;6;505000
202538;SURF;4;10;RECHAZADA;1;70000
202538;SURF;4;60;ACREDITADO;326;15041460
202538;SURF;4;60;RECHAZADA;20;2194000
202538;SURF;4;80;ACREDITADO;42;1156924
202538;SURF;4;80;DEVUELTA;2;2000
202538;SURF;4;80;RECHAZADA;1;23000
202538;SURF;4;90;ACREDITADO;4553;185608289.97
202538;SURF;4;90;DEVUELTA;2;216000
202538;SURF;4;90;RECHAZADA;214;12164700
202538;SURF;9;20;ACREDITADO;4426;201733538.42
202538;SURF;9;20;RECHAZADA;78;3999300
202538;T;4;80;DEVUELTA;1;19.36
202538;T;4;90;DEVUELTA;1;14.14
202538;T;6;80;DEVUELTA;1;63
202538;T;9;20;ACREDITADO;3;14
202538;T;9;20;DEVUELTA;3;33.20
202538;U;4;60;ACREDITADO;6;693682.91
202538;U;4;90;ACREDITADO;112;15157249.22
202538;U;4;90;DEVUELTA;1;24217.84
202538;U;4;90;RECHAZADA;26;4329590.99
202538;U;6;90;ACREDITADO;109;16284433.16
202538;U;6;90;RECHAZADA;42;7383577.92
202538;V;9;20;ACREDITADO;432;42272791.80
202538;V;9;20;RECHAZADA;22;7714530.52
202538;W;9;20;ACREDITADO;1022;167629073.25
202538;W;9;20;RECHAZADA;5;308128.64
202538;Y;6;90;ACREDITADO;610;70747103.78
202538;Y;6;90;RECHAZADA;174;24295230.25
202539;6;1;40;ACREDITADO;11;3174000
202539;6;6;90;ACREDITADO;3080;138275342.64
202539;6;6;90;DEVUELTA;1;39300
202539;6;6;90;RECHAZADA;921;56480264.57
202539;7;9;20;ACREDITADO;1;15
202539;A009;1;40;ACREDITADO;249;32777774.34
202539;A012;9;20;ACREDITADO;19;2114660.96
202539;A014;9;20;ACREDITADO;6;588629.38
202539;A015;6;80;RECHAZADA;1;2
202539;A015;6;90;RECHAZADA;1;81
202539;A016;1;40;ACREDITADO;119;17203174.84
202539;A016;6;90;ACREDITADO;29;2979551.98
202539;A016;6;90;RECHAZADA;6;672767.33
202539;A020;4;10;ACREDITADO;1;64400
202539;A020;4;60;ACREDITADO;10;243930.46
202539;A020;4;80;ACREDITADO;37;1214882.32
202539;A020;4;80;RECHAZADA;1;8246.92
202539;A020;4;90;ACREDITADO;198;5037052.82
202539;A020;4;90;RECHAZADA;6;114004
202539;A020;9;20;ACREDITADO;2;23600
202539;A022;9;20;ACREDITADO;137;777192
202539;A023;1;40;ACREDITADO;1;0.01
202539;A023;6;90;ACREDITADO;16;2825155.64
202539;A023;6;90;RECHAZADA;5;569403.60
202539;A024;1;40;ACREDITADO;400;81879221
202539;A024;6;80;ACREDITADO;26;6276870
202539;A024;6;80;RECHAZADA;91;51692970
202539;A024;6;90;ACREDITADO;56;8773520
202539;A024;6;90;RECHAZADA;54;24370870
202539;A025;1;40;ACREDITADO;1;117000
202539;A025;6;90;ACREDITADO;4;242251.06
202539;A025;6;90;RECHAZADA;5;501748.85
202539;A026;9;20;ACREDITADO;1;2615150.31
202539;A027;9;20;ACREDITADO;2712;289825381
202539;A027;9;20;RECHAZADA;35;4594447
202539;A031;1;40;ACREDITADO;2;78197.39
202539;A031;9;20;ACREDITADO;110;1586406.82
202539;A035;6;90;ACREDITADO;35;14253116.62
202539;A035;6;90;RECHAZADA;5;1797299.65
202539;A037;6;90;ACREDITADO;10;409685.94
202539;A037;6;90;RECHAZADA;2;239852
202539;A038;1;40;ACREDITADO;5585;1222655559.29
202539;A038;6;80;ACREDITADO;211;41075628.23
202539;A038;6;80;RECHAZADA;629;162079269.65
202539;A039;1;40;ACREDITADO;1;120
202539;A039;6;80;ACREDITADO;1;1000
202539;A039;6;80;RECHAZADA;1;1000
202539;A039;6;90;ACREDITADO;1;500
202539;A040;1;40;ACREDITADO;436;82645451.68
202539;A041;9;20;ACREDITADO;2;378134.39
202539;A042;9;20;ACREDITADO;1700;89076771.18
202539;A042;9;20;RECHAZADA;14;1387260.71
202539;A045;1;40;ACREDITADO;3063;460556360.64
202539;A046;4;80;ACREDITADO;22;530500
202539;A046;4;90;ACREDITADO;111;2428500
202539;A046;4;90;RECHAZADA;1;30000
202539;A046;9;20;ACREDITADO;839;28706147.05
202539;A046;9;20;RECHAZADA;7;251000
202539;A050;9;20;ACREDITADO;4;45.50
202539;A052;1;40;ACREDITADO;104;20089716.27
202539;A053;4;60;ACREDITADO;280;4875858
202539;A053;4;60;RECHAZADA;12;280465
202539;A053;4;80;ACREDITADO;504;16978236
202539;A053;4;80;DEVUELTA;1;10
202539;A053;4;80;RECHAZADA;100;8701164.90
202539;A053;4;90;ACREDITADO;682;16221905
202539;A053;4;90;RECHAZADA;62;2030300
202539;A053;9;20;ACREDITADO;2883;52427872.63
202539;A053;9;20;RECHAZADA;50;1012400
202539;A055;9;20;ACREDITADO;2046;22788517.85
202539;A055;9;20;RECHAZADA;6;68990
202539;A058;9;20;ACREDITADO;6;4756850
202539;A060;9;20;ACREDITADO;262;60772711.62
202539;A060;9;20;RECHAZADA;5;2719967.29
202539;A061;1;40;ACREDITADO;113;11958984.26
202539;A062;9;20;ACREDITADO;35;314000
202539;A063;9;20;ACREDITADO;48;1443510
202539;A064;1;40;ACREDITADO;73;913550
202539;A065;4;60;ACREDITADO;4;86144.75
202539;A065;4;90;ACREDITADO;2;74962.45
202539;A065;4;90;RECHAZADA;2;900000
202539;A065;9;20;ACREDITADO;1;12000
202539;A066;9;20;ACREDITADO;211;11924541.09
202539;A066;9;20;RECHAZADA;2;51197.77
202539;A069;1;40;ACREDITADO;3124;457603540.87
202539;A070;9;20;ACREDITADO;1157;130922100
202539;A070;9;20;DEVUELTA;24;2952500
202539;A070;9;20;RECHAZADA;18;1531200
202539;A071;6;80;ACREDITADO;1;141570
202539;A071;6;80;RECHAZADA;1;141570
202539;A072;6;80;ACREDITADO;3;425810
202539;A072;6;80;RECHAZADA;8;1128120
202539;A072;6;90;ACREDITADO;318;29490945.80
202539;A072;6;90;RECHAZADA;88;9558299.40
202539;A073;9;20;DEVUELTA;4;2004
202539;A076;9;20;ACREDITADO;2;2950383.15
202539;A077;6;80;ACREDITADO;2;137000
202539;A077;6;90;ACREDITADO;1;120000
202539;A078;9;20;ACREDITADO;485;94251084.73
202539;A078;9;20;DEVUELTA;24;3958038.10
202539;A078;9;20;RECHAZADA;10;3875672.38
202539;A079;9;20;ACREDITADO;1;1556.21
202539;A080;1;40;ACREDITADO;1600;24222750
202539;A081;1;40;ACREDITADO;34;2367036.17
202539;A082;9;20;ACREDITADO;151;20493162.23
202539;A082;9;20;RECHAZADA;13;2427600
202539;A084;1;40;ACREDITADO;1746;184443071.80
202539;A085;4;80;ACREDITADO;1;17800
202539;A085;4;80;DEVUELTA;1;115900
202539;A085;4;80;RECHAZADA;1;67500
202539;A085;4;90;ACREDITADO;3;28700
202539;A085;6;80;RECHAZADA;1;1500
202539;A085;6;90;RECHAZADA;1;1500
202539;A086;1;40;ACREDITADO;4;40
202539;A087;1;40;ACREDITADO;100;14280662.87
202539;A088;1;40;ACREDITADO;1;16
202539;A089;1;40;ACREDITADO;15;473654.56
202539;A090;1;40;ACREDITADO;1918;309027070.15
202539;A094;9;20;ACREDITADO;298;1325194
202539;A095;1;40;ACREDITADO;1722;30452593.85
202539;A096;1;40;ACREDITADO;1;100
202539;A098;1;40;ACREDITADO;2490;430843352.07
202539;A099;1;40;ACREDITADO;2;249500
202539;B;4;60;ACREDITADO;132;948172.15
202539;B;4;60;RECHAZADA;1;3000
202539;B;4;80;ACREDITADO;132;3751745.81
202539;B;4;80;RECHAZADA;15;330761.90
202539;B;4;90;ACREDITADO;735;9881429.65
202539;B;4;90;RECHAZADA;68;1084024.95
202539;B;9;20;ACREDITADO;3682;165852864.40
202539;B;9;20;RECHAZADA;6;240600
202539;C;9;20;ACREDITADO;18715;1754819456.76
202539;C;9;20;DEVUELTA;3;978047.55
202539;C;9;20;RECHAZADA;177;24103377.85
202539;D;9;20;ACREDITADO;1200;249636110.04
202539;D;9;20;RECHAZADA;31;10693177.78
202539;E;9;20;ACREDITADO;103;872836
202539;F;9;20;ACREDITADO;1812;323636271.59
202539;F;9;20;RECHAZADA;76;34048293.18
202539;G;9;20;ACREDITADO;8194;215137973.62
202539;G;9;20;RECHAZADA;126;4230840.25
202539;H;9;20;ACREDITADO;161;981780
202539;J;4;60;ACREDITADO;1;92287.62
202539;J;4;90;ACREDITADO;741;146718774.79
202539;J;4;90;DEVUELTA;1;188446.80
202539;J;4;90;RECHAZADA;39;8601396.05
202539;J;6;90;ACREDITADO;275;51064495.98
202539;J;6;90;RECHAZADA;78;16865414.28
202539;K;4;90;ACREDITADO;1631;290825697.21
202539;K;4;90;DEVUELTA;2;103839.22
202539;K;4;90;RECHAZADA;185;45208118.47
202539;K;6;90;ACREDITADO;1141;181058848.83
202539;K;6;90;RECHAZADA;275;64080769.38
202539;MALA;9;20;ACREDITADO;2;110
202539;N;9;20;ACREDITADO;2679;158252967.90
202539;N;9;20;RECHAZADA;19;2686641.27
202539;PMC;2;50;ACREDITADO;39795;7092159832.88
202539;Q;6;90;ACREDITADO;95;6007720.47
202539;Q;6;90;RECHAZADA;21;1202345.19
202539;R;9;20;ACREDITADO;11114;1062567920.23
202539;R;9;20;DEVUELTA;13;1211668.04
202539;R;9;20;RECHAZADA;195;48212034.08
202539;SURF;4;10;ACREDITADO;4;209000
202539;SURF;4;60;ACREDITADO;158;7543650
202539;SURF;4;60;RECHAZADA;8;245000
202539;SURF;4;80;ACREDITADO;38;1174300
202539;SURF;4;80;DEVUELTA;1;50000
202539;SURF;4;80;RECHAZADA;5;155000
202539;SURF;4;90;ACREDITADO;2399;98246900.07
202539;SURF;4;90;DEVUELTA;1;88000
202539;SURF;4;90;RECHAZADA;125;4862566
202539;SURF;9;20;ACREDITADO;2000;80840612.59
202539;SURF;9;20;RECHAZADA;40;1495800
202539;T;9;20;ACREDITADO;2;15
202539;U;4;60;ACREDITADO;9;1211431.87
202539;U;4;90;ACREDITADO;94;13585441.83
202539;U;4;90;RECHAZADA;20;3581981.03
202539;U;6;90;ACREDITADO;98;15245342.06
202539;U;6;90;RECHAZADA;75;18240493.02
202539;V;9;20;ACREDITADO;505;41726890.24
202539;V;9;20;RECHAZADA;2;301180
202539;W;9;20;ACREDITADO;684;120193287.21
202539;W;9;20;RECHAZADA;6;1090960.01
202539;Y;6;90;ACREDITADO;299;35878457.78
202539;Y;6;90;RECHAZADA;100;22743276.83
202540;3;6;80;ACREDITADO;1;55000
202540;6;1;40;ACREDITADO;12;1598000
202540;6;6;90;ACREDITADO;1495;83807292.58
202540;6;6;90;RECHAZADA;446;34664839.68
202540;A009;1;40;ACREDITADO;258;40135755.97
202540;A012;9;20;ACREDITADO;77;12730592.84
202540;A012;9;20;RECHAZADA;1;642651.47
202540;A014;9;20;ACREDITADO;7;300093.37
202540;A016;1;40;ACREDITADO;193;31162623.24
202540;A016;6;90;ACREDITADO;59;9981842.40
202540;A016;6;90;RECHAZADA;9;1820521.51
202540;A020;4;10;ACREDITADO;1;151000
202540;A020;4;60;ACREDITADO;20;306775
202540;A020;4;80;ACREDITADO;40;1063036.77
202540;A020;4;80;RECHAZADA;2;29682.99
202540;A020;4;90;ACREDITADO;203;4699045.63
202540;A020;4;90;RECHAZADA;3;224183.16
202540;A020;9;20;ACREDITADO;2;18963.90
202540;A022;9;20;ACREDITADO;147;832312
202540;A023;1;40;ACREDITADO;8;1547926.21
202540;A023;6;90;ACREDITADO;13;4342159.94
202540;A023;6;90;RECHAZADA;11;4577030.75
202540;A024;1;40;ACREDITADO;1209;226570463.90
202540;A024;6;80;ACREDITADO;72;20418200
202540;A024;6;80;RECHAZADA;130;77124600
202540;A024;6;90;ACREDITADO;182;35494460
202540;A024;6;90;RECHAZADA;173;64362250
202540;A025;6;90;ACREDITADO;17;2213719.80
202540;A025;6;90;RECHAZADA;12;4330210.96
202540;A026;9;20;ACREDITADO;4;160
202540;A027;9;20;ACREDITADO;3728;386514134
202540;A027;9;20;RECHAZADA;51;7082594
202540;A031;9;20;ACREDITADO;78;903270.77
202540;A031;9;20;RECHAZADA;1;2599.98
202540;A032;4;80;ACREDITADO;1;15
202540;A032;4;80;DEVUELTA;1;25
202540;A032;4;90;ACREDITADO;2;40.05
202540;A032;4;90;DEVUELTA;1;25
202540;A032;9;20;ACREDITADO;4;8
202540;A032;9;20;DEVUELTA;4;8
202540;A035;6;90;ACREDITADO;190;34846617.77
202540;A035;6;90;RECHAZADA;61;10985178.73
202540;A037;6;90;ACREDITADO;20;796879.22
202540;A037;6;90;RECHAZADA;2;105595.74
202540;A038;1;40;ACREDITADO;15968;3385650440.20
202540;A038;6;80;ACREDITADO;214;60672996.35
202540;A038;6;80;RECHAZADA;598;227153820.57
202540;A039;1;40;ACREDITADO;12;4306299.10
202540;A039;4;80;RECHAZADA;3;2900000
202540;A039;6;80;RECHAZADA;2;9000000
202540;A039;6;90;ACREDITADO;1;300
202540;A039;9;20;ACREDITADO;3;102815
202540;A040;1;40;ACREDITADO;494;92767863.07
202540;A041;9;20;ACREDITADO;2;272452.77
202540;A042;9;20;ACREDITADO;1730;99555988.08
202540;A042;9;20;DEVUELTA;3;708091.88
202540;A042;9;20;RECHAZADA;16;1987714.48
202540;A045;1;40;ACREDITADO;6085;1016749669.29
202540;A046;4;80;ACREDITADO;19;427500
202540;A046;4;90;ACREDITADO;95;2123000
202540;A046;4;90;RECHAZADA;2;30000
202540;A046;9;20;ACREDITADO;809;28500624.22
202540;A046;9;20;RECHAZADA;6;388000
202540;A052;1;40;ACREDITADO;106;15038615.29
202540;A053;4;60;ACREDITADO;298;5800992.92
202540;A053;4;60;RECHAZADA;23;696753
202540;A053;4;80;ACREDITADO;553;16725749.78
202540;A053;4;80;RECHAZADA;73;8310201.28
202540;A053;4;90;ACREDITADO;947;22163558.53
202540;A053;4;90;DEVUELTA;4;135365.89
202540;A053;4;90;RECHAZADA;36;1227595.14
202540;A053;9;20;ACREDITADO;2873;56374371.57
202540;A053;9;20;RECHAZADA;35;788700
202540;A058;9;20;ACREDITADO;7;7839713
202540;A060;9;20;ACREDITADO;279;78745456.64
202540;A060;9;20;RECHAZADA;5;1405085.60
202540;A061;1;40;ACREDITADO;176;20960503.19
202540;A062;9;20;ACREDITADO;136;1913000
202540;A062;9;20;RECHAZADA;5;44000
202540;A063;9;20;ACREDITADO;36;1243090
202540;A063;9;20;RECHAZADA;2;87500
202540;A064;1;40;ACREDITADO;80;912500
202540;A065;4;10;ACREDITADO;3;355500
202540;A065;4;60;ACREDITADO;2;70000
202540;A065;4;80;ACREDITADO;2;42000
202540;A065;9;20;ACREDITADO;2;86000
202540;A066;9;20;ACREDITADO;392;17695567.25
202540;A066;9;20;RECHAZADA;2;35004.30
202540;A067;9;20;ACREDITADO;7;112
202540;A069;1;40;ACREDITADO;4238;506141594.64
202540;A070;9;20;ACREDITADO;1430;172812700
202540;A070;9;20;DEVUELTA;35;5501900
202540;A070;9;20;RECHAZADA;34;4274700
202540;A071;6;80;DEVUELTA;2;1002
202540;A071;6;90;DEVUELTA;2;1002
202540;A072;6;80;ACREDITADO;4;564060
202540;A072;6;80;RECHAZADA;1;138250
202540;A072;6;90;ACREDITADO;811;67501357.40
202540;A072;6;90;RECHAZADA;139;12679278
202540;A073;9;20;ACREDITADO;21;10522
202540;A073;9;20;DEVUELTA;10;5010
202540;A074;1;40;ACREDITADO;5;1811877.49
202540;A076;9;20;ACREDITADO;83;16244500.35
202540;A076;9;20;RECHAZADA;1;149500
202540;A077;6;80;ACREDITADO;1;35000
202540;A077;6;80;RECHAZADA;3;306000
202540;A077;6;90;ACREDITADO;2;342000
202540;A078;9;20;ACREDITADO;515;88538527.54
202540;A078;9;20;DEVUELTA;28;1108850
202540;A078;9;20;RECHAZADA;7;761685.27
202540;A079;9;20;ACREDITADO;2;2625.43
202540;A080;1;40;ACREDITADO;1997;30147349
202540;A081;1;40;ACREDITADO;55;5113688.68
202540;A082;9;20;ACREDITADO;130;22901381.01
202540;A084;1;40;ACREDITADO;3523;426697272.58
202540;A085;4;80;ACREDITADO;1;25300
202540;A085;4;80;DEVUELTA;1;60000
202540;A085;4;90;ACREDITADO;2;44400
202540;A085;6;80;DEVUELTA;1;100
202540;A085;6;90;RECHAZADA;1;1500
202540;A086;1;40;ACREDITADO;3;527
202540;A087;1;40;ACREDITADO;69;8282511.20
202540;A089;1;40;ACREDITADO;13;685185
202540;A090;1;40;ACREDITADO;3403;607373805.27
202540;A092;1;40;ACREDITADO;3;34565.10
202540;A094;9;20;ACREDITADO;244;1714835.80
202540;A094;9;20;RECHAZADA;2;67200
202540;A095;1;40;ACREDITADO;1767;20265190.68
202540;A098;1;40;ACREDITADO;3857;148149268.65
202540;A099;1;40;ACREDITADO;125;21034090
202540;B;1;40;ACREDITADO;4;8
202540;B;4;10;ACREDITADO;2;116600
202540;B;4;60;ACREDITADO;111;891940.52
202540;B;4;60;RECHAZADA;8;87095.57
202540;B;4;80;ACREDITADO;124;4209698.57
202540;B;4;80;DEVUELTA;1;1000
202540;B;4;80;RECHAZADA;26;758569.40
202540;B;4;90;ACREDITADO;717;10749390.49
202540;B;4;90;DEVUELTA;1;1000
202540;B;4;90;RECHAZADA;75;963271.78
202540;B;6;80;ACREDITADO;1;120
202540;B;6;80;DEVUELTA;3;360
202540;B;6;90;DEVUELTA;1;120
202540;B;9;20;ACREDITADO;3773;162555580.96
202540;B;9;20;DEVUELTA;6;26.40
202540;B;9;20;RECHAZADA;20;758663.65
202540;C;9;20;ACREDITADO;22593;2380134946.39
202540;C;9;20;DEVUELTA;4;731573.97
202540;C;9;20;RECHAZADA;242;53616576.93
202540;D;9;20;ACREDITADO;6800;1809049745.48
202540;D;9;20;RECHAZADA;155;60380995.36
202540;E;9;20;ACREDITADO;156;1313313
202540;F;9;20;ACREDITADO;1876;355135978.74
202540;F;9;20;RECHAZADA;65;30343827.71
202540;G;9;20;ACREDITADO;9067;272493860.54
202540;G;9;20;RECHAZADA;165;5846456.96
202540;H;9;20;ACREDITADO;314;1865515
202540;J;4;90;ACREDITADO;1244;257922963.72
202540;J;4;90;DEVUELTA;1;409812.26
202540;J;4;90;RECHAZADA;48;14250776.42
202540;J;6;90;ACREDITADO;677;131992402.63
202540;J;6;90;RECHAZADA;183;52417313.82
202540;K;4;90;ACREDITADO;1976;377367411.65
202540;K;4;90;DEVUELTA;3;250808.31
202540;K;4;90;RECHAZADA;185;50733203.28
202540;K;6;90;ACREDITADO;1788;334126123.52
202540;K;6;90;RECHAZADA;445;100750041.46
202540;MALA;9;20;ACREDITADO;1;100
202540;N;9;20;ACREDITADO;3574;189890667.39
202540;N;9;20;RECHAZADA;48;11212468.15
202540;PMC;2;50;ACREDITADO;40852;7217192610.99
202540;Q;6;90;ACREDITADO;266;16202774.16
202540;Q;6;90;RECHAZADA;42;4231987.96
202540;R;9;20;ACREDITADO;13225;1372424676.24
202540;R;9;20;DEVUELTA;9;839841.02
202540;R;9;20;RECHAZADA;316;92570195.76
202540;SURF;4;60;ACREDITADO;1;2200
202540;SURF;4;80;ACREDITADO;2;59599.98
202540;SURF;4;90;ACREDITADO;13;251779.60
202540;SURF;9;20;ACREDITADO;74;724737.79
202540;T;6;80;DEVUELTA;1;100
202540;T;6;90;DEVUELTA;1;100
202540;T;6;90;RECHAZADA;1;15
202540;T;9;20;ACREDITADO;4;11
202540;T;9;20;DEVUELTA;3;15.50
202540;U;4;60;ACREDITADO;5;681644.18
202540;U;4;90;ACREDITADO;139;18755957.17
202540;U;4;90;RECHAZADA;39;4841664.94
202540;U;6;90;ACREDITADO;131;18835664.70
202540;U;6;90;RECHAZADA;52;9142892.93
202540;V;9;20;ACREDITADO;682;66332610.35
202540;V;9;20;RECHAZADA;36;10238862.21
202540;W;9;20;ACREDITADO;1350;239687104.51
202540;W;9;20;RECHAZADA;4;268305.14
202540;Y;6;90;ACREDITADO;991;126087161.51
202540;Y;6;90;RECHAZADA;267;41174071.83
202541;6;1;40;ACREDITADO;17;1625000
202541;6;6;90;ACREDITADO;2017;116551027.20
202541;6;6;90;RECHAZADA;439;30682876.47
202541;7;9;20;ACREDITADO;1;101
202541;A009;1;40;ACREDITADO;697;100179043.29
202541;A012;9;20;ACREDITADO;156;25660911.07
202541;A012;9;20;RECHAZADA;1;221313.35
202541;A014;9;20;ACREDITADO;1;132817.62
202541;A016;1;40;ACREDITADO;331;48496865.49
202541;A016;6;90;ACREDITADO;170;33013881.30
202541;A016;6;90;RECHAZADA;15;2891449.80
202541;A020;4;60;ACREDITADO;13;151270
202541;A020;4;60;RECHAZADA;1;4000
202541;A020;4;80;ACREDITADO;23;1075123.89
202541;A020;4;80;RECHAZADA;1;16680
202541;A020;4;90;ACREDITADO;166;3780824.28
202541;A020;4;90;RECHAZADA;1;1000
202541;A020;9;20;ACREDITADO;1;252275
202541;A022;9;20;ACREDITADO;124;683488
202541;A023;1;40;ACREDITADO;118;18012462.01
202541;A023;6;90;ACREDITADO;32;4685756.65
202541;A023;6;90;RECHAZADA;10;1323320.78
202541;A024;1;40;ACREDITADO;1484;277168466.09
202541;A024;6;80;ACREDITADO;115;25538490
202541;A024;6;80;RECHAZADA;129;44883230
202541;A024;6;90;ACREDITADO;201;38188790
202541;A024;6;90;RECHAZADA;56;12359080
202541;A025;1;40;ACREDITADO;1;81092
202541;A025;6;90;ACREDITADO;21;3441344.67
202541;A025;6;90;RECHAZADA;17;3120347.96
202541;A026;9;20;ACREDITADO;4;4863.95
202541;A027;9;20;ACREDITADO;3467;367573398
202541;A027;9;20;RECHAZADA;58;6576313
202541;A031;1;40;ACREDITADO;2;77013.79
202541;A031;9;20;ACREDITADO;97;1325772.37
202541;A032;4;80;RECHAZADA;2;37
202541;A032;4;90;ACREDITADO;2;33.10
202541;A035;6;90;ACREDITADO;423;76269845.49
202541;A035;6;90;RECHAZADA;61;17927956.92
202541;A036;9;20;ACREDITADO;4;250052
202541;A037;6;90;ACREDITADO;57;4114285.76
202541;A037;6;90;RECHAZADA;2;64648.94
202541;A038;1;40;ACREDITADO;26025;5543551794.30
202541;A038;6;80;ACREDITADO;845;151867089.33
202541;A038;6;80;RECHAZADA;1109;309515729.12
202541;A039;1;40;ACREDITADO;28;6501000
202541;A039;4;60;ACREDITADO;2;34700
202541;A039;4;60;DEVUELTA;1;100
202541;A039;4;80;ACREDITADO;9;241415
202541;A039;4;80;RECHAZADA;2;2
202541;A039;4;90;ACREDITADO;5;31300
202541;A039;4;90;RECHAZADA;2;2
202541;A039;9;20;ACREDITADO;153;2902675
202541;A039;9;20;RECHAZADA;1;24000
202541;A040;1;40;ACREDITADO;422;83589404.80
202541;A041;9;20;ACREDITADO;2;288222.29
202541;A042;9;20;ACREDITADO;1854;210008372.62
202541;A042;9;20;DEVUELTA;2;203679.41
202541;A042;9;20;RECHAZADA;13;5792715.44
202541;A045;1;40;ACREDITADO;15977;2725057034.50
202541;A046;4;80;ACREDITADO;25;676310.96
202541;A046;4;80;RECHAZADA;1;45000
202541;A046;4;90;ACREDITADO;102;2091500
202541;A046;4;90;RECHAZADA;3;225000
202541;A046;9;20;ACREDITADO;887;31689617.44
202541;A046;9;20;RECHAZADA;2;91000
202541;A052;1;40;ACREDITADO;107;15697740.96
202541;A053;4;60;ACREDITADO;308;9284651.42
202541;A053;4;60;RECHAZADA;17;1672061.37
202541;A053;4;80;ACREDITADO;434;13129004.98
202541;A053;4;80;DEVUELTA;1;31000
202541;A053;4;80;RECHAZADA;66;6201974.79
202541;A053;4;90;ACREDITADO;907;24153663.36
202541;A053;4;90;DEVUELTA;1;39000
202541;A053;4;90;RECHAZADA;43;4855690
202541;A053;9;20;ACREDITADO;3985;90311355.78
202541;A053;9;20;RECHAZADA;56;3272300
202541;A058;9;20;ACREDITADO;8;8095578.35
202541;A060;9;20;ACREDITADO;298;87211119.85
202541;A060;9;20;RECHAZADA;5;337360
202541;A061;1;40;ACREDITADO;370;44048250.74
202541;A063;9;20;ACREDITADO;39;1443695
202541;A064;1;40;ACREDITADO;55;1338000
202541;A065;4;10;ACREDITADO;2;267600
202541;A065;4;60;ACREDITADO;2;48000
202541;A065;4;60;RECHAZADA;2;6000
202541;A065;4;90;RECHAZADA;1;28000
202541;A065;9;20;ACREDITADO;1;50000
202541;A066;9;20;ACREDITADO;559;36177802.83
202541;A066;9;20;RECHAZADA;17;6311908.70
202541;A069;1;40;ACREDITADO;4583;603597340.85
202541;A070;9;20;ACREDITADO;1637;212514750
202541;A070;9;20;DEVUELTA;44;7320600
202541;A070;9;20;RECHAZADA;27;5170300
202541;A071;6;80;RECHAZADA;1;500
202541;A071;6;90;RECHAZADA;1;10
202541;A072;6;80;ACREDITADO;20;2770530
202541;A072;6;80;RECHAZADA;5;691250
202541;A072;6;90;ACREDITADO;1272;114494307.40
202541;A072;6;90;RECHAZADA;203;18315207.20
202541;A073;9;20;ACREDITADO;23;230
202541;A073;9;20;DEVUELTA;9;4013
202541;A074;1;40;ACREDITADO;11;4221410.04
202541;A076;9;20;ACREDITADO;83;14381415.75
202541;A076;9;20;RECHAZADA;5;2149032.60
202541;A078;9;20;ACREDITADO;621;115589482.87
202541;A078;9;20;DEVUELTA;32;1893997.33
202541;A078;9;20;RECHAZADA;15;6727000
202541;A079;9;20;ACREDITADO;2;27000
202541;A080;1;40;ACREDITADO;1752;29427874.44
202541;A081;1;40;ACREDITADO;30;2660241.57
202541;A082;9;20;ACREDITADO;146;23934129.94
202541;A082;9;20;RECHAZADA;2;326000
202541;A084;1;40;ACREDITADO;3834;472272507.02
202541;A086;1;40;ACREDITADO;5;4966.26
202541;A087;1;40;ACREDITADO;1;848234
202541;A088;1;40;ACREDITADO;2;26
202541;A089;1;40;ACREDITADO;14;216000
202541;A090;1;40;ACREDITADO;6309;1203847519.38
202541;A094;9;20;ACREDITADO;205;1840296.60
202541;A094;9;20;RECHAZADA;1;8400
202541;A095;1;40;ACREDITADO;1835;29019563.64
202541;A098;1;40;ACREDITADO;3576;126970035.30
202541;A099;1;40;ACREDITADO;129;21435850
202541;A101;1;40;ACREDITADO;3;150
202541;A103;9;20;ACREDITADO;1;150
202541;B;1;40;ACREDITADO;1;2
202541;B;4;60;ACREDITADO;119;717648.82
202541;B;4;60;RECHAZADA;5;19292.96
202541;B;4;80;ACREDITADO;64;1248381.96
202541;B;4;80;RECHAZADA;12;358508.76
202541;B;4;90;ACREDITADO;783;10107400.18
202541;B;4;90;RECHAZADA;43;665276.03
202541;B;6;90;DEVUELTA;2;204
202541;B;9;20;ACREDITADO;3722;172757540.23
202541;B;9;20;RECHAZADA;18;816201.94
202541;C;9;20;ACREDITADO;33761;4022213029.79
202541;C;9;20;DEVUELTA;6;1146425.54
202541;C;9;20;RECHAZADA;350;63723648.54
202541;D;9;20;ACREDITADO;14327;3961046226.38
202541;D;9;20;RECHAZADA;288;105835877.80
202541;E;9;20;ACREDITADO;262;2270918
202541;F;9;20;ACREDITADO;3757;793331999
202541;F;9;20;RECHAZADA;205;82350071.88
202541;G;9;20;ACREDITADO;9436;248934502.72
202541;G;9;20;RECHAZADA;217;7391724.32
202541;H;9;20;ACREDITADO;313;1640036
202541;H;9;20;RECHAZADA;1;3500
202541;J;4;60;RECHAZADA;1;77243.84
202541;J;4;90;ACREDITADO;2398;514015520.60
202541;J;4;90;RECHAZADA;114;29648406.08
202541;J;6;90;ACREDITADO;1272;244604718
202541;J;6;90;RECHAZADA;259;62407706.29
202541;K;4;90;ACREDITADO;3136;619102932.36
202541;K;4;90;DEVUELTA;1;169300
202541;K;4;90;RECHAZADA;397;102884389.39
202541;K;6;90;ACREDITADO;2753;556508165.41
202541;K;6;90;RECHAZADA;653;142612343.92
202541;MALA;9;20;ACREDITADO;3;1020
202541;N;9;20;ACREDITADO;3772;191198161.15
202541;N;9;20;RECHAZADA;38;3237557.75
202541;PMC;2;50;ACREDITADO;61495;10995980702.99
202541;Q;6;90;ACREDITADO;359;20406104.80
202541;Q;6;90;RECHAZADA;29;1748737.68
202541;R;9;20;ACREDITADO;18125;2083826691
202541;R;9;20;DEVUELTA;21;1921809.37
202541;R;9;20;RECHAZADA;455;137192226.62
202541;SURF;4;60;ACREDITADO;2;44000
202541;SURF;4;80;ACREDITADO;1;12000
202541;SURF;4;90;ACREDITADO;9;594499.98
202541;SURF;9;20;ACREDITADO;20;510466.38
202541;T;4;80;DEVUELTA;4;81
202541;T;4;80;RECHAZADA;1;15
202541;U;4;60;ACREDITADO;12;1541329.88
202541;U;4;90;ACREDITADO;332;42426262.64
202541;U;4;90;RECHAZADA;63;9634372.90
202541;U;6;90;ACREDITADO;214;33237056.96
202541;U;6;90;RECHAZADA;68;19746300.70
202541;V;9;20;ACREDITADO;632;71163013.27
202541;V;9;20;RECHAZADA;34;7520017
202541;W;9;20;ACREDITADO;3559;681763352.44
202541;W;9;20;RECHAZADA;30;5904099.65
202541;Y;6;90;ACREDITADO;1385;166200172.11
202541;Y;6;90;RECHAZADA;373;44694939.27
202542;6;1;40;ACREDITADO;16;3645000
202542;6;6;90;ACREDITADO;1933;105890590.23
202542;6;6;90;RECHAZADA;456;37858842.13
202542;7;9;20;ACREDITADO;1;15
202542;A009;1;40;ACREDITADO;851;130529722.30
202542;A012;9;20;ACREDITADO;75;11228722.97
202542;A012;9;20;RECHAZADA;8;579557.10
202542;A015;6;80;ACREDITADO;1;100
202542;A016;1;40;ACREDITADO;312;47969005.97
202542;A016;6;90;ACREDITADO;90;13254878.98
202542;A016;6;90;RECHAZADA;16;1927899.93
202542;A020;4;60;ACREDITADO;11;175908.42
202542;A020;4;80;ACREDITADO;34;785390.28
202542;A020;4;90;ACREDITADO;175;4013186.79
202542;A020;4;90;RECHAZADA;3;14500
202542;A020;9;20;ACREDITADO;1;14000
202542;A022;9;20;ACREDITADO;169;959088
202542;A023;1;40;ACREDITADO;139;23946703.20
202542;A023;6;90;ACREDITADO;4;1058093.34
202542;A023;6;90;RECHAZADA;86;20017778.51
202542;A024;1;40;ACREDITADO;771;140543770.65
202542;A024;6;80;ACREDITADO;79;20028130
202542;A024;6;80;RECHAZADA;127;37645840
202542;A024;6;90;ACREDITADO;110;24633380
202542;A024;6;90;RECHAZADA;99;41549510
202542;A025;6;90;ACREDITADO;25;3057844.48
202542;A025;6;90;RECHAZADA;10;1967655.08
202542;A026;9;20;ACREDITADO;1;50
202542;A027;9;20;ACREDITADO;2959;326788706
202542;A027;9;20;RECHAZADA;52;5714691
202542;A031;1;40;ACREDITADO;4;119666.89
202542;A031;9;20;ACREDITADO;116;1469079.60
202542;A032;4;10;DEVUELTA;1;21
202542;A032;4;80;DEVUELTA;1;22.22
202542;A032;4;90;ACREDITADO;1;20
202542;A032;9;20;ACREDITADO;2;4
202542;A032;9;20;DEVUELTA;2;4
202542;A035;6;90;ACREDITADO;257;63965836.04
202542;A035;6;90;RECHAZADA;51;21201232.31
202542;A036;9;20;ACREDITADO;1;72200
202542;A037;6;90;ACREDITADO;50;3264785.38
202542;A037;6;90;RECHAZADA;12;1843876.13
202542;A038;1;40;ACREDITADO;13012;2729693852.70
202542;A038;6;80;ACREDITADO;897;199054396.58
202542;A038;6;80;RECHAZADA;1536;404948397.73
202542;A039;1;40;ACREDITADO;51;7443247.83
202542;A039;4;60;ACREDITADO;78;1635718.26
202542;A039;4;60;RECHAZADA;3;48925.17
202542;A039;4;80;ACREDITADO;244;6826601.25
202542;A039;4;80;RECHAZADA;39;2580670
202542;A039;4;90;ACREDITADO;181;4581390.24
202542;A039;4;90;DEVUELTA;1;10
202542;A039;4;90;RECHAZADA;4;280001
202542;A039;9;20;ACREDITADO;432;18173670.45
202542;A039;9;20;RECHAZADA;2;8000
202542;A040;1;40;ACREDITADO;619;121242650.21
202542;A041;9;20;ACREDITADO;7;3914525.08
202542;A042;9;20;ACREDITADO;1546;83081066.77
202542;A042;9;20;DEVUELTA;2;554287.58
202542;A042;9;20;RECHAZADA;7;2176777.96
202542;A045;1;40;ACREDITADO;9216;1456687115.81
202542;A046;4;80;ACREDITADO;22;861500
202542;A046;4;90;ACREDITADO;112;2407500
202542;A046;4;90;DEVUELTA;1;15000
202542;A046;4;90;RECHAZADA;3;67500
202542;A046;9;20;ACREDITADO;866;32231584.61
202542;A046;9;20;RECHAZADA;2;44000
202542;A052;1;40;ACREDITADO;91;16393134.89
202542;A053;4;60;ACREDITADO;330;6223110.29
202542;A053;4;60;DEVUELTA;1;7800
202542;A053;4;60;RECHAZADA;14;396000
202542;A053;4;80;ACREDITADO;458;16574434.56
202542;A053;4;80;RECHAZADA;90;7678343.18
202542;A053;4;90;ACREDITADO;1106;27954535.38
202542;A053;4;90;RECHAZADA;47;2547231.24
202542;A053;9;20;ACREDITADO;2874;57682509.63
202542;A053;9;20;RECHAZADA;52;1936040
202542;A058;9;20;ACREDITADO;14;11526190
202542;A058;9;20;RECHAZADA;2;1163880
202542;A060;9;20;ACREDITADO;285;95742288.32
202542;A060;9;20;RECHAZADA;1;1798102
202542;A061;1;40;ACREDITADO;408;42028180.12
202542;A063;9;20;ACREDITADO;32;1220220
202542;A064;1;40;ACREDITADO;56;900500
202542;A065;4;10;ACREDITADO;15;2147836
202542;A066;9;20;ACREDITADO;392;14623019.61
202542;A066;9;20;RECHAZADA;8;2164190.24
202542;A069;1;40;ACREDITADO;5762;747950412.22
202542;A070;9;20;ACREDITADO;1453;164276400
202542;A070;9;20;DEVUELTA;48;6604400
202542;A070;9;20;RECHAZADA;24;4269050
202542;A071;6;60;DEVUELTA;2;1000
202542;A071;6;60;RECHAZADA;3;1500
202542;A071;6;80;RECHAZADA;3;1102
202542;A071;6;90;DEVUELTA;2;1000
202542;A072;6;80;ACREDITADO;64;8959752
202542;A072;6;80;RECHAZADA;14;2027710
202542;A072;6;90;ACREDITADO;930;80682809.40
202542;A072;6;90;RECHAZADA;155;16026416
202542;A073;9;20;DEVUELTA;4;2001
202542;A074;1;40;ACREDITADO;4;1141515.64
202542;A076;9;20;ACREDITADO;17;2905916
202542;A077;6;90;ACREDITADO;1;35000
202542;A077;6;90;RECHAZADA;1;35000
202542;A078;9;20;ACREDITADO;739;102827618.68
202542;A078;9;20;DEVUELTA;46;2306613.41
202542;A078;9;20;RECHAZADA;15;3773391
202542;A079;9;20;ACREDITADO;2;592888.94
202542;A080;1;40;ACREDITADO;2044;28208171
202542;A081;1;40;ACREDITADO;35;2623818.88
202542;A082;9;20;ACREDITADO;143;29837460.45
202542;A082;9;20;RECHAZADA;15;6361000
202542;A084;1;40;ACREDITADO;4422;504164888.36
202542;A085;4;80;ACREDITADO;1;167275.50
202542;A086;1;40;ACREDITADO;24;27527.36
202542;A087;1;40;ACREDITADO;6;865580.30
202542;A089;1;40;ACREDITADO;9;40228
202542;A090;1;40;ACREDITADO;6575;1243360630.12
202542;A094;9;20;ACREDITADO;146;1468160
202542;A095;1;40;ACREDITADO;2344;31633060.82
202542;A098;1;40;ACREDITADO;4723;150808102.94
202542;A099;1;40;ACREDITADO;58;9193833
202542;A101;1;40;ACREDITADO;2;11
202542;A103;9;20;ACREDITADO;1;10
202542;B;1;40;ACREDITADO;1;2
202542;B;4;10;ACREDITADO;1;180000
202542;B;4;60;ACREDITADO;138;855291.48
202542;B;4;60;RECHAZADA;3;13500
202542;B;4;80;ACREDITADO;106;2697380.52
202542;B;4;80;DEVUELTA;1;1000
202542;B;4;80;RECHAZADA;28;838328.48
202542;B;4;90;ACREDITADO;938;11340040.04
202542;B;4;90;DEVUELTA;1;19143.99
202542;B;4;90;RECHAZADA;26;414883.46
202542;B;6;60;DEVUELTA;1;102
202542;B;6;80;DEVUELTA;1;120
202542;B;6;90;DEVUELTA;1;102
202542;B;9;20;ACREDITADO;3976;179112918.95
202542;B;9;20;DEVUELTA;2;8.80
202542;B;9;20;RECHAZADA;13;171943.93
202542;C;9;20;ACREDITADO;28320;2994672855.41
202542;C;9;20;DEVUELTA;6;552096.24
202542;C;9;20;RECHAZADA;264;41920966.12
202542;D;9;20;ACREDITADO;3253;790608624.17
202542;D;9;20;RECHAZADA;90;33791209.36
202542;E;9;20;ACREDITADO;112;933062
202542;F;9;20;ACREDITADO;3115;608905486.93
202542;F;9;20;RECHAZADA;130;52354108.09
202542;G;9;20;ACREDITADO;9286;248400840.10
202542;G;9;20;RECHAZADA;136;3366867.63
202542;H;9;20;ACREDITADO;308;1343750
202542;H;9;20;RECHAZADA;1;6000
202542;J;4;90;ACREDITADO;1576;316028026.90
202542;J;4;90;RECHAZADA;112;27370417.21
202542;J;6;90;ACREDITADO;1027;196028405.19
202542;J;6;90;RECHAZADA;250;53385522
202542;K;4;90;ACREDITADO;3009;532228681.67
202542;K;4;90;DEVUELTA;4;671516.77
202542;K;4;90;RECHAZADA;341;93145743.74
202542;K;6;90;ACREDITADO;2281;408439507.45
202542;K;6;90;RECHAZADA;523;112005804.31
202542;MALA;9;20;ACREDITADO;4;1610
202542;N;9;20;ACREDITADO;3392;204123872.39
202542;N;9;20;RECHAZADA;36;5884622.18
202542;PMC;2;50;ACREDITADO;90749;18630304844.32
202542;Q;6;90;ACREDITADO;337;18428512
202542;Q;6;90;RECHAZADA;36;1862015.69
202542;R;9;20;ACREDITADO;16156;1785920063.81
202542;R;9;20;DEVUELTA;11;882646.89
202542;R;9;20;RECHAZADA;407;106301622.94
202542;SURF;4;60;ACREDITADO;1;14000
202542;SURF;4;80;ACREDITADO;2;46965
202542;SURF;4;90;ACREDITADO;11;299999.99
202542;SURF;9;20;ACREDITADO;27;663067.39
202542;T;4;80;DEVUELTA;1;36
202542;T;4;90;DEVUELTA;1;107
202542;T;4;90;RECHAZADA;1;4.50
202542;T;6;60;DEVUELTA;1;101
202542;T;6;60;RECHAZADA;1;102
202542;T;9;20;ACREDITADO;4;9
202542;T;9;20;DEVUELTA;1;2
202542;U;4;60;ACREDITADO;18;2600368.38
202542;U;4;90;ACREDITADO;247;31687234.87
202542;U;4;90;DEVUELTA;1;150000
202542;U;4;90;RECHAZADA;42;6638808.70
202542;U;6;90;ACREDITADO;259;42116034.45
202542;U;6;90;RECHAZADA;82;13320055.18
202542;V;9;20;ACREDITADO;662;81497796.23
202542;V;9;20;RECHAZADA;18;6975770.83
202542;W;9;20;ACREDITADO;1761;307864195.52
202542;W;9;20;RECHAZADA;10;1627879.05
202542;Y;6;90;ACREDITADO;1198;138880653.76
202542;Y;6;90;RECHAZADA;345;47229904.78
202542;Z;9;20;ACREDITADO;1;10
202543;6;1;40;ACREDITADO;17;1966500
202543;6;6;90;ACREDITADO;2466;117731782.11
202543;6;6;90;RECHAZADA;532;35714682.14
202543;7;9;20;ACREDITADO;1;15
202543;A009;1;40;ACREDITADO;392;55771508.82
202543;A012;9;20;ACREDITADO;52;6696973.43
202543;A014;9;20;ACREDITADO;14;191321.15
202543;A016;1;40;ACREDITADO;166;18858638.02
202543;A016;6;90;ACREDITADO;42;4485264.34
202543;A016;6;90;RECHAZADA;5;623096.50
202543;A020;4;60;ACREDITADO;16;304399.63
202543;A020;4;80;ACREDITADO;30;839027.39
202543;A020;4;80;RECHAZADA;4;223700
202543;A020;4;90;ACREDITADO;114;2276509.86
202543;A020;4;90;RECHAZADA;1;23008.32
202543;A022;9;20;ACREDITADO;129;727584
202543;A023;1;40;ACREDITADO;74;20685546.23
202543;A023;6;90;RECHAZADA;31;8806322.84
202543;A024;1;40;ACREDITADO;445;81165973.55
202543;A024;6;80;ACREDITADO;27;5672440
202543;A024;6;80;RECHAZADA;59;18646110
202543;A024;6;90;ACREDITADO;70;15208790
202543;A024;6;90;RECHAZADA;76;13182760
202543;A025;1;40;ACREDITADO;3;401492.15
202543;A025;6;90;ACREDITADO;9;2882470.72
202543;A025;6;90;RECHAZADA;1;107862.77
202543;A027;9;20;ACREDITADO;3190;345472698
202543;A027;9;20;RECHAZADA;66;11573740
202543;A031;1;40;ACREDITADO;2;85334.92
202543;A031;9;20;ACREDITADO;132;1731981.16
202543;A032;4;10;ACREDITADO;1;25
202543;A032;4;10;DEVUELTA;1;21.40
202543;A032;4;80;DEVUELTA;2;45.80
202543;A032;4;90;ACREDITADO;1;15
202543;A032;4;90;DEVUELTA;2;27
202543;A032;9;20;ACREDITADO;6;74
202543;A032;9;20;DEVUELTA;1;100
202543;A035;6;90;ACREDITADO;62;19448877.30
202543;A035;6;90;RECHAZADA;9;1354597.07
202543;A037;6;90;ACREDITADO;9;564752.27
202543;A037;6;90;RECHAZADA;4;250595.85
202543;A038;1;40;ACREDITADO;6508;1513325813.63
202543;A038;6;80;ACREDITADO;248;58088299.22
202543;A038;6;80;RECHAZADA;589;168799031.85
202543;A039;1;40;ACREDITADO;48;10893660
202543;A039;4;60;ACREDITADO;155;3667143.54
202543;A039;4;60;RECHAZADA;4;64221.48
202543;A039;4;80;ACREDITADO;296;10018268.54
202543;A039;4;80;DEVUELTA;1;141083.01
202543;A039;4;80;RECHAZADA;60;6325288.88
202543;A039;4;90;ACREDITADO;1019;17863900.19
202543;A039;4;90;DEVUELTA;1;2975
202543;A039;4;90;RECHAZADA;21;526601.69
202543;A039;9;20;ACREDITADO;750;24171536.48
202543;A039;9;20;DEVUELTA;1;10
202543;A039;9;20;RECHAZADA;3;102400
202543;A040;1;40;ACREDITADO;566;118149830.14
202543;A041;9;20;ACREDITADO;2;511915.60
202543;A042;9;20;ACREDITADO;1139;68932968.03
202543;A042;9;20;RECHAZADA;12;2665084.21
202543;A045;1;40;ACREDITADO;4270;620448927.44
202543;A046;4;80;ACREDITADO;16;424000
202543;A046;4;90;ACREDITADO;76;1740500
202543;A046;9;20;ACREDITADO;664;22105003.52
202543;A046;9;20;DEVUELTA;1;22000
202543;A046;9;20;RECHAZADA;2;138000
202543;A052;1;40;ACREDITADO;74;12507928.13
202543;A053;4;60;ACREDITADO;137;1896410
202543;A053;4;60;RECHAZADA;6;237700
202543;A053;4;80;ACREDITADO;196;8831022
202543;A053;4;80;RECHAZADA;24;3204000
202543;A053;4;90;ACREDITADO;522;10901870
202543;A053;4;90;RECHAZADA;21;1908700
202543;A053;9;20;ACREDITADO;2721;53652021.35
202543;A053;9;20;RECHAZADA;13;386600
202543;A058;9;20;ACREDITADO;5;9044732
202543;A060;9;20;ACREDITADO;206;71881453.65
202543;A060;9;20;RECHAZADA;6;113128.40
202543;A061;1;40;ACREDITADO;225;28210197.17
202543;A063;9;20;ACREDITADO;31;1103315
202543;A064;1;40;ACREDITADO;30;247200
202543;A065;4;10;ACREDITADO;8;945797
202543;A066;9;20;ACREDITADO;219;10636168.63
202543;A066;9;20;RECHAZADA;1;7434.58
202543;A067;9;20;ACREDITADO;1;20
202543;A069;1;40;ACREDITADO;4665;628362372.01
202543;A070;9;20;ACREDITADO;1210;137980800
202543;A070;9;20;DEVUELTA;32;2899150
202543;A070;9;20;RECHAZADA;27;5825000
202543;A071;6;60;RECHAZADA;4;197020
202543;A071;6;80;ACREDITADO;29;3708045
202543;A071;6;80;RECHAZADA;14;1778095
202543;A071;6;90;ACREDITADO;17;1902725
202543;A071;6;90;RECHAZADA;2;160220
202543;A072;6;80;ACREDITADO;68;14220830
202543;A072;6;80;RECHAZADA;18;3843780
202543;A072;6;90;ACREDITADO;345;33505650
202543;A072;6;90;RECHAZADA;89;9812426
202543;A073;9;20;ACREDITADO;48;4851011
202543;A073;9;20;DEVUELTA;1;500
202543;A073;9;20;RECHAZADA;1;90750
202543;A075;9;20;ACREDITADO;1;155.82
202543;A076;9;20;ACREDITADO;5;867473.75
202543;A077;6;80;ACREDITADO;2;137000
202543;A078;9;20;ACREDITADO;541;74580751.73
202543;A078;9;20;DEVUELTA;29;3658370.48
202543;A078;9;20;RECHAZADA;12;476945.26
202543;A080;1;40;ACREDITADO;1173;20897266
202543;A081;1;40;ACREDITADO;24;1495713.55
202543;A082;9;20;ACREDITADO;124;23149116.52
202543;A082;9;20;RECHAZADA;8;1371660
202543;A084;1;40;ACREDITADO;2077;216124689.64
202543;A086;1;40;ACREDITADO;1;19.80
202543;A087;1;40;ACREDITADO;8;1498662
202543;A088;1;40;ACREDITADO;3;1529
202543;A090;1;40;ACREDITADO;2525;421221117.22
202543;A094;9;20;ACREDITADO;68;1537690
202543;A094;9;20;RECHAZADA;1;28000
202543;A095;1;40;ACREDITADO;2487;43078582.65
202543;A096;1;40;ACREDITADO;1;17
202543;A098;1;40;ACREDITADO;3638;169190721.93
202543;A099;1;40;ACREDITADO;11;1722750
202543;A103;9;20;ACREDITADO;3;50
202543;A105;1;40;ACREDITADO;1;1253.08
202543;B;1;40;ACREDITADO;2;4
202543;B;4;10;ACREDITADO;2;135000
202543;B;4;60;ACREDITADO;124;1262048.50
202543;B;4;60;RECHAZADA;6;105359.74
202543;B;4;80;ACREDITADO;118;3208601.39
202543;B;4;80;RECHAZADA;20;659545.21
202543;B;4;90;ACREDITADO;807;11954726.81
202543;B;4;90;DEVUELTA;1;17300
202543;B;4;90;RECHAZADA;40;694784.78
202543;B;6;80;ACREDITADO;1;103
202543;B;6;80;DEVUELTA;2;240
202543;B;6;90;DEVUELTA;2;240
202543;B;9;20;ACREDITADO;3303;140580818.04
202543;B;9;20;DEVUELTA;4;17.60
202543;B;9;20;RECHAZADA;22;2019925.62
202543;C;9;20;ACREDITADO;20315;2006637639.72
202543;C;9;20;DEVUELTA;3;205098.61
202543;C;9;20;RECHAZADA;187;28888004.97
202543;D;9;20;ACREDITADO;1470;326594882.16
202543;D;9;20;RECHAZADA;36;9144015.12
202543;E;9;20;ACREDITADO;153;1274386
202543;F;9;20;ACREDITADO;2137;399058047.63
202543;F;9;20;RECHAZADA;81;28961890.66
202543;G;9;20;ACREDITADO;7354;177154552.61
202543;G;9;20;RECHAZADA;140;5025794.44
202543;H;9;20;ACREDITADO;282;1396680
202543;J;4;90;ACREDITADO;763;159699295.50
202543;J;4;90;RECHAZADA;76;16007622.45
202543;J;6;90;ACREDITADO;345;62350593.19
202543;J;6;90;RECHAZADA;76;19477398.66
202543;K;4;90;ACREDITADO;1872;346722399.33
202543;K;4;90;DEVUELTA;1;178600
202543;K;4;90;RECHAZADA;232;58584019.56
202543;K;6;90;ACREDITADO;1369;242178446.08
202543;K;6;90;RECHAZADA;333;68869368.49
202543;MALA;9;20;ACREDITADO;1;140
202543;N;9;20;ACREDITADO;2794;172096800.63
202543;N;9;20;RECHAZADA;33;3817069.78
202543;PMC;2;50;ACREDITADO;48232;10211815371.23
202543;Q;6;90;ACREDITADO;121;7094390.82
202543;Q;6;90;RECHAZADA;14;904939.98
202543;R;9;20;ACREDITADO;12290;1264780557.87
202543;R;9;20;DEVUELTA;7;348531.06
202543;R;9;20;RECHAZADA;287;80797981.35
202543;SURF;4;80;ACREDITADO;2;230500
202543;SURF;4;90;ACREDITADO;12;361100
202543;SURF;9;20;ACREDITADO;26;273188.70
202543;T;6;90;DEVUELTA;1;110
202543;T;9;20;ACREDITADO;1;6
202543;T;9;20;DEVUELTA;1;12
202543;U;4;60;ACREDITADO;12;2218979.72
202543;U;4;90;ACREDITADO;121;16422037.75
202543;U;4;90;RECHAZADA;28;4209214.17
202543;U;6;90;ACREDITADO;127;17765511.89
202543;U;6;90;RECHAZADA;89;11687799.76
202543;V;9;20;ACREDITADO;342;33784262.21
202543;V;9;20;RECHAZADA;5;431749
202543;VIRG;9;20;ACREDITADO;3;120
202543;W;9;20;ACREDITADO;901;162556986
202543;W;9;20;RECHAZADA;7;1761049.70
202543;Y;6;90;ACREDITADO;378;40251576.92
202543;Y;6;90;RECHAZADA;106;12880907.21
202544;6;1;40;ACREDITADO;14;3312000
202544;6;6;90;ACREDITADO;1962;90438304.40
202544;6;6;90;RECHAZADA;583;39931852.08
202544;A009;1;40;ACREDITADO;189;27134001.44
202544;A012;9;20;ACREDITADO;33;7236200.28
202544;A014;9;20;ACREDITADO;6;190351.10
202544;A016;1;40;ACREDITADO;127;15838162.83
202544;A016;6;90;ACREDITADO;40;4093639.05
202544;A016;6;90;RECHAZADA;5;362285.62
202544;A020;4;10;ACREDITADO;2;118500
202544;A020;4;60;ACREDITADO;11;160400
202544;A020;4;80;ACREDITADO;32;689110.36
202544;A020;4;90;ACREDITADO;105;2429545.89
202544;A020;4;90;RECHAZADA;2;140030.60
202544;A020;9;20;ACREDITADO;2;31700
202544;A022;9;20;ACREDITADO;165;926016
202544;A023;1;40;ACREDITADO;53;8821330.33
202544;A023;6;90;ACREDITADO;16;1877675.70
202544;A023;6;90;RECHAZADA;14;3652343.95
202544;A024;1;40;ACREDITADO;522;111439511.38
202544;A024;6;80;ACREDITADO;29;9515440
202544;A024;6;80;RECHAZADA;88;44898920
202544;A024;6;90;ACREDITADO;76;14942280
202544;A024;6;90;RECHAZADA;75;42992670
202544;A025;6;90;ACREDITADO;9;1739692.15
202544;A025;6;90;RECHAZADA;6;833250.48
202544;A027;9;20;ACREDITADO;3402;359588475
202544;A027;9;20;RECHAZADA;65;11972961
202544;A031;1;40;ACREDITADO;3;41881
202544;A031;9;20;ACREDITADO;90;1072668.82
202544;A032;4;10;ACREDITADO;2;44.33
202544;A032;4;10;DEVUELTA;2;46.50
202544;A032;4;80;DEVUELTA;1;22
202544;A032;4;80;RECHAZADA;2;45
202544;A032;4;90;ACREDITADO;4;71
202544;A032;4;90;DEVUELTA;2;41
202544;A032;9;20;ACREDITADO;2;3
202544;A035;6;90;ACREDITADO;39;9435699.78
202544;A035;6;90;RECHAZADA;27;26531919.06
202544;A036;9;20;ACREDITADO;1;126360
202544;A037;6;90;ACREDITADO;16;729686.28
202544;A037;6;90;RECHAZADA;2;66946.44
202544;A038;1;40;ACREDITADO;7481;1742762075.45
202544;A038;6;80;ACREDITADO;202;48262597.09
202544;A038;6;80;RECHAZADA;690;222284370.39
202544;A039;1;40;ACREDITADO;54;5145490
202544;A039;4;60;ACREDITADO;177;3954577.27
202544;A039;4;60;DEVUELTA;1;14000
202544;A039;4;60;RECHAZADA;9;135030
202544;A039;4;80;ACREDITADO;629;19551804.52
202544;A039;4;80;DEVUELTA;1;100
202544;A039;4;80;RECHAZADA;50;3052572.59
202544;A039;4;90;ACREDITADO;1679;30789953.22
202544;A039;4;90;RECHAZADA;46;1032638.23
202544;A039;6;80;ACREDITADO;1;1000
202544;A039;9;20;ACREDITADO;975;17879195.65
202544;A039;9;20;RECHAZADA;2;45600
202544;A040;1;40;ACREDITADO;596;114385233.88
202544;A041;9;20;ACREDITADO;1;248130.96
202544;A042;9;20;ACREDITADO;1533;86981345.05
202544;A042;9;20;RECHAZADA;14;2219319.55
202544;A045;1;40;ACREDITADO;1517;162733511.90
202544;A046;4;80;ACREDITADO;16;360000
202544;A046;4;90;ACREDITADO;92;2102500
202544;A046;4;90;RECHAZADA;4;90000
202544;A046;9;20;ACREDITADO;743;27151541.24
202544;A050;9;20;ACREDITADO;1;20
202544;A052;1;40;ACREDITADO;93;14249254.75
202544;A053;4;60;ACREDITADO;94;1461540
202544;A053;4;60;RECHAZADA;2;40400
202544;A053;4;80;ACREDITADO;199;6407283
202544;A053;4;80;RECHAZADA;38;1882825
202544;A053;4;90;ACREDITADO;498;9441662.92
202544;A053;4;90;RECHAZADA;15;464350
202544;A053;9;20;ACREDITADO;1788;27659095.50
202544;A053;9;20;RECHAZADA;13;193800
202544;A058;9;20;ACREDITADO;6;9778245
202544;A058;9;20;RECHAZADA;6;5621124
202544;A060;9;20;ACREDITADO;160;43499496.04
202544;A060;9;20;RECHAZADA;2;895194
202544;A061;1;40;ACREDITADO;217;35068010.65
202544;A062;9;20;ACREDITADO;4;64000
202544;A063;9;20;ACREDITADO;31;1002540
202544;A064;1;40;ACREDITADO;56;478100
202544;A066;9;20;ACREDITADO;333;15690657.52
202544;A066;9;20;RECHAZADA;3;363269.31
202544;A069;1;40;ACREDITADO;4040;502009132.53
202544;A070;9;20;ACREDITADO;1240;158550050
202544;A070;9;20;DEVUELTA;36;3501750
202544;A070;9;20;RECHAZADA;20;2573600
202544;A071;6;60;ACREDITADO;2;301290
202544;A071;6;80;ACREDITADO;48;6172210
202544;A071;6;80;RECHAZADA;22;3273050
202544;A071;6;90;ACREDITADO;22;2490180
202544;A071;6;90;RECHAZADA;2;239580
202544;A072;6;80;ACREDITADO;45;7207044
202544;A072;6;80;RECHAZADA;23;3349064
202544;A072;6;90;ACREDITADO;236;20504545.60
202544;A072;6;90;RECHAZADA;42;3842956
202544;A073;9;20;ACREDITADO;100;9941602
202544;A074;1;40;ACREDITADO;4;1730212.36
202544;A076;9;20;ACREDITADO;23;8556349.75
202544;A076;9;20;RECHAZADA;1;149500
202544;A077;6;80;ACREDITADO;1;240000
202544;A077;6;80;RECHAZADA;2;480000
202544;A078;9;20;ACREDITADO;545;86793513.31
202544;A078;9;20;DEVUELTA;29;1566160.01
202544;A078;9;20;RECHAZADA;5;2740000
202544;A079;9;20;ACREDITADO;4;1873718.34
202544;A080;1;40;ACREDITADO;1427;28003360
202544;A081;1;40;ACREDITADO;43;3915805.51
202544;A082;9;20;ACREDITADO;94;17185000
202544;A082;9;20;RECHAZADA;1;110000
202544;A084;1;40;ACREDITADO;3001;358818512.34
202544;A086;1;40;ACREDITADO;9;42644
202544;A087;1;40;ACREDITADO;3;807300
202544;A088;1;40;ACREDITADO;1;200
202544;A090;1;40;ACREDITADO;1819;295115817.27
202544;A094;9;20;ACREDITADO;134;1738455
202544;A095;1;40;ACREDITADO;2170;47961102.85
202544;A096;1;40;ACREDITADO;101;482540.86
202544;A098;1;40;ACREDITADO;3722;218330137.20
202544;A099;1;40;ACREDITADO;7;1266750
202544;A101;1;40;ACREDITADO;2;129950
202544;A103;6;60;RECHAZADA;1;100
202544;A103;6;80;ACREDITADO;1;100
202544;A103;6;90;ACREDITADO;2;1200
202544;A103;9;20;ACREDITADO;2;3000
202544;A105;1;40;ACREDITADO;5;116
202544;B;1;40;ACREDITADO;2;4
202544;B;4;10;ACREDITADO;1;63954.75
202544;B;4;60;ACREDITADO;107;617369.94
202544;B;4;80;ACREDITADO;118;2799355.22
202544;B;4;80;RECHAZADA;16;364601.96
202544;B;4;90;ACREDITADO;820;9671661.18
202544;B;4;90;RECHAZADA;30;286866.06
202544;B;6;80;DEVUELTA;4;480
202544;B;6;90;DEVUELTA;3;342
202544;B;9;20;ACREDITADO;3444;140464494.97
202544;B;9;20;DEVUELTA;1;4.40
202544;B;9;20;RECHAZADA;11;186775.34
202544;C;9;20;ACREDITADO;18334;1766267851.09
202544;C;9;20;DEVUELTA;2;37379.38
202544;C;9;20;RECHAZADA;192;33892995.82
202544;D;9;20;ACREDITADO;2391;588785261.03
202544;D;9;20;RECHAZADA;50;23431681.91
202544;E;9;20;ACREDITADO;241;2018443
202544;E;9;20;RECHAZADA;2;23361
202544;F;9;20;ACREDITADO;1551;290391338.27
202544;F;9;20;RECHAZADA;65;28379223.22
202544;G;9;20;ACREDITADO;7143;194028775.71
202544;G;9;20;RECHAZADA;114;4356473.94
202544;H;9;20;ACREDITADO;272;1283819
202544;J;4;90;ACREDITADO;740;152975957.99
202544;J;4;90;RECHAZADA;37;6947673.05
202544;J;6;90;ACREDITADO;260;45046791.07
202544;J;6;90;RECHAZADA;138;33217791.91
202544;K;4;90;ACREDITADO;1572;291350879.56
202544;K;4;90;DEVUELTA;3;571881.10
202544;K;4;90;RECHAZADA;174;44175778.76
202544;K;6;90;ACREDITADO;1053;194644136.72
202544;K;6;90;RECHAZADA;265;56569866.30
202544;N;9;20;ACREDITADO;2881;175006238.39
202544;N;9;20;RECHAZADA;29;5278370.90
202544;PMC;2;50;ACREDITADO;38460;8165691634.94
202544;Q;6;90;ACREDITADO;120;7557165.67
202544;Q;6;90;RECHAZADA;13;1056203.24
202544;R;9;20;ACREDITADO;10631;1057957877.32
202544;R;9;20;DEVUELTA;9;1157878.66
202544;R;9;20;RECHAZADA;206;51898081.07
202544;SURF;4;60;ACREDITADO;2;36200
202544;SURF;4;80;ACREDITADO;2;74000
202544;SURF;4;90;ACREDITADO;4;13500
202544;SURF;9;20;ACREDITADO;30;746857.39
202544;T;4;80;DEVUELTA;2;35
202544;T;4;80;RECHAZADA;1;22
202544;T;4;90;ACREDITADO;3;57
202544;T;4;90;DEVUELTA;1;20
202544;T;4;90;RECHAZADA;1;50
202544;T;6;80;ACREDITADO;1;123
202544;T;9;20;ACREDITADO;2;3
202544;U;4;60;ACREDITADO;4;459563.70
202544;U;4;90;ACREDITADO;98;12645783.32
202544;U;4;90;RECHAZADA;9;1645533.23
202544;U;6;90;ACREDITADO;75;11607545.89
202544;U;6;90;RECHAZADA;48;6041603.50
202544;V;9;20;ACREDITADO;433;48219298.83
202544;V;9;20;RECHAZADA;34;12735124.89
202544;VIRG;9;20;ACREDITADO;1;5
202544;W;9;20;ACREDITADO;741;129810811.59
202544;W;9;20;RECHAZADA;16;3989553.42
202544;Y;6;90;ACREDITADO;365;49508751.95
202544;Y;6;90;RECHAZADA;112;18631185.23
202545;6;1;40;ACREDITADO;12;2923000
202545;6;6;90;ACREDITADO;2055;113728474.08
202545;6;6;90;RECHAZADA;374;29833217.28
202545;7;9;20;ACREDITADO;2;31
202545;A009;1;40;ACREDITADO;605;88407450.11
202545;A012;9;20;ACREDITADO;124;19868468.87
202545;A012;9;20;DEVUELTA;1;253879
202545;A012;9;20;RECHAZADA;5;671405.34
202545;A014;9;20;ACREDITADO;4;217383.29
202545;A016;1;40;ACREDITADO;286;42012192.64
202545;A016;6;90;ACREDITADO;136;22995773.37
202545;A016;6;90;RECHAZADA;12;2638331.40
202545;A020;4;60;ACREDITADO;5;88500
202545;A020;4;60;RECHAZADA;1;14000
202545;A020;4;80;ACREDITADO;35;1249768.19
202545;A020;4;90;ACREDITADO;130;3690565.57
202545;A020;4;90;RECHAZADA;2;109286.42
202545;A022;9;20;ACREDITADO;143;815125
202545;A023;1;40;ACREDITADO;221;38260774.38
202545;A023;6;90;ACREDITADO;49;10789651.83
202545;A023;6;90;RECHAZADA;109;95618651.77
202545;A024;1;40;ACREDITADO;1928;376283839.11
202545;A024;6;80;ACREDITADO;122;27365170
202545;A024;6;80;RECHAZADA;334;166095250
202545;A024;6;90;ACREDITADO;236;49895110
202545;A024;6;90;RECHAZADA;102;35631840
202545;A025;1;40;ACREDITADO;1;81092
202545;A025;6;90;ACREDITADO;34;5378239.73
202545;A025;6;90;RECHAZADA;7;1151356.03
202545;A027;9;20;ACREDITADO;4639;488069470
202545;A027;9;20;DEVUELTA;2;124184
202545;A027;9;20;RECHAZADA;79;8548769
202545;A031;1;40;ACREDITADO;2;55357
202545;A031;9;20;ACREDITADO;102;1302492.40
202545;A031;9;20;RECHAZADA;2;26599.91
202545;A032;4;10;ACREDITADO;1;22.50
202545;A032;4;10;DEVUELTA;3;66
202545;A032;4;80;DEVUELTA;1;25
202545;A032;4;90;ACREDITADO;2;37.33
202545;A032;4;90;DEVUELTA;3;55
202545;A032;9;20;ACREDITADO;1;2
202545;A035;6;90;ACREDITADO;441;85821749.20
202545;A035;6;90;RECHAZADA;67;13206645.56
202545;A036;9;20;ACREDITADO;5;689130
202545;A037;6;90;ACREDITADO;41;2054355.80
202545;A037;6;90;RECHAZADA;1;18698.94
202545;A038;1;40;ACREDITADO;27280;6017091688.47
202545;A038;6;80;ACREDITADO;419;88796399.07
202545;A038;6;80;RECHAZADA;908;371816176.11
202545;A039;1;40;ACREDITADO;69;10573520
202545;A039;4;60;ACREDITADO;166;3184391.62
202545;A039;4;60;RECHAZADA;6;93041
202545;A039;4;80;ACREDITADO;486;14304590.20
202545;A039;4;80;RECHAZADA;56;4099814.60
202545;A039;4;90;ACREDITADO;2873;48699026.86
202545;A039;4;90;RECHAZADA;76;3030357.34
202545;A039;9;20;ACREDITADO;2143;53297435.06
202545;A039;9;20;RECHAZADA;25;553235
202545;A040;1;40;ACREDITADO;391;81425658.83
202545;A041;9;20;ACREDITADO;3;1440979.76
202545;A042;9;20;ACREDITADO;2014;101968476.06
202545;A042;9;20;DEVUELTA;2;150055.55
202545;A042;9;20;RECHAZADA;27;1894427.03
202545;A045;1;40;ACREDITADO;14188;2225536350.04
202545;A046;4;80;ACREDITADO;24;584000
202545;A046;4;90;ACREDITADO;114;2447500
202545;A046;4;90;RECHAZADA;1;15000
202545;A046;9;20;ACREDITADO;862;30284534.17
202545;A046;9;20;RECHAZADA;6;197000
202545;A052;1;40;ACREDITADO;109;20995310.07
202545;A053;4;60;ACREDITADO;144;2529305
202545;A053;4;60;RECHAZADA;1;22000
202545;A053;4;80;ACREDITADO;244;7200700
202545;A053;4;80;RECHAZADA;47;2665350
202545;A053;4;90;ACREDITADO;562;12136614.33
202545;A053;4;90;RECHAZADA;22;1353570
202545;A053;9;20;ACREDITADO;2880;50038416.19
202545;A053;9;20;RECHAZADA;21;359960
202545;A058;9;20;ACREDITADO;11;11532175
202545;A060;9;20;ACREDITADO;330;75156816.96
202545;A060;9;20;RECHAZADA;9;11534094.45
202545;A061;1;40;ACREDITADO;745;167746243.36
202545;A062;4;90;ACREDITADO;1;12000
202545;A063;9;20;ACREDITADO;38;1083005
202545;A064;1;40;ACREDITADO;75;1282000
202545;A065;4;80;ACREDITADO;6;108100
202545;A065;4;90;ACREDITADO;1;1000
202545;A065;4;90;DEVUELTA;1;100
202545;A065;9;20;ACREDITADO;3;2100
202545;A066;9;20;ACREDITADO;946;26231323.98
202545;A066;9;20;RECHAZADA;12;132678
202545;A069;1;40;ACREDITADO;5245;524231683.19
202545;A070;9;20;ACREDITADO;1776;228748500
202545;A070;9;20;DEVUELTA;41;5394950
202545;A070;9;20;RECHAZADA;37;3976450
202545;A071;6;60;RECHAZADA;2;110110
202545;A071;6;80;ACREDITADO;37;4926515
202545;A071;6;80;RECHAZADA;20;2778160
202545;A071;6;90;ACREDITADO;21;2599080
202545;A071;6;90;RECHAZADA;4;433180
202545;A072;6;80;ACREDITADO;82;11000442
202545;A072;6;80;RECHAZADA;30;5726164
202545;A072;6;90;ACREDITADO;812;72329026
202545;A072;6;90;RECHAZADA;173;16719138
202545;A073;9;20;ACREDITADO;93;10538495
202545;A073;9;20;RECHAZADA;1;98010
202545;A074;1;40;ACREDITADO;5;816426.91
202545;A076;9;20;ACREDITADO;91;14471973.75
202545;A076;9;20;RECHAZADA;4;598000
202545;A077;6;90;ACREDITADO;1;35000
202545;A078;9;20;ACREDITADO;677;124516756.39
202545;A078;9;20;DEVUELTA;44;3127591.75
202545;A078;9;20;RECHAZADA;13;4902724.50
202545;A080;1;40;ACREDITADO;1761;32355258.36
202545;A081;1;40;ACREDITADO;30;2947057.23
202545;A082;9;20;ACREDITADO;175;31464983.46
202545;A082;9;20;RECHAZADA;6;1888500
202545;A084;1;40;ACREDITADO;3654;446363307.23
202545;A086;1;40;ACREDITADO;1;0.08
202545;A087;1;40;ACREDITADO;35;3596240.49
202545;A088;1;40;ACREDITADO;1976;23532570.67
202545;A090;1;40;ACREDITADO;5261;1037215680.62
202545;A094;9;20;ACREDITADO;81;2284090.42
202545;A095;1;40;ACREDITADO;3103;104777815.77
202545;A096;1;40;ACREDITADO;703;4999441.87
202545;A098;1;40;ACREDITADO;4240;211993298.08
202545;A099;1;40;ACREDITADO;177;29260341.01
202545;A101;1;40;ACREDITADO;257;20843970.77
202545;A102;9;20;ACREDITADO;1;16
202545;A102;9;20;DEVUELTA;1;15
202545;A103;6;80;ACREDITADO;8;346220
202545;A103;6;80;RECHAZADA;1;27600
202545;A103;6;90;ACREDITADO;2;22800
202545;A103;6;90;RECHAZADA;1;47400
202545;A103;9;20;ACREDITADO;46;1027804.24
202545;B;1;40;ACREDITADO;1;10
202545;B;4;60;ACREDITADO;131;831926.93
202545;B;4;80;ACREDITADO;79;1559075.30
202545;B;4;80;RECHAZADA;17;247136.73
202545;B;4;90;ACREDITADO;853;9512525.89
202545;B;4;90;DEVUELTA;1;30257.50
202545;B;4;90;RECHAZADA;20;452369.04
202545;B;9;20;ACREDITADO;3530;166810732.63
202545;B;9;20;RECHAZADA;47;2253269.44
202545;C;9;20;ACREDITADO;31810;3667871085
202545;C;9;20;DEVUELTA;8;1263579.62
202545;C;9;20;RECHAZADA;526;86372352.51
202545;D;9;20;ACREDITADO;15344;4389765560.35
202545;D;9;20;RECHAZADA;405;141799154.09
202545;E;9;20;ACREDITADO;303;2608190
202545;E;9;20;DEVUELTA;1;27000
202545;E;9;20;RECHAZADA;1;4100
202545;F;9;20;ACREDITADO;2814;605392998.31
202545;F;9;20;RECHAZADA;171;69117136.21
202545;G;9;20;ACREDITADO;7966;222633804.78
202545;G;9;20;RECHAZADA;154;9305604.06
202545;H;9;20;ACREDITADO;319;1755408
202545;H;9;20;RECHAZADA;1;2500
202545;J;4;90;ACREDITADO;1814;405733921.51
202545;J;4;90;RECHAZADA;68;20207888.87
202545;J;6;90;ACREDITADO;1107;213556196.67
202545;J;6;90;RECHAZADA;274;69620562.91
202545;K;4;90;ACREDITADO;2389;484600856.75
202545;K;4;90;DEVUELTA;3;620000
202545;K;4;90;RECHAZADA;296;81832509.40
202545;K;6;90;ACREDITADO;2304;471563222.21
202545;K;6;90;RECHAZADA;434;107954431.84
202545;K;9;20;ACREDITADO;1;100
202545;MALA;9;20;ACREDITADO;1;113
202545;N;9;20;ACREDITADO;4077;224351881.14
202545;N;9;20;RECHAZADA;63;6797177.79
202545;PMC;2;50;ACREDITADO;71551;10236140919.66
202545;Q;6;90;ACREDITADO;343;20764348.45
202545;Q;6;90;RECHAZADA;49;3700066.61
202545;R;9;20;ACREDITADO;18011;1984379280.16
202545;R;9;20;DEVUELTA;21;1725713.82
202545;R;9;20;RECHAZADA;556;141117902.25
202545;SURF;4;80;ACREDITADO;4;137400.01
202545;SURF;4;90;ACREDITADO;7;309649.98
202545;SURF;9;20;ACREDITADO;12;156000
202545;SURF;9;20;RECHAZADA;2;5000
202545;T;1;40;ACREDITADO;1;13
202545;T;4;90;RECHAZADA;2;75.55
202545;T;9;20;ACREDITADO;1;16.16
202545;U;4;60;ACREDITADO;12;2218398.83
202545;U;4;60;RECHAZADA;1;493546
202545;U;4;90;ACREDITADO;208;30245274.74
202545;U;4;90;RECHAZADA;42;7210216.27
202545;U;6;90;ACREDITADO;245;37923846.69
202545;U;6;90;RECHAZADA;99;16686206.64
202545;U;9;20;ACREDITADO;4;574425.69
202545;V;9;20;ACREDITADO;911;82385945.96
202545;V;9;20;RECHAZADA;32;7952564.40
202545;VIRG;9;20;ACREDITADO;1;5
202545;W;9;20;ACREDITADO;2224;415215126.14
202545;W;9;20;RECHAZADA;24;3893699.39
202545;Y;6;90;ACREDITADO;1164;144265879.41
202545;Y;6;90;RECHAZADA;241;31960683.90
202546;6;1;40;ACREDITADO;10;1500000
202546;6;6;90;ACREDITADO;2380;140417897.71
202546;6;6;90;RECHAZADA;417;27283496.75
202546;7;9;20;ACREDITADO;1;101
202546;A009;1;40;ACREDITADO;956;142865709.19
202546;A012;9;20;ACREDITADO;143;26980367.88
202546;A012;9;20;RECHAZADA;3;937200
202546;A014;9;20;ACREDITADO;1;11049.73
202546;A016;1;40;ACREDITADO;406;64875672.08
202546;A016;6;90;ACREDITADO;135;24099687.67
202546;A016;6;90;RECHAZADA;14;2541391.66
202546;A020;4;10;ACREDITADO;1;63000
202546;A020;4;60;ACREDITADO;11;203200
202546;A020;4;80;ACREDITADO;32;859333.48
202546;A020;4;90;ACREDITADO;161;3499622.67
202546;A020;4;90;RECHAZADA;5;250000
202546;A020;9;20;ACREDITADO;3;78000
202546;A022;9;20;ACREDITADO;154;955196
202546;A022;9;20;RECHAZADA;1;1880
202546;A023;1;40;ACREDITADO;283;50454367.29
202546;A023;6;90;ACREDITADO;75;13533923.51
202546;A023;6;90;RECHAZADA;22;13815214.22
202546;A024;1;40;ACREDITADO;1019;185171101.85
202546;A024;6;80;ACREDITADO;77;16842410
202546;A024;6;80;RECHAZADA;189;66341610
202546;A024;6;90;ACREDITADO;134;24010330
202546;A024;6;90;RECHAZADA;100;23335460
202546;A025;6;90;ACREDITADO;30;5526404.04
202546;A025;6;90;RECHAZADA;10;1628815.59
202546;A026;9;20;ACREDITADO;2;15854650.89
202546;A027;9;20;ACREDITADO;3804;414723401
202546;A027;9;20;RECHAZADA;62;7329723
202546;A031;1;40;ACREDITADO;2;5270
202546;A031;9;20;ACREDITADO;76;1052635.82
202546;A032;4;10;ACREDITADO;1;22
202546;A032;4;10;DEVUELTA;5;192.50
202546;A032;4;80;ACREDITADO;3;135
202546;A032;4;80;DEVUELTA;4;88.50
202546;A032;4;80;RECHAZADA;2;200
202546;A032;4;90;ACREDITADO;3;48
202546;A032;4;90;DEVUELTA;7;294.10
202546;A032;9;20;ACREDITADO;7;26
202546;A032;9;20;DEVUELTA;6;85.20
202546;A035;6;90;ACREDITADO;414;82687001.11
202546;A035;6;90;RECHAZADA;80;23353930.14
202546;A036;9;20;ACREDITADO;4;753192
202546;A037;6;90;ACREDITADO;72;3682254.14
202546;A037;6;90;RECHAZADA;10;294505.58
202546;A038;1;40;ACREDITADO;19642;4139896453.34
202546;A038;6;80;ACREDITADO;1072;181597036.47
202546;A038;6;80;RECHAZADA;1991;550883473.17
202546;A039;1;40;ACREDITADO;78;10607913
202546;A039;4;60;ACREDITADO;211;4043561.50
202546;A039;4;60;RECHAZADA;19;369793.79
202546;A039;4;80;ACREDITADO;502;15809342.87
202546;A039;4;80;DEVUELTA;1;66702.38
202546;A039;4;80;RECHAZADA;53;7454482.81
202546;A039;4;90;ACREDITADO;3826;65969973.52
202546;A039;4;90;RECHAZADA;120;4311304.62
202546;A039;6;80;ACREDITADO;1;70300
202546;A039;9;20;ACREDITADO;2647;51530975.27
202546;A039;9;20;RECHAZADA;26;639300
202546;A040;1;40;ACREDITADO;577;117916332.32
202546;A042;9;20;ACREDITADO;2094;99526714.68
202546;A042;9;20;DEVUELTA;6;194360.70
202546;A042;9;20;RECHAZADA;15;1293779.07
202546;A045;1;40;ACREDITADO;14216;2161363820.96
202546;A046;4;80;ACREDITADO;26;691500
202546;A046;4;80;RECHAZADA;3;45000
202546;A046;4;90;ACREDITADO;109;2159000
202546;A046;4;90;RECHAZADA;5;165000
202546;A046;9;20;ACREDITADO;845;30292248.44
202546;A046;9;20;DEVUELTA;1;24000
202546;A046;9;20;RECHAZADA;6;392000
202546;A052;1;40;ACREDITADO;99;15768900.09
202546;A053;4;60;ACREDITADO;211;3635730
202546;A053;4;60;RECHAZADA;15;432510
202546;A053;4;80;ACREDITADO;205;9788332
202546;A053;4;80;RECHAZADA;33;3532720
202546;A053;4;90;ACREDITADO;586;11507650
202546;A053;4;90;RECHAZADA;26;2754925.12
202546;A053;9;20;ACREDITADO;2709;44034241.17
202546;A053;9;20;RECHAZADA;15;372800
202546;A058;9;20;ACREDITADO;7;7918438
202546;A060;9;20;ACREDITADO;313;91399012.36
202546;A061;1;40;ACREDITADO;713;102225332.51
202546;A063;9;20;ACREDITADO;38;907760
202546;A064;1;40;ACREDITADO;72;1646900
202546;A065;4;90;ACREDITADO;1;1000
202546;A066;9;20;ACREDITADO;801;32761809.96
202546;A066;9;20;RECHAZADA;16;2377028.50
202546;A069;1;40;ACREDITADO;5514;551010154.21
202546;A070;9;20;ACREDITADO;1961;258808250
202546;A070;9;20;DEVUELTA;40;5413450
202546;A070;9;20;RECHAZADA;33;4909850
202546;A071;6;60;ACREDITADO;1;90750
202546;A071;6;60;RECHAZADA;7;547525
202546;A071;6;80;ACREDITADO;47;5901896
202546;A071;6;80;RECHAZADA;9;1154945
202546;A071;6;90;ACREDITADO;18;1949310
202546;A071;6;90;RECHAZADA;1;96800
202546;A072;6;80;ACREDITADO;90;14438260
202546;A072;6;80;RECHAZADA;32;5395140
202546;A072;6;90;ACREDITADO;436;44310262
202546;A072;6;90;RECHAZADA;78;8677406
202546;A073;9;20;ACREDITADO;94;10960785
202546;A074;1;40;ACREDITADO;13;4306549.96
202546;A076;9;20;ACREDITADO;61;13960531.65
202546;A078;9;20;ACREDITADO;587;91651072.05
202546;A078;9;20;DEVUELTA;33;5607579.22
202546;A078;9;20;RECHAZADA;9;3820000
202546;A079;9;20;ACREDITADO;3;14394.72
202546;A080;1;40;ACREDITADO;1354;21894638
202546;A081;1;40;ACREDITADO;37;4173961.39
202546;A082;9;20;ACREDITADO;144;25948460.06
202546;A082;9;20;RECHAZADA;13;4654900
202546;A084;1;40;ACREDITADO;5334;648832644.59
202546;A087;1;40;ACREDITADO;120;15329131.60
202546;A088;1;40;ACREDITADO;4384;42662332.12
202546;A090;1;40;ACREDITADO;8523;1713341073.14
202546;A094;9;20;ACREDITADO;67;2002300
202546;A095;1;40;ACREDITADO;4843;107805733.62
202546;A096;1;40;ACREDITADO;1058;23464997.16
202546;A098;1;40;ACREDITADO;4305;187043944.33
202546;A099;1;40;ACREDITADO;118;19667362
202546;A101;1;40;ACREDITADO;369;31143971.97
202546;B;1;40;ACREDITADO;2;4
202546;B;4;10;DEVUELTA;1;50000
202546;B;4;60;ACREDITADO;111;799747.99
202546;B;4;60;RECHAZADA;1;10
202546;B;4;80;ACREDITADO;73;1522453.07
202546;B;4;80;DEVUELTA;2;156746.85
202546;B;4;80;RECHAZADA;16;510766.98
202546;B;4;90;ACREDITADO;834;10507494.55
202546;B;4;90;RECHAZADA;24;381762.12
202546;B;6;80;DEVUELTA;3;360
202546;B;6;90;ACREDITADO;1;120
202546;B;6;90;DEVUELTA;1;120
202546;B;9;20;ACREDITADO;3364;157735346.01
202546;B;9;20;DEVUELTA;3;13.20
202546;B;9;20;RECHAZADA;28;779859.49
202546;C;9;20;ACREDITADO;32209;3568062122.56
202546;C;9;20;DEVUELTA;13;1369791.74
202546;C;9;20;RECHAZADA;382;59221159.16
202546;D;9;20;ACREDITADO;6602;1688251832.50
202546;D;9;20;RECHAZADA;191;64260832.28
202546;E;9;20;ACREDITADO;187;1517836
202546;F;9;20;ACREDITADO;3709;769624423.29
202546;F;9;20;DEVUELTA;1;210710
202546;F;9;20;RECHAZADA;188;84015528.71
202546;G;9;20;ACREDITADO;6944;177105928.19
202546;G;9;20;RECHAZADA;159;5597020.97
202546;H;9;20;ACREDITADO;323;1826301
202546;H;9;20;RECHAZADA;1;5000
202546;J;4;60;ACREDITADO;1;91568.06
202546;J;4;90;ACREDITADO;2331;495578309.28
202546;J;4;90;RECHAZADA;122;25079658.57
202546;J;6;90;ACREDITADO;1425;283601536.60
202546;J;6;90;RECHAZADA;381;94976108.54
202546;K;4;90;ACREDITADO;3298;644920820.41
202546;K;4;90;DEVUELTA;2;356988.95
202546;K;4;90;RECHAZADA;367;95664688.88
202546;K;6;90;ACREDITADO;2677;533888989.87
202546;K;6;90;RECHAZADA;577;149887529.33
202546;MALA;9;20;ACREDITADO;1;10
202546;N;9;20;ACREDITADO;4407;268640407.71
202546;N;9;20;RECHAZADA;63;4267563.95
202546;PMC;2;50;ACREDITADO;141778;24064812719.97
202546;Q;6;90;ACREDITADO;399;22027473.83
202546;Q;6;90;RECHAZADA;58;2784363.89
202546;R;9;20;ACREDITADO;18516;2007215786.12
202546;R;9;20;DEVUELTA;16;512622.43
202546;R;9;20;RECHAZADA;537;136169302.94
202546;T;6;90;DEVUELTA;1;101
202546;T;9;20;ACREDITADO;9;10.01
202546;T;9;20;DEVUELTA;1;15
202546;U;4;60;ACREDITADO;28;3890642.66
202546;U;4;60;RECHAZADA;1;43000
202546;U;4;90;ACREDITADO;330;47283238.11
202546;U;4;90;RECHAZADA;63;11856146.56
202546;U;6;90;ACREDITADO;447;65069061.56
202546;U;6;90;RECHAZADA;225;43228482.78
202546;U;9;20;ACREDITADO;3;286431
202546;V;9;20;ACREDITADO;1057;106778055.40
202546;V;9;20;RECHAZADA;53;18788985.77
202546;VIRG;9;20;ACREDITADO;28;992600
202546;W;9;20;ACREDITADO;3499;667966948.96
202546;W;9;20;RECHAZADA;58;10587313.55
202546;Y;6;90;ACREDITADO;1457;177155796.59
202546;Y;6;90;RECHAZADA;308;52524580.36
202547;6;1;40;ACREDITADO;14;1676000
202547;6;6;90;ACREDITADO;1380;71554331.58
202547;6;6;90;RECHAZADA;297;23198621.05
202547;A009;1;40;ACREDITADO;554;85416883.27
202547;A012;9;20;ACREDITADO;55;7370246.77
202547;A012;9;20;RECHAZADA;3;162524.78
202547;A014;9;20;ACREDITADO;3;80600
202547;A016;1;40;ACREDITADO;149;19101928.81
202547;A016;6;90;ACREDITADO;39;4859270.64
202547;A016;6;90;RECHAZADA;19;4505782.19
202547;A020;4;60;ACREDITADO;11;154570
202547;A020;4;60;RECHAZADA;1;47800
202547;A020;4;80;ACREDITADO;27;714028.58
202547;A020;4;80;RECHAZADA;1;19000
202547;A020;4;90;ACREDITADO;99;2463237.24
202547;A020;4;90;RECHAZADA;1;2000
202547;A020;9;20;ACREDITADO;2;46344
202547;A022;9;20;ACREDITADO;131;792774
202547;A023;1;40;ACREDITADO;118;25316064.05
202547;A023;6;90;ACREDITADO;29;3370311.46
202547;A023;6;90;RECHAZADA;8;6517995.90
202547;A024;1;40;ACREDITADO;477;79458731.30
202547;A024;6;80;ACREDITADO;26;5368260
202547;A024;6;80;RECHAZADA;64;24844750
202547;A024;6;90;ACREDITADO;59;14182810
202547;A024;6;90;RECHAZADA;52;16310040
202547;A025;1;40;ACREDITADO;3;1508400.13
202547;A025;6;90;ACREDITADO;4;496684.42
202547;A026;9;20;ACREDITADO;1;1517567.89
202547;A027;9;20;ACREDITADO;3678;444932886
202547;A027;9;20;DEVUELTA;1;13089
202547;A027;9;20;RECHAZADA;83;17980673
202547;A031;1;40;ACREDITADO;4;83905.45
202547;A031;4;90;ACREDITADO;1;12799.97
202547;A031;9;20;ACREDITADO;83;1000357.05
202547;A032;4;10;DEVUELTA;2;51
202547;A032;4;90;DEVUELTA;1;21
202547;A035;6;90;ACREDITADO;87;25893231.19
202547;A035;6;90;RECHAZADA;13;7046087.89
202547;A036;9;20;ACREDITADO;1;174415.03
202547;A037;6;90;ACREDITADO;15;786785.80
202547;A037;6;90;RECHAZADA;2;197421.37
202547;A038;1;40;ACREDITADO;7209;1641340537.50
202547;A038;6;80;ACREDITADO;286;54734029.60
202547;A038;6;80;RECHAZADA;901;284052369.12
202547;A039;1;40;ACREDITADO;70;7624018
202547;A039;4;60;ACREDITADO;249;5591542.04
202547;A039;4;60;RECHAZADA;13;272444
202547;A039;4;80;ACREDITADO;457;15773600.93
202547;A039;4;80;RECHAZADA;35;5282883.83
202547;A039;4;90;ACREDITADO;3389;55716090.09
202547;A039;4;90;RECHAZADA;88;1146148
202547;A039;9;20;ACREDITADO;3649;69581647.01
202547;A039;9;20;RECHAZADA;16;391929.29
202547;A040;1;40;ACREDITADO;600;125170842.15
202547;A041;9;20;ACREDITADO;5;872450.96
202547;A042;9;20;ACREDITADO;2862;154679116.89
202547;A042;9;20;DEVUELTA;1;207000
202547;A042;9;20;RECHAZADA;17;3173569.56
202547;A045;1;40;ACREDITADO;5927;914992861.93
202547;A046;4;80;ACREDITADO;16;344000
202547;A046;4;90;ACREDITADO;71;1417500
202547;A046;4;90;RECHAZADA;2;30000
202547;A046;9;20;ACREDITADO;799;27473394
202547;A046;9;20;DEVUELTA;4;218000
202547;A046;9;20;RECHAZADA;4;96000
202547;A050;9;20;ACREDITADO;2;40
202547;A052;1;40;ACREDITADO;71;11614023.97
202547;A053;4;60;ACREDITADO;134;3078955
202547;A053;4;60;RECHAZADA;2;68200
202547;A053;4;80;ACREDITADO;123;3618050
202547;A053;4;80;DEVUELTA;1;15
202547;A053;4;80;RECHAZADA;26;769850
202547;A053;4;90;ACREDITADO;412;9731310
202547;A053;4;90;RECHAZADA;20;2416490
202547;A053;9;20;ACREDITADO;2620;50715039.79
202547;A053;9;20;RECHAZADA;16;269285
202547;A058;9;20;ACREDITADO;8;13563672
202547;A060;9;20;ACREDITADO;311;79909081.43
202547;A060;9;20;RECHAZADA;4;461662.15
202547;A061;1;40;ACREDITADO;264;37688545.73
202547;A062;4;80;RECHAZADA;1;12000
202547;A062;4;90;ACREDITADO;2;24000
202547;A063;9;20;ACREDITADO;27;859090
202547;A064;1;40;ACREDITADO;115;1550000
202547;A065;4;80;ACREDITADO;1;100
202547;A066;9;20;ACREDITADO;422;20413970.33
202547;A066;9;20;RECHAZADA;7;136789.12
202547;A067;9;20;ACREDITADO;2;115
202547;A069;1;40;ACREDITADO;4638;562085566.30
202547;A070;9;20;ACREDITADO;1967;268571900
202547;A070;9;20;DEVUELTA;50;5011350
202547;A070;9;20;RECHAZADA;42;5487850
202547;A071;6;80;ACREDITADO;43;5369980
202547;A071;6;80;RECHAZADA;16;2014650
202547;A071;6;90;ACREDITADO;23;2511355
202547;A071;6;90;RECHAZADA;1;159720
202547;A072;6;80;ACREDITADO;24;3466784
202547;A072;6;80;RECHAZADA;21;2645424
202547;A072;6;90;ACREDITADO;143;13561884
202547;A072;6;90;RECHAZADA;73;6577516
202547;A073;9;20;ACREDITADO;119;13219855
202547;A073;9;20;RECHAZADA;1;98010
202547;A076;9;20;ACREDITADO;2;725643.10
202547;A078;9;20;ACREDITADO;672;141868587.30
202547;A078;9;20;DEVUELTA;23;5080514.59
202547;A078;9;20;RECHAZADA;9;1516794.65
202547;A079;9;20;ACREDITADO;4;87870
202547;A080;1;40;ACREDITADO;676;13945660
202547;A081;1;40;ACREDITADO;12;884788.96
202547;A082;9;20;ACREDITADO;134;29787997
202547;A082;9;20;RECHAZADA;24;5494200
202547;A084;1;40;ACREDITADO;2647;279019004.17
202547;A086;1;40;ACREDITADO;1;1000
202547;A087;1;40;ACREDITADO;35;4025587.50
202547;A088;1;40;ACREDITADO;3712;81189333.74
202547;A090;1;40;ACREDITADO;3031;550142627.93
202547;A094;9;20;ACREDITADO;129;2282687
202547;A095;1;40;ACREDITADO;4023;118311272.12
202547;A096;1;40;ACREDITADO;1099;17930141.63
202547;A098;1;40;ACREDITADO;3922;220779623.70
202547;A099;1;40;ACREDITADO;15;2824900
202547;A101;1;40;ACREDITADO;102;7919417.89
202547;A102;9;20;ACREDITADO;1;15
202547;A102;9;20;DEVUELTA;1;10
202547;A103;7;20;ACREDITADO;11;588883.48
202547;A103;9;20;ACREDITADO;10972;177143920.52
202547;A103;9;20;RECHAZADA;47;951877
202547;A105;1;40;ACREDITADO;5;1799
202547;A108;9;20;ACREDITADO;3;41
202547;B;4;10;ACREDITADO;2;134000
202547;B;4;60;ACREDITADO;86;756370.47
202547;B;4;60;RECHAZADA;2;29200
202547;B;4;80;ACREDITADO;84;2409692.90
202547;B;4;80;RECHAZADA;11;209107.58
202547;B;4;90;ACREDITADO;647;9349031.19
202547;B;4;90;RECHAZADA;13;171162.21
202547;B;6;90;DEVUELTA;1;102
202547;B;9;20;ACREDITADO;3194;151405692.35
202547;B;9;20;DEVUELTA;7;30.80
202547;B;9;20;RECHAZADA;9;28100
202547;C;9;20;ACREDITADO;23460;2289731448.70
202547;C;9;20;DEVUELTA;5;94958
202547;C;9;20;RECHAZADA;291;39653530.88
202547;D;9;20;ACREDITADO;2014;449796356.52
202547;D;9;20;RECHAZADA;53;14703396.86
202547;E;9;20;ACREDITADO;164;1386235
202547;F;9;20;ACREDITADO;2909;584548812.96
202547;F;9;20;RECHAZADA;150;56887975.76
202547;G;9;20;ACREDITADO;6601;168049809.44
202547;G;9;20;RECHAZADA;124;3304767.36
202547;H;9;20;ACREDITADO;311;1386340
202547;H;9;20;RECHAZADA;2;14000
202547;J;4;90;ACREDITADO;897;178664312.04
202547;J;4;90;RECHAZADA;63;17184107.41
202547;J;6;90;ACREDITADO;410;72382739.11
202547;J;6;90;RECHAZADA;141;35299822.63
202547;K;4;90;ACREDITADO;2303;417010036.07
202547;K;4;90;DEVUELTA;1;211281
202547;K;4;90;RECHAZADA;242;59751104.61
202547;K;6;90;ACREDITADO;1634;296347831.84
202547;K;6;90;RECHAZADA;449;93245121.20
202547;N;9;20;ACREDITADO;3099;200435255.11
202547;N;9;20;RECHAZADA;31;3731718.17
202547;PMC;2;50;ACREDITADO;67363;10066388981.25
202547;Q;6;90;ACREDITADO;142;7465193
202547;Q;6;90;RECHAZADA;23;1937726.44
202547;R;9;20;ACREDITADO;12888;1281701578.53
202547;R;9;20;DEVUELTA;10;365352.61
202547;R;9;20;RECHAZADA;333;73605772.64
202547;T;4;80;RECHAZADA;1;11
202547;T;4;90;RECHAZADA;8;2985
202547;U;4;60;ACREDITADO;9;1531182.67
202547;U;4;90;ACREDITADO;137;18056859.18
202547;U;4;90;RECHAZADA;15;2415719.59
202547;U;6;90;ACREDITADO;166;21636377.60
202547;U;6;90;RECHAZADA;100;14669160.37
202547;U;9;20;ACREDITADO;2;127200
202547;V;9;20;ACREDITADO;446;38874983.30
202547;V;9;20;RECHAZADA;18;4749985.66
202547;VIRG;9;20;ACREDITADO;3;10701
202547;W;9;20;ACREDITADO;1275;241586969.15
202547;W;9;20;RECHAZADA;14;1208191.48
202547;Y;6;90;ACREDITADO;486;56332225.36
202547;Y;6;90;RECHAZADA;159;30339635.21
202548;6;1;40;ACREDITADO;23;6250700
202548;6;6;90;ACREDITADO;3571;167687544.82
202548;6;6;90;RECHAZADA;1000;55394372.49
202548;A009;1;40;ACREDITADO;294;46111509.30
202548;A012;9;20;ACREDITADO;40;5557192.82
202548;A014;9;20;ACREDITADO;3;55210.73
202548;A016;1;40;ACREDITADO;141;17825763.92
202548;A016;6;90;ACREDITADO;38;4163266.46
202548;A016;6;90;RECHAZADA;5;829371.80
202548;A020;4;10;ACREDITADO;1;109000
202548;A020;4;60;ACREDITADO;13;275780.35
202548;A020;4;80;ACREDITADO;30;845957.42
202548;A020;4;80;RECHAZADA;3;186393.67
202548;A020;4;90;ACREDITADO;122;2886235.76
202548;A020;4;90;RECHAZADA;1;20000
202548;A022;9;20;ACREDITADO;101;595441
202548;A023;1;40;ACREDITADO;154;26211365.89
202548;A023;6;90;ACREDITADO;23;3655425.69
202548;A023;6;90;RECHAZADA;4;550640.34
202548;A024;1;40;ACREDITADO;533;110757083.51
202548;A024;6;80;ACREDITADO;34;8353210
202548;A024;6;80;RECHAZADA;108;43999260
202548;A024;6;90;ACREDITADO;78;15565360
202548;A024;6;90;RECHAZADA;150;49442620
202548;A025;6;90;ACREDITADO;9;1539573.67
202548;A026;9;20;ACREDITADO;1;6267467.76
202548;A027;9;20;ACREDITADO;3737;458193181
202548;A027;9;20;RECHAZADA;46;7140256
202548;A031;1;40;ACREDITADO;3;55375
202548;A031;9;20;ACREDITADO;89;1119657.35
202548;A035;6;90;ACREDITADO;31;9616196.81
202548;A035;6;90;RECHAZADA;6;6107699.70
202548;A036;9;20;ACREDITADO;4;839995.41
202548;A036;9;20;RECHAZADA;1;171557.04
202548;A037;6;90;ACREDITADO;8;712226.67
202548;A037;6;90;RECHAZADA;8;441503.37
202548;A038;1;40;ACREDITADO;7585;1829913952.92
202548;A038;6;80;ACREDITADO;238;50732859.83
202548;A038;6;80;RECHAZADA;551;161759341.89
202548;A039;1;40;ACREDITADO;152;13525641
202548;A039;4;60;ACREDITADO;452;8693515.97
202548;A039;4;60;RECHAZADA;22;378435
202548;A039;4;80;ACREDITADO;897;28016987.98
202548;A039;4;80;RECHAZADA;87;10368611.02
202548;A039;4;90;ACREDITADO;4716;81890720.56
202548;A039;4;90;RECHAZADA;113;7737846.93
202548;A039;6;80;ACREDITADO;1;100
202548;A039;6;80;RECHAZADA;2;208010
202548;A039;9;20;ACREDITADO;3156;48640134.09
202548;A039;9;20;RECHAZADA;9;705300
202548;A040;1;40;ACREDITADO;817;174809297.55
202548;A041;9;20;ACREDITADO;2;850059.72
202548;A042;9;20;ACREDITADO;2978;143326938.34
202548;A042;9;20;RECHAZADA;15;1264874.43
202548;A045;1;40;ACREDITADO;1778;184742272.28
202548;A046;4;80;ACREDITADO;20;568000
202548;A046;4;80;RECHAZADA;1;22500
202548;A046;4;90;ACREDITADO;105;2422678
202548;A046;4;90;RECHAZADA;1;22500
202548;A046;9;20;ACREDITADO;682;24763569
202548;A052;1;40;ACREDITADO;78;11184806.61
202548;A053;4;60;ACREDITADO;183;3912750
202548;A053;4;60;RECHAZADA;9;119200
202548;A053;4;80;ACREDITADO;387;11324300
202548;A053;4;80;RECHAZADA;54;2227400
202548;A053;4;90;ACREDITADO;535;14181550
202548;A053;4;90;RECHAZADA;22;2069500
202548;A053;9;20;ACREDITADO;2787;57581886.63
202548;A053;9;20;RECHAZADA;5;253250
202548;A058;9;20;ACREDITADO;8;8404809
202548;A058;9;20;RECHAZADA;3;2876220
202548;A060;9;20;ACREDITADO;273;59747981.11
202548;A060;9;20;RECHAZADA;8;4085003.66
202548;A061;1;40;ACREDITADO;279;52958451.55
202548;A063;9;20;ACREDITADO;39;1172845
202548;A064;1;40;ACREDITADO;45;759000
202548;A065;4;90;ACREDITADO;1;100
202548;A065;9;20;ACREDITADO;4;40
202548;A066;9;20;ACREDITADO;281;19271836.72
202548;A066;9;20;RECHAZADA;5;1577444.70
202548;A069;1;40;ACREDITADO;6266;713356083.27
202548;A070;9;20;ACREDITADO;1670;213164700
202548;A070;9;20;DEVUELTA;33;5143800
202548;A070;9;20;RECHAZADA;25;4340100
202548;A071;6;60;ACREDITADO;1;141570
202548;A071;6;60;RECHAZADA;1;55055
202548;A071;6;80;ACREDITADO;59;7271495
202548;A071;6;80;RECHAZADA;23;2858020
202548;A071;6;90;ACREDITADO;14;1462285
202548;A071;6;90;RECHAZADA;5;592900
202548;A072;6;80;ACREDITADO;19;3097972
202548;A072;6;80;RECHAZADA;28;5985580
202548;A072;6;90;ACREDITADO;80;7679890
202548;A072;6;90;RECHAZADA;21;2497184
202548;A073;9;20;ACREDITADO;117;12458765
202548;A073;9;20;RECHAZADA;1;96800
202548;A074;1;40;ACREDITADO;2;39
202548;A076;9;20;ACREDITADO;4;1064469.90
202548;A078;9;20;ACREDITADO;488;90381773.02
202548;A078;9;20;DEVUELTA;20;1872880.33
202548;A078;9;20;RECHAZADA;6;1445000
202548;A079;9;20;ACREDITADO;109;3223144
202548;A080;1;40;ACREDITADO;1825;31421162
202548;A081;1;40;ACREDITADO;20;1345331.88
202548;A082;9;20;ACREDITADO;130;23375854.99
202548;A082;9;20;RECHAZADA;15;3416700
202548;A084;1;40;ACREDITADO;3752;445971810.42
202548;A085;4;80;ACREDITADO;2;350300
202548;A086;1;40;ACREDITADO;1;12
202548;A087;1;40;ACREDITADO;8;1953944.25
202548;A088;1;40;ACREDITADO;5430;209465040.13
202548;A090;1;40;ACREDITADO;2358;412435057.06
202548;A094;9;20;ACREDITADO;60;2079255
202548;A095;1;40;ACREDITADO;5286;218892409.38
202548;A096;1;40;ACREDITADO;1108;22408096.26
202548;A098;1;40;ACREDITADO;5977;351613287.34
202548;A099;1;40;ACREDITADO;8;1499891
202548;A101;1;40;ACREDITADO;84;5224663.01
202548;A103;7;20;ACREDITADO;6;125100
202548;A103;9;20;ACREDITADO;14283;238830629.13
202548;A103;9;20;RECHAZADA;39;686318
202548;A105;1;40;ACREDITADO;2;12
202548;A108;9;20;ACREDITADO;109;1351568.10
202548;A110;1;40;ACREDITADO;3;30
202548;A111;9;20;ACREDITADO;1;7.65
202548;A113;4;60;DEVUELTA;1;10
202548;A113;4;60;RECHAZADA;1;1.01
202548;A113;4;90;DEVUELTA;1;10
202548;A113;4;90;RECHAZADA;5;5.01
202548;A113;9;20;ACREDITADO;15;152.16
202548;A114;1;40;ACREDITADO;2;20
202548;B;4;10;ACREDITADO;2;253300
202548;B;4;60;ACREDITADO;111;786257.55
202548;B;4;60;RECHAZADA;6;55376
202548;B;4;80;ACREDITADO;141;4507320.30
202548;B;4;80;RECHAZADA;12;86870.50
202548;B;4;90;ACREDITADO;894;13199071.47
202548;B;4;90;RECHAZADA;28;706664.01
202548;B;9;20;ACREDITADO;2798;140219776.43
202548;B;9;20;RECHAZADA;15;873136
202548;C;9;20;ACREDITADO;19139;1836346262.44
202548;C;9;20;DEVUELTA;4;825383
202548;C;9;20;RECHAZADA;177;24183970.15
202548;D;9;20;ACREDITADO;1719;422335713.21
202548;D;9;20;RECHAZADA;37;15231431
202548;E;9;20;ACREDITADO;150;1241937
202548;E;9;20;RECHAZADA;1;4900
202548;F;9;20;ACREDITADO;1934;383894265.23
202548;F;9;20;RECHAZADA;81;29151693.07
202548;G;9;20;ACREDITADO;6258;178773924.96
202548;G;9;20;RECHAZADA;102;7267916.54
202548;H;9;20;ACREDITADO;279;1322560
202548;J;4;90;ACREDITADO;909;187738221.41
202548;J;4;90;RECHAZADA;62;15180657.81
202548;J;6;90;ACREDITADO;333;69025877.01
202548;J;6;90;RECHAZADA;128;48542532.97
202548;K;4;90;ACREDITADO;1815;351424099.94
202548;K;4;90;RECHAZADA;201;56481322.29
202548;K;6;90;ACREDITADO;1390;260879961.19
202548;K;6;90;RECHAZADA;339;104969545.81
202548;MALA;4;60;RECHAZADA;2;2.02
202548;MALA;4;80;ACREDITADO;1;20
202548;MALA;4;90;ACREDITADO;2;31
202548;MALA;4;90;RECHAZADA;1;1.01
202548;MALA;9;20;ACREDITADO;2;23
202548;N;9;20;ACREDITADO;3233;202691812.04
202548;N;9;20;RECHAZADA;21;3727122.85
202548;PMC;2;50;ACREDITADO;75387;8710835212.76
202548;Q;6;90;ACREDITADO;151;10339578.89
202548;Q;6;90;RECHAZADA;28;9792648.88
202548;R;9;20;ACREDITADO;11167;1143289536.13
202548;R;9;20;DEVUELTA;15;1557158.66
202548;R;9;20;RECHAZADA;247;73786817.80
202548;T;4;80;RECHAZADA;1;10
202548;U;4;60;ACREDITADO;9;899415.60
202548;U;4;90;ACREDITADO;111;13858513.56
202548;U;4;90;RECHAZADA;22;3445128.87
202548;U;6;90;ACREDITADO;154;22825643.92
202548;U;6;90;RECHAZADA;84;12449924.84
202548;V;9;20;ACREDITADO;399;58487813.72
202548;V;9;20;RECHAZADA;29;16877700
202548;VIRG;9;20;ACREDITADO;6;11302
202548;W;9;20;ACREDITADO;717;130961168.10
202548;W;9;20;RECHAZADA;11;2527144.71
202548;Y;6;90;ACREDITADO;514;68497077.21
202548;Y;6;90;RECHAZADA;221;19242091.23
202549;6;1;40;ACREDITADO;13;1181000
202549;6;6;60;RECHAZADA;3;1173
202549;6;6;80;ACREDITADO;4;5750
202549;6;6;80;RECHAZADA;1;23
202549;6;6;90;ACREDITADO;2099;123406280
202549;6;6;90;RECHAZADA;346;31862139.16
202549;A009;1;40;ACREDITADO;465;73512186.48
202549;A012;9;20;ACREDITADO;115;20683632.26
202549;A012;9;20;RECHAZADA;2;162360
202549;A014;9;20;ACREDITADO;12;507395.59
202549;A016;1;40;ACREDITADO;262;41928635.41
202549;A016;6;90;ACREDITADO;127;22799632.10
202549;A016;6;90;RECHAZADA;24;4089166.50
202549;A020;4;10;ACREDITADO;1;102000
202549;A020;4;60;ACREDITADO;17;189300
202549;A020;4;80;ACREDITADO;30;1015430.88
202549;A020;4;80;RECHAZADA;2;46300
202549;A020;4;90;ACREDITADO;132;3817431.29
202549;A020;4;90;RECHAZADA;2;87298
202549;A020;9;20;ACREDITADO;2;150300
202549;A022;9;20;ACREDITADO;118;714677
202549;A023;1;40;ACREDITADO;168;29438711.76
202549;A023;6;90;ACREDITADO;37;8321229.14
202549;A023;6;90;RECHAZADA;17;3404758.81
202549;A024;1;40;ACREDITADO;1824;363368213.57
202549;A024;6;80;ACREDITADO;112;24089540
202549;A024;6;80;RECHAZADA;199;64988130
202549;A024;6;90;ACREDITADO;245;48156420
202549;A024;6;90;RECHAZADA;127;39566780
202549;A025;6;90;ACREDITADO;44;7055772.93
202549;A025;6;90;RECHAZADA;8;2333414.40
202549;A027;9;20;ACREDITADO;4644;531280606
202549;A027;9;20;RECHAZADA;76;9116148
202549;A031;1;40;ACREDITADO;8;68940
202549;A031;4;80;ACREDITADO;1;690
202549;A031;9;20;ACREDITADO;103;1465349.82
202549;A031;9;20;RECHAZADA;2;10679.97
202549;A032;4;90;DEVUELTA;1;100
202549;A035;6;90;ACREDITADO;362;73834310.19
202549;A035;6;90;RECHAZADA;75;23176615.42
202549;A036;9;20;ACREDITADO;6;884940
202549;A037;6;90;ACREDITADO;35;2336119.34
202549;A037;6;90;RECHAZADA;3;56096.82
202549;A038;1;40;ACREDITADO;23095;5286050619.41
202549;A038;6;80;ACREDITADO;149;57424344.65
202549;A038;6;80;RECHAZADA;516;275681546.21
202549;A039;1;40;ACREDITADO;549;38952809
202549;A039;4;60;ACREDITADO;380;6546169.21
202549;A039;4;60;RECHAZADA;19;150250
202549;A039;4;80;ACREDITADO;681;20299882.46
202549;A039;4;80;RECHAZADA;53;4630998.81
202549;A039;4;90;ACREDITADO;3972;68088188.33
202549;A039;4;90;RECHAZADA;111;3141220.84
202549;A039;9;20;ACREDITADO;3819;66253067.53
202549;A039;9;20;RECHAZADA;18;313355
202549;A040;1;40;ACREDITADO;521;113239188.01
202549;A041;9;20;ACREDITADO;7;923543.30
202549;A042;9;20;ACREDITADO;2759;147844595.26
202549;A042;9;20;RECHAZADA;27;1224489.88
202549;A045;1;40;ACREDITADO;11525;1777378916.11
202549;A046;4;80;ACREDITADO;14;247500
202549;A046;4;90;ACREDITADO;108;2670000
202549;A046;4;90;RECHAZADA;4;60000
202549;A046;9;20;ACREDITADO;863;32262831.17
202549;A046;9;20;DEVUELTA;4;170000
202549;A046;9;20;RECHAZADA;8;164000
202549;A052;1;40;ACREDITADO;93;14545577.56
202549;A053;4;60;ACREDITADO;57;1321920
202549;A053;4;60;RECHAZADA;4;109500
202549;A053;4;80;ACREDITADO;119;4083670
202549;A053;4;80;RECHAZADA;21;2785850
202549;A053;4;90;ACREDITADO;288;9249915
202549;A053;4;90;DEVUELTA;1;46500
202549;A053;4;90;RECHAZADA;11;3296551.11
202549;A053;9;20;ACREDITADO;1639;33815973
202549;A053;9;20;RECHAZADA;11;289735
202549;A058;9;20;ACREDITADO;10;17057162
202549;A060;9;20;ACREDITADO;282;67470162.28
202549;A060;9;20;RECHAZADA;19;5593180.42
202549;A061;1;40;ACREDITADO;417;72053214.82
202549;A062;9;20;ACREDITADO;19;375000
202549;A063;9;20;ACREDITADO;28;886465
202549;A063;9;20;RECHAZADA;5;259700
202549;A064;1;40;ACREDITADO;52;936000
202549;A065;4;10;ACREDITADO;1;1000000
202549;A065;4;10;RECHAZADA;2;2000000
202549;A065;9;20;ACREDITADO;1;30000
202549;A066;9;20;ACREDITADO;981;38416832.03
202549;A066;9;20;RECHAZADA;15;2164166.04
202549;A069;1;40;ACREDITADO;7248;670165580.74
202549;A070;9;20;ACREDITADO;2325;325406300
202549;A070;9;20;DEVUELTA;53;9084300
202549;A070;9;20;RECHAZADA;50;8192700
202549;A071;6;60;ACREDITADO;1;141570
202549;A071;6;60;RECHAZADA;3;424710
202549;A071;6;80;ACREDITADO;69;8460320
202549;A071;6;80;RECHAZADA;22;2510750
202549;A071;6;90;ACREDITADO;38;4371125
202549;A071;6;90;RECHAZADA;6;646140
202549;A072;6;80;ACREDITADO;64;9765352
202549;A072;6;80;RECHAZADA;32;5978292
202549;A072;6;90;ACREDITADO;175;20877156
202549;A072;6;90;RECHAZADA;37;3934108
202549;A073;9;20;ACREDITADO;148;15462590
202549;A073;9;20;RECHAZADA;1;48400
202549;A074;1;40;ACREDITADO;6;2561677.76
202549;A076;9;20;ACREDITADO;77;23172515
202549;A078;9;20;ACREDITADO;584;139269632.64
202549;A078;9;20;DEVUELTA;28;2841144.68
202549;A078;9;20;RECHAZADA;12;4358000
202549;A079;9;20;ACREDITADO;164;4796114.92
202549;A079;9;20;RECHAZADA;1;21273
202549;A080;1;40;ACREDITADO;2116;44912666.96
202549;A081;1;40;ACREDITADO;25;2177857.11
202549;A082;9;20;ACREDITADO;121;23264613.77
202549;A082;9;20;RECHAZADA;2;740000
202549;A084;1;40;ACREDITADO;3494;461136369.47
202549;A086;1;40;ACREDITADO;31;229821.54
202549;A088;1;40;ACREDITADO;6259;219271376.45
202549;A090;1;40;ACREDITADO;4334;853744330.24
202549;A094;9;20;ACREDITADO;74;2276110
202549;A094;9;20;RECHAZADA;2;41000
202549;A095;1;40;ACREDITADO;4893;139470108.66
202549;A096;1;40;ACREDITADO;1132;31458278.48
202549;A098;1;40;ACREDITADO;5178;459751966.27
202549;A099;1;40;ACREDITADO;141;23655950
202549;A101;1;40;ACREDITADO;297;23716964.75
202549;A102;9;20;ACREDITADO;2;20
202549;A103;7;20;ACREDITADO;10;338038
202549;A103;9;20;ACREDITADO;16654;298438403.87
202549;A103;9;20;RECHAZADA;98;1631545.19
202549;A106;9;20;ACREDITADO;3;1599.82
202549;A108;9;20;ACREDITADO;7130;147190915.30
202549;A108;9;20;RECHAZADA;103;3292090
202549;A110;1;40;ACREDITADO;1;10
202549;A111;9;20;ACREDITADO;1;7.65
202549;A113;4;90;ACREDITADO;2;20
202549;A113;4;90;RECHAZADA;1;10
202549;A113;9;20;ACREDITADO;2;20
202549;B;1;40;ACREDITADO;1;2
202549;B;4;10;ACREDITADO;1;165000
202549;B;4;60;ACREDITADO;95;766280.38
202549;B;4;60;RECHAZADA;4;9400
202549;B;4;80;ACREDITADO;108;3297108.38
202549;B;4;80;RECHAZADA;20;173851.42
202549;B;4;90;ACREDITADO;807;13767858.21
202549;B;4;90;RECHAZADA;24;310756.52
202549;B;9;20;ACREDITADO;3274;172406341.02
202549;B;9;20;RECHAZADA;24;2101950.02
202549;C;9;20;ACREDITADO;29735;3321599202.48
202549;C;9;20;DEVUELTA;14;890718.09
202549;C;9;20;RECHAZADA;453;81905635.08
202549;D;9;20;ACREDITADO;11769;3368425501.41
202549;D;9;20;RECHAZADA;260;100750846.62
202549;E;9;20;ACREDITADO;248;2093656
202549;F;9;20;ACREDITADO;2550;537312471.60
202549;F;9;20;DEVUELTA;1;75150
202549;F;9;20;RECHAZADA;123;52571744.73
202549;G;9;20;ACREDITADO;7338;225970791.94
202549;G;9;20;RECHAZADA;93;4994305.29
202549;H;9;20;ACREDITADO;297;1417080.73
202549;J;4;90;ACREDITADO;1552;358878035.44
202549;J;4;90;RECHAZADA;43;15044836.64
202549;J;6;90;ACREDITADO;983;207690788.34
202549;J;6;90;RECHAZADA;171;52212241.45
202549;K;4;90;ACREDITADO;2437;504381336.22
202549;K;4;90;DEVUELTA;2;64000
202549;K;4;90;RECHAZADA;232;65768283.06
202549;K;6;90;ACREDITADO;2339;487650693.38
202549;K;6;90;RECHAZADA;504;142854914.20
202549;K;9;20;ACREDITADO;1;375953
202549;MALA;4;80;ACREDITADO;1;10
202549;MALA;4;90;ACREDITADO;1;10
202549;MALA;9;20;ACREDITADO;1;10
202549;N;9;20;ACREDITADO;4916;289827518.16
202549;N;9;20;RECHAZADA;46;4401930.54
202549;PMC;2;50;ACREDITADO;138317;15101188653.08
202549;Q;6;90;ACREDITADO;340;19953649.51
202549;Q;6;90;RECHAZADA;49;3331432.29
202549;R;9;20;ACREDITADO;17562;1907619505.82
202549;R;9;20;DEVUELTA;13;775972.64
202549;R;9;20;RECHAZADA;459;124229389.89
202549;T;4;80;RECHAZADA;1;20
202549;T;4;90;RECHAZADA;1;25
202549;U;4;60;ACREDITADO;11;1644093.91
202549;U;4;90;ACREDITADO;183;27534952.15
202549;U;4;90;RECHAZADA;32;6138297.94
202549;U;6;90;ACREDITADO;255;41983655.32
202549;U;6;90;RECHAZADA;104;17636774.28
202549;V;9;20;ACREDITADO;696;80343418.39
202549;V;9;20;RECHAZADA;44;10999880.98
202549;VIRG;9;20;ACREDITADO;22;320060
202549;W;9;20;ACREDITADO;1776;355596873.56
202549;W;9;20;RECHAZADA;21;4491404.03
202549;Y;6;90;ACREDITADO;1122;141813006.89
202549;Y;6;90;RECHAZADA;260;33178440.14
202550;6;1;40;ACREDITADO;15;3533550
202550;6;6;90;ACREDITADO;2294;136979134.51
202550;6;6;90;RECHAZADA;480;61800622.38
202550;A009;1;40;ACREDITADO;918;140447454.58
202550;A012;9;20;ACREDITADO;169;32336047.56
202550;A012;9;20;RECHAZADA;1;861918.75
202550;A014;9;20;ACREDITADO;1;363314.43
202550;A016;1;40;ACREDITADO;376;65250422.70
202550;A016;6;90;ACREDITADO;146;29277477.35
202550;A016;6;90;RECHAZADA;28;7169369.17
202550;A020;4;60;ACREDITADO;9;138847.23
202550;A020;4;80;ACREDITADO;24;934400
202550;A020;4;90;ACREDITADO;113;2693436.81
202550;A020;4;90;RECHAZADA;2;48800
202550;A020;9;20;ACREDITADO;2;11500
202550;A022;9;20;ACREDITADO;104;650500
202550;A022;9;20;RECHAZADA;1;7275
202550;A023;1;40;ACREDITADO;421;71146842.16
202550;A023;6;90;ACREDITADO;88;14018690.98
202550;A023;6;90;RECHAZADA;41;29025551.87
202550;A024;1;40;ACREDITADO;1112;201431782.09
202550;A024;6;80;ACREDITADO;81;21710020
202550;A024;6;80;RECHAZADA;189;71482860
202550;A024;6;90;ACREDITADO;146;31820790
202550;A024;6;90;RECHAZADA;147;63522160
202550;A025;6;90;ACREDITADO;21;2859433.70
202550;A025;6;90;RECHAZADA;5;1284947.55
202550;A026;9;20;ACREDITADO;4;18512119.08
202550;A027;9;20;ACREDITADO;3766;444122035
202550;A027;9;20;RECHAZADA;73;17800234
202550;A031;9;20;ACREDITADO;93;1337166.48
202550;A035;6;90;ACREDITADO;409;89010558.60
202550;A035;6;90;RECHAZADA;70;21046538.27
202550;A036;9;20;ACREDITADO;9;1594773
202550;A037;6;90;ACREDITADO;67;4044363.66
202550;A037;6;90;RECHAZADA;3;104847.88
202550;A038;1;40;ACREDITADO;22257;4947994919.24
202550;A038;6;80;ACREDITADO;868;156626570.81
202550;A038;6;80;RECHAZADA;1455;377119152.70
202550;A039;1;40;ACREDITADO;134;13237961
202550;A039;4;60;ACREDITADO;390;6788280.43
202550;A039;4;60;RECHAZADA;29;306042.65
202550;A039;4;80;ACREDITADO;741;20688110.02
202550;A039;4;80;DEVUELTA;1;39949
202550;A039;4;80;RECHAZADA;51;4289521.98
202550;A039;4;90;ACREDITADO;4720;86225461.91
202550;A039;4;90;DEVUELTA;2;20800
202550;A039;4;90;RECHAZADA;118;5976790.29
202550;A039;6;80;ACREDITADO;2;380005
202550;A039;6;80;RECHAZADA;1;380000
202550;A039;9;20;ACREDITADO;4852;84434794.80
202550;A039;9;20;RECHAZADA;24;362340
202550;A040;1;40;ACREDITADO;644;133329513.84
202550;A042;9;20;ACREDITADO;2854;142275628.01
202550;A042;9;20;DEVUELTA;1;1699590
202550;A042;9;20;RECHAZADA;8;2227417.09
202550;A045;1;40;ACREDITADO;15570;2345676874.94
202550;A046;4;80;ACREDITADO;23;576500
202550;A046;4;90;ACREDITADO;90;1873000
202550;A046;4;90;DEVUELTA;1;22500
202550;A046;4;90;RECHAZADA;2;30000
202550;A046;9;20;ACREDITADO;672;25299415
202550;A046;9;20;DEVUELTA;1;74000
202550;A046;9;20;RECHAZADA;7;302000
202550;A052;1;40;ACREDITADO;79;13932535.37
202550;A053;4;60;ACREDITADO;13;431110
202550;A053;4;60;RECHAZADA;1;2970
202550;A053;4;80;ACREDITADO;32;1134750
202550;A053;4;80;RECHAZADA;1;276000
202550;A053;4;90;ACREDITADO;76;2048100
202550;A053;4;90;RECHAZADA;1;12000
202550;A053;9;20;ACREDITADO;1598;46169270.08
202550;A053;9;20;RECHAZADA;10;106900
202550;A058;9;20;ACREDITADO;9;6871758.80
202550;A060;9;20;ACREDITADO;222;61131236.61
202550;A061;1;40;ACREDITADO;483;79396534.29
202550;A062;4;90;ACREDITADO;1;25000
202550;A062;4;90;RECHAZADA;1;25000
202550;A063;9;20;ACREDITADO;25;1068165
202550;A064;1;40;ACREDITADO;52;758500
202550;A065;4;90;DEVUELTA;2;600
202550;A066;9;20;ACREDITADO;1744;54855929.27
202550;A066;9;20;RECHAZADA;11;821302.71
202550;A067;9;20;ACREDITADO;3;125
202550;A069;1;40;ACREDITADO;7029;688244844.10
202550;A070;9;20;ACREDITADO;2433;372644900
202550;A070;9;20;DEVUELTA;52;6767600
202550;A070;9;20;RECHAZADA;48;8835700
202550;A071;6;60;ACREDITADO;1;55055
202550;A071;6;60;RECHAZADA;4;566280
202550;A071;6;80;ACREDITADO;55;6759665
202550;A071;6;80;RECHAZADA;25;3144790
202550;A071;6;90;ACREDITADO;24;2651110
202550;A071;6;90;RECHAZADA;4;521510
202550;A072;6;80;ACREDITADO;75;13785276
202550;A072;6;80;RECHAZADA;23;4593896
202550;A072;6;90;ACREDITADO;105;14154900
202550;A072;6;90;RECHAZADA;17;2039740
202550;A073;9;20;ACREDITADO;126;13663320
202550;A073;9;20;RECHAZADA;1;159720
202550;A074;1;40;ACREDITADO;23;7692822.94
202550;A076;9;20;ACREDITADO;79;25561575.65
202550;A078;9;20;ACREDITADO;501;90375119.42
202550;A078;9;20;DEVUELTA;27;2191993.05
202550;A078;9;20;RECHAZADA;16;6186836.32
202550;A079;9;20;ACREDITADO;11;499199.40
202550;A080;1;40;ACREDITADO;2466;45145784.60
202550;A081;1;40;ACREDITADO;9;596067.53
202550;A082;9;20;ACREDITADO;122;25828168.63
202550;A082;9;20;RECHAZADA;14;4827900
202550;A084;1;40;ACREDITADO;4713;605943334.54
202550;A086;1;40;ACREDITADO;5;49679
202550;A088;1;40;ACREDITADO;6957;236253343.67
202550;A090;1;40;ACREDITADO;8571;1674059276.01
202550;A094;9;20;ACREDITADO;119;3538708
202550;A094;9;20;RECHAZADA;2;80000
202550;A095;1;40;ACREDITADO;5826;184730112.15
202550;A096;1;40;ACREDITADO;1491;29618720.86
202550;A098;1;40;ACREDITADO;5228;459663117.04
202550;A099;1;40;ACREDITADO;103;16635575
202550;A101;1;40;ACREDITADO;432;34423323.61
202550;A102;9;20;DEVUELTA;1;1300
202550;A103;7;20;ACREDITADO;8;147340
202550;A103;9;20;ACREDITADO;16885;321294666.53
202550;A103;9;20;RECHAZADA;56;1290620.84
202550;A108;9;20;ACREDITADO;9341;201199467.92
202550;A108;9;20;RECHAZADA;75;2457604
202550;A114;1;40;ACREDITADO;1;2
202550;B;4;10;ACREDITADO;1;130000
202550;B;4;60;ACREDITADO;102;1230282.28
202550;B;4;60;RECHAZADA;2;11665
202550;B;4;80;ACREDITADO;106;2706271.89
202550;B;4;80;RECHAZADA;13;440420.73
202550;B;4;90;ACREDITADO;854;12943168.57
202550;B;4;90;RECHAZADA;33;474970.81
202550;B;6;80;ACREDITADO;1;200000
202550;B;6;80;RECHAZADA;2;500000
202550;B;6;90;ACREDITADO;1;2000
202550;B;9;20;ACREDITADO;3104;176271877.85
202550;B;9;20;RECHAZADA;15;891646.51
202550;C;9;20;ACREDITADO;30975;3674193713.75
202550;C;9;20;DEVUELTA;9;1415756.45
202550;C;9;20;RECHAZADA;290;58844601.02
202550;D;9;20;ACREDITADO;10007;2784064203.71
202550;D;9;20;RECHAZADA;210;74847266.82
202550;E;9;20;ACREDITADO;322;2970372
202550;E;9;20;RECHAZADA;3;18894
202550;F;9;20;ACREDITADO;3728;814433703.48
202550;F;9;20;RECHAZADA;186;78691162.46
202550;G;9;20;ACREDITADO;7479;202889500.95
202550;G;9;20;RECHAZADA;122;5558222.64
202550;H;9;20;ACREDITADO;307;1426853.69
202550;J;4;60;ACREDITADO;1;76772.23
202550;J;4;60;RECHAZADA;2;700000
202550;J;4;90;ACREDITADO;2611;573450677.21
202550;J;4;90;RECHAZADA;135;34488462.71
202550;J;6;90;ACREDITADO;1499;299357354.64
202550;J;6;90;RECHAZADA;314;93439716.75
202550;K;4;90;ACREDITADO;3327;700971950.65
202550;K;4;90;DEVUELTA;7;1239444.80
202550;K;4;90;RECHAZADA;372;102950205.02
202550;K;6;90;ACREDITADO;2699;557909564.53
202550;K;6;90;RECHAZADA;565;156041896.64
202550;MALA;4;80;ACREDITADO;1;1000
202550;MALA;9;20;ACREDITADO;1;10
202550;N;9;20;ACREDITADO;4625;272126437.65
202550;N;9;20;RECHAZADA;43;5446574.88
202550;PMC;2;50;ACREDITADO;149196;19111676884.85
202550;Q;6;90;ACREDITADO;374;21249021.74
202550;Q;6;90;RECHAZADA;41;2203977.96
202550;R;9;20;ACREDITADO;17991;2091296883.70
202550;R;9;20;DEVUELTA;17;2889924
202550;R;9;20;RECHAZADA;466;127041706.52
202550;T;4;80;RECHAZADA;3;5
202550;T;4;90;RECHAZADA;1;250
202550;U;4;60;ACREDITADO;18;3154974.91
202550;U;4;60;RECHAZADA;1;180000
202550;U;4;90;ACREDITADO;318;46812145.89
202550;U;4;90;RECHAZADA;80;14739848.10
202550;U;6;90;ACREDITADO;469;74165124.96
202550;U;6;90;RECHAZADA;249;37804216.81
202550;V;9;20;ACREDITADO;865;114043104.23
202550;V;9;20;RECHAZADA;52;20763720.06
202550;VIRG;9;20;ACREDITADO;65;866460
202550;VIRG;9;20;RECHAZADA;2;24800
202550;W;9;20;ACREDITADO;3693;735031514.62
202550;W;9;20;RECHAZADA;27;4890331.24
202550;Y;6;90;ACREDITADO;1230;160224739.05
202550;Y;6;90;RECHAZADA;323;50354115.06
202551;6;1;40;ACREDITADO;16;1692100
202551;6;6;90;ACREDITADO;1826;99283583.01
202551;6;6;90;RECHAZADA;307;28106750.60
202551;A009;1;40;ACREDITADO;577;91336460.70
202551;A012;9;20;ACREDITADO;80;12538779.89
202551;A012;9;20;RECHAZADA;1;25500
202551;A016;1;40;ACREDITADO;185;28727878.80
202551;A016;6;90;ACREDITADO;60;8671669.74
202551;A016;6;90;RECHAZADA;17;4229942.80
202551;A020;4;10;ACREDITADO;1;30700
202551;A020;4;60;ACREDITADO;12;250400
202551;A020;4;60;RECHAZADA;2;191400
202551;A020;4;80;ACREDITADO;19;621138.94
202551;A020;4;80;RECHAZADA;1;15000
202551;A020;4;90;ACREDITADO;113;2853656.53
202551;A020;4;90;DEVUELTA;1;5503.57
202551;A020;4;90;RECHAZADA;1;15000
202551;A020;9;20;ACREDITADO;1;20900
202551;A022;9;20;ACREDITADO;177;1072070
202551;A023;1;40;ACREDITADO;258;43504531.53
202551;A023;6;90;ACREDITADO;44;6604517.69
202551;A023;6;90;RECHAZADA;23;4353844.24
202551;A024;1;40;ACREDITADO;952;194022789.04
202551;A024;6;80;ACREDITADO;29;6211900
202551;A024;6;80;RECHAZADA;66;19503030
202551;A024;6;90;ACREDITADO;143;31502040
202551;A024;6;90;RECHAZADA;115;37747100
202551;A025;1;40;ACREDITADO;1;178158.01
202551;A025;6;90;ACREDITADO;25;4057728.86
202551;A025;6;90;RECHAZADA;13;2233396.72
202551;A027;9;20;ACREDITADO;4088;506366092
202551;A027;9;20;DEVUELTA;2;301153
202551;A027;9;20;RECHAZADA;44;6541541
202551;A031;9;20;ACREDITADO;94;1201114.40
202551;A032;4;10;DEVUELTA;1;125
202551;A032;4;10;RECHAZADA;2;48
202551;A032;4;80;DEVUELTA;1;21
202551;A032;4;90;DEVUELTA;1;15
202551;A032;7;20;DEVUELTA;1;1
202551;A032;9;20;ACREDITADO;2;18
202551;A032;9;20;DEVUELTA;2;32
202551;A035;6;90;ACREDITADO;131;32412327.93
202551;A035;6;90;RECHAZADA;21;16441841.23
202551;A036;9;20;ACREDITADO;3;668984.01
202551;A037;6;90;ACREDITADO;15;842567.56
202551;A038;1;40;ACREDITADO;12349;2752613142.91
202551;A038;6;80;ACREDITADO;559;124134331.70
202551;A038;6;80;RECHAZADA;1106;318393630.74
202551;A039;1;40;ACREDITADO;361;22185559.50
202551;A039;4;60;ACREDITADO;521;9217944.27
202551;A039;4;60;RECHAZADA;44;610612.99
202551;A039;4;80;ACREDITADO;875;26876872.39
202551;A039;4;80;DEVUELTA;1;98996.60
202551;A039;4;80;RECHAZADA;75;6398353.31
202551;A039;4;90;ACREDITADO;5503;105043573.50
202551;A039;4;90;DEVUELTA;2;132500
202551;A039;4;90;RECHAZADA;136;6737304.45
202551;A039;9;20;ACREDITADO;6971;132152319.58
202551;A039;9;20;RECHAZADA;27;1511297
202551;A040;1;40;ACREDITADO;844;184018782.87
202551;A041;9;20;ACREDITADO;5;2239327.85
202551;A042;9;20;ACREDITADO;3239;174406096.98
202551;A042;9;20;RECHAZADA;26;4475090.48
202551;A045;1;40;ACREDITADO;5890;903037963.17
202551;A046;4;80;ACREDITADO;6;127500
202551;A046;4;90;ACREDITADO;101;2046500
202551;A046;4;90;RECHAZADA;3;104000
202551;A046;9;20;ACREDITADO;797;29353014.83
202551;A046;9;20;RECHAZADA;5;178000
202551;A050;9;20;ACREDITADO;1;10
202551;A052;1;40;ACREDITADO;98;15093628.61
202551;A053;4;60;ACREDITADO;2;42000
202551;A053;4;80;ACREDITADO;8;160400
202551;A053;4;90;ACREDITADO;8;132100
202551;A053;9;20;ACREDITADO;514;16387960
202551;A053;9;20;RECHAZADA;3;65000
202551;A058;9;20;ACREDITADO;5;10122392
202551;A060;9;20;ACREDITADO;237;72534931.76
202551;A060;9;20;RECHAZADA;1;29997.76
202551;A061;1;40;ACREDITADO;338;57912859.53
202551;A063;9;20;ACREDITADO;25;1114380
202551;A063;9;20;RECHAZADA;2;14000
202551;A064;1;40;ACREDITADO;34;388000
202551;A065;4;10;ACREDITADO;1;662000
202551;A065;4;80;ACREDITADO;1;19430
202551;A066;9;20;ACREDITADO;1012;44609203.96
202551;A066;9;20;RECHAZADA;10;367801.72
202551;A067;9;20;ACREDITADO;1;55
202551;A069;1;40;ACREDITADO;7723;766643259.22
202551;A070;9;20;ACREDITADO;2608;388549600
202551;A070;9;20;DEVUELTA;73;13868000
202551;A070;9;20;RECHAZADA;55;9831800
202551;A071;6;80;ACREDITADO;37;4424365
202551;A071;6;80;RECHAZADA;9;744150
202551;A071;6;90;ACREDITADO;28;2947560
202551;A071;6;90;RECHAZADA;5;798600
202551;A072;6;80;ACREDITADO;72;7714688
202551;A072;6;80;RECHAZADA;27;4434720
202551;A072;6;90;ACREDITADO;102;9817836
202551;A072;6;90;RECHAZADA;8;1282980
202551;A073;9;20;ACREDITADO;121;12443035
202551;A073;9;20;RECHAZADA;2;193600
202551;A074;1;40;ACREDITADO;4;472047.54
202551;A074;9;20;ACREDITADO;2;24
202551;A076;9;20;ACREDITADO;5;1577777.50
202551;A078;9;20;ACREDITADO;506;95037710.09
202551;A078;9;20;DEVUELTA;25;2506163.75
202551;A078;9;20;RECHAZADA;13;10974179.15
202551;A079;9;20;ACREDITADO;6;166117
202551;A080;1;40;ACREDITADO;2076;50323327.92
202551;A081;1;40;ACREDITADO;5;485062.73
202551;A082;9;20;ACREDITADO;142;36698981.50
202551;A082;9;20;RECHAZADA;7;3516500
202551;A084;1;40;ACREDITADO;3487;423157823.19
202551;A086;1;40;ACREDITADO;15;3454051.13
202551;A087;1;40;ACREDITADO;16;3344238
202551;A088;1;40;ACREDITADO;6800;249082962.70
202551;A090;1;40;ACREDITADO;4007;765173730.46
202551;A094;9;20;ACREDITADO;113;3269400
202551;A095;1;40;ACREDITADO;5428;151704244.44
202551;A096;1;40;ACREDITADO;1383;25770228.89
202551;A098;1;40;ACREDITADO;5243;371104761.49
202551;A099;1;40;ACREDITADO;42;7252800
202551;A101;1;40;ACREDITADO;173;13569013.18
202551;A102;9;20;ACREDITADO;2;1419
202551;A102;9;20;DEVUELTA;1;3765
202551;A103;7;20;ACREDITADO;1;64200
202551;A103;9;20;ACREDITADO;15083;255298381.07
202551;A103;9;20;RECHAZADA;80;1330140
202551;A105;1;40;ACREDITADO;5;11.99
202551;A106;9;20;ACREDITADO;2;40536.09
202551;A107;1;40;ACREDITADO;10;440921.95
202551;A108;9;20;ACREDITADO;16482;424510364.58
202551;A108;9;20;RECHAZADA;101;3670887
202551;A110;1;40;ACREDITADO;1;2
202551;A111;9;20;ACREDITADO;4;38.25
202551;A114;1;40;ACREDITADO;24;1262057
202551;A115;1;40;ACREDITADO;9;39.50
202551;A116;6;60;ACREDITADO;57;354778
202551;A116;6;60;RECHAZADA;129;868880
202551;A116;6;80;ACREDITADO;52;3264838
202551;A116;6;80;RECHAZADA;70;6447886
202551;A116;6;90;ACREDITADO;33;1237929
202551;A116;6;90;RECHAZADA;7;378769
202551;A117;9;20;ACREDITADO;4;50045
202551;A119;9;20;DEVUELTA;1;15
202551;B;1;40;ACREDITADO;1;2
202551;B;4;60;ACREDITADO;105;864732.02
202551;B;4;60;RECHAZADA;2;16550
202551;B;4;80;ACREDITADO;74;2186892.08
202551;B;4;80;RECHAZADA;5;158103.62
202551;B;4;90;ACREDITADO;903;18080655.71
202551;B;4;90;RECHAZADA;22;450079.15
202551;B;6;80;DEVUELTA;1;120
202551;B;6;80;RECHAZADA;4;1456120
202551;B;6;90;ACREDITADO;8;1102000
202551;B;6;90;DEVUELTA;1;120
202551;B;6;90;RECHAZADA;20;3750000
202551;B;9;20;ACREDITADO;3212;203949654.43
202551;B;9;20;DEVUELTA;2;8.80
202551;B;9;20;RECHAZADA;11;1053678
202551;C;9;20;ACREDITADO;27871;3066448692.62
202551;C;9;20;DEVUELTA;7;2221365.81
202551;C;9;20;RECHAZADA;251;50724541.86
202551;D;9;20;ACREDITADO;3252;774619448.64
202551;D;9;20;RECHAZADA;80;35683812.46
202551;E;9;20;ACREDITADO;184;1672495
202551;E;9;20;RECHAZADA;1;11141
202551;F;9;20;ACREDITADO;3478;734007119.88
202551;F;9;20;DEVUELTA;1;498430
202551;F;9;20;RECHAZADA;170;77702833.09
202551;G;9;20;ACREDITADO;6781;169277500.30
202551;G;9;20;RECHAZADA;106;4711365.43
202551;H;9;20;ACREDITADO;324;1508768
202551;H;9;20;RECHAZADA;2;9300
202551;J;4;90;ACREDITADO;1440;321724429.37
202551;J;4;90;RECHAZADA;104;26635189.64
202551;J;6;90;ACREDITADO;660;142480495.63
202551;J;6;90;RECHAZADA;159;46648072.39
202551;J;9;20;ACREDITADO;1;265000
202551;K;4;90;ACREDITADO;2977;617397396.21
202551;K;4;90;DEVUELTA;2;33010
202551;K;4;90;RECHAZADA;298;80011432.94
202551;K;6;90;ACREDITADO;2006;401979952.81
202551;K;6;90;RECHAZADA;440;109764253.75
202551;N;9;20;ACREDITADO;4278;292815922.57
202551;N;9;20;RECHAZADA;29;4727552.84
202551;PMC;2;50;ACREDITADO;110363;15657358203.51
202551;Q;6;90;ACREDITADO;203;12537122
202551;Q;6;90;RECHAZADA;23;1564898.36
202551;R;9;20;ACREDITADO;15693;1744869310.09
202551;R;9;20;DEVUELTA;14;2735785.03
202551;R;9;20;RECHAZADA;364;112519438.67
202551;T;4;10;RECHAZADA;1;22.23
202551;T;6;90;DEVUELTA;1;101
202551;T;9;20;ACREDITADO;1;1
202551;T;9;20;DEVUELTA;2;23
202551;U;4;60;ACREDITADO;14;1738344.09
202551;U;4;90;ACREDITADO;142;20284142.61
202551;U;4;90;RECHAZADA;29;4462380.89
202551;U;6;90;ACREDITADO;323;49250427.05
202551;U;6;90;RECHAZADA;117;25117040.46
202551;U;9;20;ACREDITADO;4;1068439.69
202551;V;9;20;ACREDITADO;521;67844129.30
202551;V;9;20;RECHAZADA;36;11871286.86
202551;VIRG;9;20;ACREDITADO;8;89600
202551;W;9;20;ACREDITADO;1704;334199029.49
202551;W;9;20;RECHAZADA;14;2263922.90
202551;Y;6;90;ACREDITADO;703;94029012.84
202551;Y;6;90;RECHAZADA;245;40959753.74
202552;3;6;80;ACREDITADO;16;1245888
202552;3;6;80;RECHAZADA;1;217440
202552;6;1;40;ACREDITADO;22;5990700
202552;6;6;90;ACREDITADO;2570;121124926.93
202552;6;6;90;RECHAZADA;643;57576831.79
202552;A009;1;40;ACREDITADO;483;81065137.28
202552;A012;9;20;ACREDITADO;57;8223987.06
202552;A012;9;20;RECHAZADA;3;438415
202552;A014;9;20;ACREDITADO;1;11368
202552;A016;1;40;ACREDITADO;167;21168039.31
202552;A016;6;90;ACREDITADO;40;5183446.91
202552;A016;6;90;RECHAZADA;3;253223.24
202552;A020;4;10;ACREDITADO;1;110000
202552;A020;4;60;ACREDITADO;5;78000
202552;A020;4;80;ACREDITADO;17;572669.14
202552;A020;4;80;RECHAZADA;1;35541
202552;A020;4;90;ACREDITADO;101;2213619.46
202552;A020;9;20;ACREDITADO;1;10500
202552;A022;9;20;ACREDITADO;86;516204
202552;A023;1;40;ACREDITADO;241;46028822.93
202552;A023;6;90;ACREDITADO;21;4807691.07
202552;A023;6;90;RECHAZADA;12;2628623.13
202552;A024;1;40;ACREDITADO;572;116053233.02
202552;A024;6;80;ACREDITADO;23;6304230
202552;A024;6;80;RECHAZADA;45;15066960
202552;A024;6;90;ACREDITADO;58;9909190
202552;A024;6;90;RECHAZADA;57;20000210
202552;A025;1;40;ACREDITADO;1;153000.06
202552;A025;6;90;ACREDITADO;3;722834.44
202552;A025;6;90;RECHAZADA;7;1862945.07
202552;A026;9;20;ACREDITADO;1;7610788.22
202552;A026;9;20;RECHAZADA;1;7594750.94
202552;A027;9;20;ACREDITADO;3173;416982168
202552;A027;9;20;RECHAZADA;28;5137467
202552;A031;1;40;ACREDITADO;2;20800
202552;A031;9;20;ACREDITADO;91;1513017.66
202552;A032;4;80;DEVUELTA;1;25
202552;A035;6;90;ACREDITADO;64;18502577.64
202552;A035;6;90;RECHAZADA;36;4860262.61
202552;A036;9;20;ACREDITADO;2;382412.33
202552;A037;6;90;ACREDITADO;3;252551.01
202552;A037;6;90;RECHAZADA;2;180000
202552;A038;1;40;ACREDITADO;7082;1632996570.26
202552;A038;6;80;ACREDITADO;155;34026041.14
202552;A038;6;80;RECHAZADA;414;135030720.96
202552;A039;1;40;ACREDITADO;796;41266139
202552;A039;4;60;ACREDITADO;702;15936486.85
202552;A039;4;60;RECHAZADA;36;1167973.99
202552;A039;4;80;ACREDITADO;963;37543821.04
202552;A039;4;80;DEVUELTA;5;505984.88
202552;A039;4;80;RECHAZADA;119;16810499.07
202552;A039;4;90;ACREDITADO;7774;176784262.12
202552;A039;4;90;DEVUELTA;1;22000
202552;A039;4;90;RECHAZADA;218;12423766.46
202552;A039;6;80;ACREDITADO;1;600000
202552;A039;6;80;RECHAZADA;1;600000
202552;A039;9;20;ACREDITADO;8630;186485985.57
202552;A039;9;20;DEVUELTA;2;485000
202552;A039;9;20;RECHAZADA;28;724100
202552;A040;1;40;ACREDITADO;693;154876885.88
202552;A041;9;20;ACREDITADO;1;455173.94
202552;A042;9;20;ACREDITADO;3180;158165279.27
202552;A042;9;20;RECHAZADA;21;2844381.01
202552;A045;1;40;ACREDITADO;3857;560279532.73
202552;A046;4;80;ACREDITADO;14;277500
202552;A046;4;90;ACREDITADO;114;2756000
202552;A046;4;90;RECHAZADA;1;45000
202552;A046;9;20;ACREDITADO;783;29546717.19
202552;A046;9;20;DEVUELTA;1;24000
202552;A046;9;20;RECHAZADA;5;268000
202552;A050;9;20;ACREDITADO;1;11
202552;A051;6;80;ACREDITADO;1;6885228
202552;A051;6;80;RECHAZADA;4;27577525
202552;A052;1;40;ACREDITADO;88;13527319.56
202552;A053;9;20;ACREDITADO;189;5356450
202552;A053;9;20;RECHAZADA;2;50000
202552;A058;9;20;ACREDITADO;5;6652729.92
202552;A060;9;20;ACREDITADO;249;56539650.08
202552;A060;9;20;RECHAZADA;1;466542
202552;A061;1;40;ACREDITADO;244;46577334.15
202552;A062;9;20;ACREDITADO;205;2947300
202552;A063;9;20;ACREDITADO;32;1327500
202552;A064;1;40;ACREDITADO;9;277500
202552;A065;9;20;ACREDITADO;1;30000
202552;A066;9;20;ACREDITADO;789;75952950.46
202552;A066;9;20;RECHAZADA;10;1127183.76
202552;A069;1;40;ACREDITADO;7645;756020988.72
202552;A070;9;20;ACREDITADO;2293;324470100
202552;A070;9;20;DEVUELTA;58;9370700
202552;A070;9;20;RECHAZADA;38;9139000
202552;A071;6;60;ACREDITADO;1;98010
202552;A071;6;60;RECHAZADA;1;141570
202552;A071;6;80;ACREDITADO;31;4321515
202552;A071;6;80;RECHAZADA;4;393250
202552;A071;6;90;ACREDITADO;21;2498045
202552;A071;6;90;RECHAZADA;4;514250
202552;A072;6;80;ACREDITADO;38;4292400
202552;A072;6;80;RECHAZADA;14;2029000
202552;A072;6;90;ACREDITADO;52;5319668
202552;A072;6;90;RECHAZADA;8;981000
202552;A073;9;20;ACREDITADO;87;9382945
202552;A073;9;20;RECHAZADA;1;66550
202552;A076;9;20;ACREDITADO;1;315555.50
202552;A078;9;20;ACREDITADO;442;75546836.22
202552;A078;9;20;DEVUELTA;23;5739131.89
202552;A078;9;20;RECHAZADA;5;750000
202552;A080;1;40;ACREDITADO;3426;122595941.41
202552;A081;1;40;ACREDITADO;7;624666.56
202552;A082;9;20;ACREDITADO;150;33126801.82
202552;A082;9;20;RECHAZADA;36;17800000
202552;A084;1;40;ACREDITADO;2518;332417366.64
202552;A086;1;40;ACREDITADO;5;971277.17
202552;A087;1;40;ACREDITADO;5;1174367
202552;A088;1;40;ACREDITADO;7136;265988514.53
202552;A090;1;40;ACREDITADO;2672;554742030.10
202552;A094;9;20;ACREDITADO;95;3790340
202552;A095;1;40;ACREDITADO;5779;158191561.85
202552;A096;1;40;ACREDITADO;1309;25028105.99
202552;A098;1;40;ACREDITADO;5966;342820647.03
202552;A099;1;40;ACREDITADO;17;3069100
202552;A101;1;40;ACREDITADO;116;8119539.77
202552;A102;9;20;ACREDITADO;1;4753
202552;A102;9;20;DEVUELTA;3;1970.62
202552;A103;7;20;ACREDITADO;6;162168.09
202552;A103;7;20;RECHAZADA;1;26100
202552;A103;9;20;ACREDITADO;12409;218517997.84
202552;A103;9;20;RECHAZADA;42;909044.21
202552;A107;1;40;ACREDITADO;17;2663332.56
202552;A108;9;20;ACREDITADO;14909;451681379.58
202552;A108;9;20;RECHAZADA;110;5015346.99
202552;A114;1;40;ACREDITADO;10;637650
202552;A116;6;60;ACREDITADO;175;2819633
202552;A116;6;60;RECHAZADA;301;3397412
202552;A116;6;80;ACREDITADO;78;5653884
202552;A116;6;80;RECHAZADA;96;26811277
202552;A116;6;90;ACREDITADO;68;1547859
202552;A116;6;90;RECHAZADA;12;107934
202552;A117;9;20;ACREDITADO;17;296920
202552;A118;9;20;ACREDITADO;2;2500
202552;A120;9;20;ACREDITADO;1;500
202552;B;4;10;ACREDITADO;1;130000
202552;B;4;10;DEVUELTA;1;205700
202552;B;4;60;ACREDITADO;69;725875.69
202552;B;4;60;RECHAZADA;2;4000
202552;B;4;80;ACREDITADO;54;1696846.95
202552;B;4;80;RECHAZADA;15;709596.64
202552;B;4;90;ACREDITADO;639;14387729.64
202552;B;4;90;DEVUELTA;1;80151.86
202552;B;4;90;RECHAZADA;47;858756.83
202552;B;6;80;ACREDITADO;6;2000000
202552;B;6;80;RECHAZADA;7;1900000
202552;B;6;90;ACREDITADO;1;200
202552;B;6;90;RECHAZADA;5;531000
202552;B;9;20;ACREDITADO;2411;174021991.55
202552;B;9;20;DEVUELTA;2;8.80
202552;B;9;20;RECHAZADA;18;325780.95
202552;C;9;20;ACREDITADO;20853;2247029032.10
202552;C;9;20;DEVUELTA;2;64067
202552;C;9;20;RECHAZADA;145;28020199.55
202552;D;9;20;ACREDITADO;1533;363275463.99
202552;D;9;20;RECHAZADA;32;9655042.92
202552;E;9;20;ACREDITADO;102;903776
202552;E;9;20;RECHAZADA;1;5342
202552;F;9;20;ACREDITADO;1904;415501644.88
202552;F;9;20;RECHAZADA;85;42224199.30
202552;G;9;20;ACREDITADO;6796;176548248.97
202552;G;9;20;RECHAZADA;95;4433482.77
202552;H;9;20;ACREDITADO;217;1552800
202552;H;9;20;RECHAZADA;2;21000
202552;J;4;90;ACREDITADO;1026;254131605.97
202552;J;4;90;RECHAZADA;75;26358136.83
202552;J;6;90;ACREDITADO;337;77663958.82
202552;J;6;90;RECHAZADA;126;38221045.46
202552;K;4;90;ACREDITADO;1544;329111979.24
202552;K;4;90;DEVUELTA;5;1305708.21
202552;K;4;90;RECHAZADA;182;49247127.51
202552;K;6;90;ACREDITADO;1160;237341227.63
202552;K;6;90;RECHAZADA;402;97210888.58
202552;L;9;20;ACREDITADO;14;710309.12
202552;L;9;20;DEVUELTA;1;159200
202552;N;9;20;ACREDITADO;2979;198478327.67
202552;N;9;20;RECHAZADA;24;5198115.06
202552;PMC;2;50;ACREDITADO;60736;7881626494.98
202552;Q;6;90;ACREDITADO;100;7010464.93
202552;Q;6;90;RECHAZADA;35;2452309.87
202552;R;9;20;ACREDITADO;11099;1201507880.95
202552;R;9;20;DEVUELTA;17;1732896.40
202552;R;9;20;RECHAZADA;213;58494287.95
202552;U;4;60;ACREDITADO;6;1692028.65
202552;U;4;90;ACREDITADO;112;14674122.92
202552;U;4;90;RECHAZADA;34;5511779.32
202552;U;6;90;ACREDITADO;174;24630802.61
202552;U;6;90;RECHAZADA;70;10524023.32
202552;V;9;20;ACREDITADO;336;49799917.16
202552;V;9;20;RECHAZADA;22;11297835.92
202552;VIRG;9;20;ACREDITADO;1;70500
202552;VIRG;9;20;RECHAZADA;1;46700
202552;W;9;20;ACREDITADO;907;199562312.03
202552;W;9;20;RECHAZADA;5;1383468.36
202552;Y;6;90;ACREDITADO;422;62531497.75
202552;Y;6;90;RECHAZADA;151;27322490.65
202601;6;1;40;ACREDITADO;49;13519000
202601;6;6;90;ACREDITADO;2079;109051719.42
202601;6;6;90;RECHAZADA;507;32279426.29
202601;A009;1;40;ACREDITADO;313;53637487.07
202601;A012;9;20;ACREDITADO;54;7863492.72
202601;A016;1;40;ACREDITADO;152;23709463.40
202601;A016;6;90;ACREDITADO;51;7557063.03
202601;A016;6;90;RECHAZADA;3;85000
202601;A020;4;60;ACREDITADO;10;224256.07
202601;A020;4;60;RECHAZADA;1;16500
202601;A020;4;80;ACREDITADO;13;370500
202601;A020;4;90;ACREDITADO;113;2720903.53
202601;A020;4;90;RECHAZADA;1;6500
202601;A022;9;20;ACREDITADO;76;422715
202601;A022;9;20;RECHAZADA;1;7275
202601;A023;1;40;ACREDITADO;144;25143041.90
202601;A023;6;90;ACREDITADO;29;5866651.44
202601;A023;6;90;RECHAZADA;5;1704478.95
202601;A024;1;40;ACREDITADO;922;202187406.09
202601;A024;6;80;ACREDITADO;36;8047890
202601;A024;6;80;RECHAZADA;72;24120090
202601;A024;6;90;ACREDITADO;136;29917480
202601;A024;6;90;RECHAZADA;87;31259620
202601;A025;1;40;ACREDITADO;1;151292
202601;A025;6;90;ACREDITADO;12;2384922.02
202601;A025;6;90;RECHAZADA;4;688713.40
202601;A027;9;20;ACREDITADO;3441;451923096
202601;A027;9;20;RECHAZADA;33;5981686
202601;A031;4;90;ACREDITADO;1;10399.92
202601;A031;9;20;ACREDITADO;63;1026178.66
202601;A035;6;90;ACREDITADO;89;20904394.80
202601;A035;6;90;RECHAZADA;16;6449108.58
202601;A037;6;90;ACREDITADO;13;422800
202601;A037;6;90;RECHAZADA;1;34200
202601;A038;1;40;ACREDITADO;11399;2573219853.73
202601;A038;6;80;ACREDITADO;145;44175247.40
202601;A038;6;80;RECHAZADA;416;208359271.05
202601;A039;1;40;ACREDITADO;907;48845682
202601;A039;4;60;ACREDITADO;704;11910922.35
202601;A039;4;60;RECHAZADA;24;478711.99
202601;A039;4;80;ACREDITADO;828;27602544.68
202601;A039;4;80;DEVUELTA;3;141395.65
202601;A039;4;80;RECHAZADA;70;2982889.91
202601;A039;4;90;ACREDITADO;7579;154507482.92
202601;A039;4;90;RECHAZADA;215;9343096.90
202601;A039;9;20;ACREDITADO;8505;184272428.58
202601;A039;9;20;RECHAZADA;31;802611.41
202601;A040;1;40;ACREDITADO;586;123073954.91
202601;A041;9;20;ACREDITADO;2;356694.84
202601;A042;9;20;ACREDITADO;3971;196491142.78
202601;A042;9;20;DEVUELTA;1;8799
202601;A042;9;20;RECHAZADA;16;1376690.82
202601;A045;1;40;ACREDITADO;4048;598674349.73
202601;A046;4;80;ACREDITADO;7;210000
202601;A046;4;80;RECHAZADA;2;30000
202601;A046;4;90;ACREDITADO;68;1267500
202601;A046;4;90;RECHAZADA;2;45000
202601;A046;9;20;ACREDITADO;669;25116592.42
202601;A046;9;20;DEVUELTA;3;67500
202601;A046;9;20;RECHAZADA;1;15000
202601;A052;1;40;ACREDITADO;64;9698006.57
202601;A053;9;20;ACREDITADO;42;768200
202601;A058;9;20;ACREDITADO;10;7494702
202601;A058;9;20;RECHAZADA;2;4959000
202601;A060;9;20;ACREDITADO;262;57806472.88
202601;A060;9;20;RECHAZADA;2;119992.34
202601;A061;1;40;ACREDITADO;304;56025291.05
202601;A063;9;20;ACREDITADO;31;1130850
202601;A064;1;40;ACREDITADO;3;53000
202601;A065;9;20;ACREDITADO;1;134075
202601;A066;9;20;ACREDITADO;1222;122449315.77
202601;A066;9;20;RECHAZADA;48;22362724.57
202601;A069;1;40;ACREDITADO;6902;658960351.97
202601;A070;9;20;ACREDITADO;1935;278756300
202601;A070;9;20;DEVUELTA;65;9594200
202601;A070;9;20;RECHAZADA;25;4072400
202601;A071;6;60;ACREDITADO;1;66550
202601;A071;6;80;ACREDITADO;24;2769811
202601;A071;6;80;RECHAZADA;5;379940
202601;A071;6;90;ACREDITADO;19;2113265
202601;A072;6;80;ACREDITADO;38;5813700
202601;A072;6;80;RECHAZADA;16;3439200
202601;A072;6;90;ACREDITADO;74;7726512
202601;A072;6;90;RECHAZADA;6;348780
202601;A073;9;20;ACREDITADO;91;8949160
202601;A074;9;20;ACREDITADO;1;11
202601;A076;9;20;ACREDITADO;48;7982366.50
202601;A076;9;20;RECHAZADA;1;152950
202601;A078;9;20;ACREDITADO;538;105611885.06
202601;A078;9;20;DEVUELTA;35;3508341.08
202601;A078;9;20;RECHAZADA;6;1544562.14
202601;A080;1;40;ACREDITADO;2818;87588731.90
202601;A081;1;40;ACREDITADO;26;2128261.10
202601;A082;9;20;ACREDITADO;113;29631904.83
202601;A082;9;20;RECHAZADA;6;3872600
202601;A084;1;40;ACREDITADO;3294;432234236.94
202601;A086;1;40;ACREDITADO;13;2960730.71
202601;A088;1;40;ACREDITADO;7414;267553128.75
202601;A090;1;40;ACREDITADO;2861;530515104.90
202601;A094;9;20;ACREDITADO;88;3067103.28
202601;A095;1;40;ACREDITADO;5281;166513148.08
202601;A096;1;40;ACREDITADO;1466;26673451.41
202601;A098;1;40;ACREDITADO;6346;474576182.65
202601;A099;1;40;ACREDITADO;1;160000
202601;A101;1;40;ACREDITADO;282;21959168.94
202601;A102;9;20;DEVUELTA;4;5100.99
202601;A103;7;20;ACREDITADO;7;260013
202601;A103;9;20;ACREDITADO;13686;249696913.13
202601;A103;9;20;RECHAZADA;70;1191595.32
202601;A107;1;40;ACREDITADO;9;635725.39
202601;A108;9;20;ACREDITADO;1326;35086120
202601;A108;9;20;RECHAZADA;10;412900
202601;A114;1;40;ACREDITADO;15;841136.70
202601;A115;1;40;ACREDITADO;1;100
202601;A116;6;60;ACREDITADO;186;1935755
202601;A116;6;60;RECHAZADA;286;2742314
202601;A116;6;80;ACREDITADO;98;4475909
202601;A116;6;80;RECHAZADA;81;16093668
202601;A116;6;90;ACREDITADO;62;1736523
202601;A116;6;90;RECHAZADA;16;510831
202601;A117;9;20;ACREDITADO;1541;29964580.65
202601;A117;9;20;RECHAZADA;10;214838.60
202601;A120;9;20;ACREDITADO;3;1280000
202601;B;1;40;ACREDITADO;1;2
202601;B;4;10;ACREDITADO;2;500000
202601;B;4;10;RECHAZADA;3;460000
202601;B;4;60;ACREDITADO;68;771743.32
202601;B;4;80;ACREDITADO;67;2173446.23
202601;B;4;80;RECHAZADA;11;545347.48
202601;B;4;90;ACREDITADO;549;10480444.38
202601;B;4;90;DEVUELTA;1;5000
202601;B;4;90;RECHAZADA;19;346460.23
202601;B;6;80;ACREDITADO;5;3000000
202601;B;6;80;RECHAZADA;7;5040090
202601;B;6;90;ACREDITADO;2;400000
202601;B;6;90;RECHAZADA;8;1402009
202601;B;9;20;ACREDITADO;3535;197918546.92
202601;B;9;20;DEVUELTA;2;8.80
202601;B;9;20;RECHAZADA;31;2113758.25
202601;C;9;20;ACREDITADO;19411;2091072951.49
202601;C;9;20;DEVUELTA;3;295424.57
202601;C;9;20;RECHAZADA;180;33255604.91
202601;D;9;20;ACREDITADO;4830;1315628249.33
202601;D;9;20;RECHAZADA;99;40451573.88
202601;E;9;20;ACREDITADO;63;605442
202601;F;9;20;ACREDITADO;1623;341638773.18
202601;F;9;20;DEVUELTA;1;392720
202601;F;9;20;RECHAZADA;85;35315109.64
202601;G;9;20;ACREDITADO;5595;176026501.64
202601;G;9;20;RECHAZADA;76;2853658
202601;H;9;20;ACREDITADO;209;993513
202601;H;9;20;RECHAZADA;1;2000
202601;J;4;90;ACREDITADO;863;184564839.45
202601;J;4;90;RECHAZADA;57;14811879.61
202601;J;6;90;ACREDITADO;436;91399903.54
202601;J;6;90;RECHAZADA;76;26226881.46
202601;K;4;90;ACREDITADO;1382;304941125.46
202601;K;4;90;DEVUELTA;3;1086750.66
202601;K;4;90;RECHAZADA;130;37675261.55
202601;K;6;90;ACREDITADO;1215;253017712.62
202601;K;6;90;RECHAZADA;270;62571157.69
202601;N;9;20;ACREDITADO;3348;234691989.55
202601;N;9;20;RECHAZADA;23;3801827.64
202601;PMC;2;50;ACREDITADO;61688;7453223607.90
202601;Q;6;90;ACREDITADO;195;13712939.42
202601;Q;6;90;RECHAZADA;22;1208482.56
202601;R;9;20;ACREDITADO;11181;1221135021.82
202601;R;9;20;DEVUELTA;10;409494.09
202601;R;9;20;RECHAZADA;253;66447262.86
202601;U;4;60;ACREDITADO;4;494485
202601;U;4;90;ACREDITADO;83;11885567.99
202601;U;4;90;RECHAZADA;21;3836648.63
202601;U;6;90;ACREDITADO;78;11551385.90
202601;U;6;90;RECHAZADA;99;7770321.86
202601;V;9;20;ACREDITADO;489;71605014.39
202601;V;9;20;DEVUELTA;1;27000
202601;V;9;20;RECHAZADA;45;14213212.52
202601;VIRG;9;20;ACREDITADO;1;100
202601;W;9;20;ACREDITADO;1149;225795112.81
202601;W;9;20;RECHAZADA;5;1024057.43
202601;Y;6;90;ACREDITADO;641;85852552.65
202601;Y;6;90;RECHAZADA;194;33624066.05
202602;3;6;80;ACREDITADO;1;126400
202602;6;1;40;ACREDITADO;353;70381100
202602;6;6;90;ACREDITADO;2818;162044774.95
202602;6;6;90;RECHAZADA;457;36085283.35
202602;A009;1;40;ACREDITADO;844;142918285.31
202602;A012;9;20;ACREDITADO;212;38197379.82
202602;A012;9;20;DEVUELTA;2;226334
202602;A012;9;20;RECHAZADA;1;119405
202602;A016;1;40;ACREDITADO;411;72904076.87
202602;A016;6;90;ACREDITADO;188;41463527.10
202602;A016;6;90;RECHAZADA;12;2536931.07
202602;A020;4;10;ACREDITADO;1;42000
202602;A020;4;10;RECHAZADA;2;84000
202602;A020;4;60;ACREDITADO;5;38500
202602;A020;4;80;ACREDITADO;6;106180
202602;A020;4;90;ACREDITADO;45;1204491.61
202602;A020;4;90;RECHAZADA;1;7000
202602;A022;9;20;ACREDITADO;172;994091
202602;A023;1;40;ACREDITADO;345;61494525.81
202602;A023;6;90;ACREDITADO;64;13708459.99
202602;A023;6;90;RECHAZADA;20;15503934.01
202602;A024;1;40;ACREDITADO;1980;375127037.72
202602;A024;6;80;ACREDITADO;114;25922070
202602;A024;6;80;RECHAZADA;169;49410040
202602;A024;6;90;ACREDITADO;286;63394390
202602;A024;6;90;RECHAZADA;108;29807680
202602;A025;6;90;ACREDITADO;46;7903817.49
202602;A025;6;90;RECHAZADA;3;484394.69
202602;A026;9;20;ACREDITADO;2;3961306.12
202602;A027;9;20;ACREDITADO;4525;550842807
202602;A027;9;20;RECHAZADA;43;8894412
202602;A031;1;40;ACREDITADO;2;24200
202602;A031;9;20;ACREDITADO;95;1476272.16
202602;A035;6;90;ACREDITADO;568;112690978.95
202602;A035;6;90;RECHAZADA;105;34165243.96
202602;A036;9;20;ACREDITADO;1;111709
202602;A037;6;90;ACREDITADO;42;3164945.94
202602;A037;6;90;RECHAZADA;8;307085
202602;A038;1;40;ACREDITADO;31850;7425383408.18
202602;A038;6;80;ACREDITADO;757;145564391.04
202602;A038;6;80;RECHAZADA;1322;385399145.15
202602;A039;1;40;ACREDITADO;494;15981246.50
202602;A039;4;60;ACREDITADO;692;11959475.29
202602;A039;4;60;RECHAZADA;28;589656.99
202602;A039;4;80;ACREDITADO;785;21972790.04
202602;A039;4;80;DEVUELTA;4;89534.57
202602;A039;4;80;RECHAZADA;79;5600587.70
202602;A039;4;90;ACREDITADO;7892;143535919.62
202602;A039;4;90;DEVUELTA;3;48340
202602;A039;4;90;RECHAZADA;226;11304331.61
202602;A039;6;80;ACREDITADO;1;872300
202602;A039;9;20;ACREDITADO;7524;140182036.99
202602;A039;9;20;RECHAZADA;42;751209
202602;A040;1;40;ACREDITADO;818;208246609.85
202602;A041;9;20;ACREDITADO;2;313127.29
202602;A042;9;20;ACREDITADO;4570;246394132.68
202602;A042;9;20;DEVUELTA;1;44800
202602;A042;9;20;RECHAZADA;31;12294048.95
202602;A045;1;40;ACREDITADO;16161;2461683797.64
202602;A046;4;80;ACREDITADO;15;351500
202602;A046;4;90;ACREDITADO;69;1431500
202602;A046;4;90;RECHAZADA;2;30000
202602;A046;9;20;ACREDITADO;827;29842858.57
202602;A046;9;20;RECHAZADA;5;199000
202602;A052;1;40;ACREDITADO;96;13524841.73
202602;A053;9;20;ACREDITADO;57;2221000
202602;A058;9;20;ACREDITADO;11;16309903.05
202602;A060;9;20;ACREDITADO;337;82318443.35
202602;A061;1;40;ACREDITADO;676;99740530.18
202602;A063;9;20;ACREDITADO;22;980700
202602;A064;1;40;ACREDITADO;19;70188
202602;A065;9;20;ACREDITADO;1;65580
202602;A066;9;20;ACREDITADO;3845;306148444.37
202602;A066;9;20;RECHAZADA;122;26009765.05
202602;A069;1;40;ACREDITADO;8208;891443876.45
202602;A070;9;20;ACREDITADO;2515;378051400
202602;A070;9;20;DEVUELTA;56;9268600
202602;A070;9;20;RECHAZADA;38;7654100
202602;A071;6;60;ACREDITADO;1;96800
202602;A071;6;80;ACREDITADO;47;5745080
202602;A071;6;80;RECHAZADA;13;1805320
202602;A071;6;90;ACREDITADO;31;3501861
202602;A071;6;90;RECHAZADA;1;98010
202602;A072;6;80;ACREDITADO;119;18795892
202602;A072;6;80;RECHAZADA;69;11426780
202602;A072;6;90;ACREDITADO;154;20333228
202602;A072;6;90;RECHAZADA;23;3496080
202602;A073;9;20;ACREDITADO;118;12933085
202602;A074;1;40;ACREDITADO;22;8840452.53
202602;A074;9;20;ACREDITADO;1;11.50
202602;A076;9;20;ACREDITADO;106;17069911
202602;A076;9;20;RECHAZADA;7;1070650
202602;A078;9;20;ACREDITADO;727;124309735.94
202602;A078;9;20;DEVUELTA;33;3266608.22
202602;A078;9;20;RECHAZADA;4;4400000
202602;A080;1;40;ACREDITADO;1513;16574640.70
202602;A081;1;40;ACREDITADO;16;1239214.96
202602;A082;9;20;ACREDITADO;122;31934261
202602;A082;9;20;RECHAZADA;6;2800000
202602;A084;1;40;ACREDITADO;5190;706078700.91
202602;A086;1;40;ACREDITADO;52;10586957.66
202602;A088;1;40;ACREDITADO;7987;255111376.73
202602;A090;1;40;ACREDITADO;6818;1447749821.86
202602;A094;9;20;ACREDITADO;306;4143802.55
202602;A094;9;20;RECHAZADA;1;4100
202602;A095;1;40;ACREDITADO;5963;191095377.79
202602;A096;1;40;ACREDITADO;1357;16150882.89
202602;A098;1;40;ACREDITADO;6294;454697109.01
202602;A099;1;40;ACREDITADO;1;200000
202602;A101;1;40;ACREDITADO;901;74876846.57
202602;A102;9;20;DEVUELTA;1;1649.57
202602;A103;7;20;ACREDITADO;11;972666.57
202602;A103;9;20;ACREDITADO;16122;313800725.36
202602;A103;9;20;RECHAZADA;61;1107336.38
202602;A105;1;40;ACREDITADO;1;2
202602;A107;1;40;ACREDITADO;14;606175.30
202602;A108;9;20;ACREDITADO;12706;309469518.77
202602;A108;9;20;RECHAZADA;49;1358505.96
202602;A110;1;40;ACREDITADO;3;17
202602;A111;9;20;ACREDITADO;1;10.71
202602;A114;1;40;ACREDITADO;24;1646451
202602;A115;1;40;ACREDITADO;7;33
202602;A116;6;60;ACREDITADO;191;2015809
202602;A116;6;60;RECHAZADA;307;2331931
202602;A116;6;80;ACREDITADO;89;11892463
202602;A116;6;80;RECHAZADA;152;40839580
202602;A116;6;90;ACREDITADO;84;1625745
202602;A116;6;90;RECHAZADA;30;585051
202602;A117;7;20;ACREDITADO;1;800
202602;A117;9;20;ACREDITADO;2338;47409042.53
202602;A117;9;20;RECHAZADA;14;178250
202602;A127;9;20;ACREDITADO;1;15
202602;B;1;40;ACREDITADO;1;2
202602;B;4;10;ACREDITADO;1;48344.76
202602;B;4;60;ACREDITADO;64;594340.16
202602;B;4;60;RECHAZADA;2;99152
202602;B;4;80;ACREDITADO;71;2944215.23
202602;B;4;80;RECHAZADA;4;46700
202602;B;4;90;ACREDITADO;714;12938640.14
202602;B;4;90;RECHAZADA;35;844640.17
202602;B;6;80;ACREDITADO;5;2329900
202602;B;6;80;RECHAZADA;4;1900000
202602;B;6;90;ACREDITADO;1;100000
202602;B;6;90;RECHAZADA;5;1000000
202602;B;9;20;ACREDITADO;4005;231920757.41
202602;B;9;20;RECHAZADA;10;288529
202602;C;9;20;ACREDITADO;35870;4431119761.62
202602;C;9;20;DEVUELTA;4;382316.97
202602;C;9;20;RECHAZADA;307;61689365.01
202602;D;9;20;ACREDITADO;16461;4833448686.91
202602;D;9;20;RECHAZADA;334;139461425.42
202602;E;9;20;ACREDITADO;245;2219194
202602;E;9;20;RECHAZADA;2;19124
202602;F;9;20;ACREDITADO;3978;935724153.45
202602;F;9;20;DEVUELTA;1;709000
202602;F;9;20;RECHAZADA;237;124989573.73
202602;G;9;20;ACREDITADO;6110;193515759.51
202602;G;9;20;RECHAZADA;69;3930387.09
202602;H;9;20;ACREDITADO;292;1271725
202602;H;9;20;RECHAZADA;1;2000
202602;J;4;90;ACREDITADO;2455;589525770.53
202602;J;4;90;RECHAZADA;97;23110439.32
202602;J;6;90;ACREDITADO;1311;292573574.32
202602;J;6;90;RECHAZADA;232;70463764.25
202602;K;4;90;ACREDITADO;3278;742179344.28
202602;K;4;90;DEVUELTA;5;881628.91
202602;K;4;90;RECHAZADA;375;108631223.40
202602;K;6;90;ACREDITADO;2859;658441689.18
202602;K;6;90;RECHAZADA;637;188204521.77
202602;N;9;20;ACREDITADO;5432;357671971.57
202602;N;9;20;RECHAZADA;50;6470785.15
202602;PMC;2;50;ACREDITADO;188138;21507753801.29
202602;Q;6;90;ACREDITADO;383;20960727.62
202602;Q;6;90;RECHAZADA;33;1906229.29
202602;R;9;20;ACREDITADO;22296;2706889217.45
202602;R;9;20;DEVUELTA;24;2856842.63
202602;R;9;20;RECHAZADA;544;197342698.25
202602;T;4;90;RECHAZADA;1;10
202602;U;4;60;ACREDITADO;16;2901824.26
202602;U;4;90;ACREDITADO;222;29785571.91
202602;U;4;90;RECHAZADA;60;11908176.03
202602;U;6;90;ACREDITADO;233;40245935.75
202602;U;6;90;RECHAZADA;48;10356971.76
202602;U;9;20;ACREDITADO;5;785302.53
202602;V;9;20;ACREDITADO;763;100193473.59
202602;V;9;20;RECHAZADA;32;13098257.01
202602;VIRG;9;20;ACREDITADO;9;155795
202602;W;9;20;ACREDITADO;3820;798118086.75
202602;W;9;20;RECHAZADA;32;6764139.64
202602;Y;6;90;ACREDITADO;1567;212289292.02
202602;Y;6;90;RECHAZADA;269;41634306.83
202603;3;4;80;RECHAZADA;1;1.23
202603;3;9;20;ACREDITADO;1;1
202603;6;1;40;ACREDITADO;670;164385729
202603;6;6;60;RECHAZADA;4;1127000
202603;6;6;80;ACREDITADO;3;276000
202603;6;6;80;RECHAZADA;2;115000
202603;6;6;90;ACREDITADO;2016;108939688.84
202603;6;6;90;RECHAZADA;422;61386847.91
202603;A009;1;40;ACREDITADO;810;129598744.03
202603;A012;9;20;ACREDITADO;92;13378705.45
202603;A012;9;20;DEVUELTA;2;717023.94
202603;A012;9;20;RECHAZADA;1;98723
202603;A016;1;40;ACREDITADO;321;46009626.19
202603;A016;6;90;ACREDITADO;87;15684056.58
202603;A016;6;90;RECHAZADA;14;1283203.59
202603;A020;4;60;ACREDITADO;9;273910.17
202603;A020;4;80;ACREDITADO;15;1002284.78
202603;A020;4;80;RECHAZADA;1;29784.10
202603;A020;4;90;ACREDITADO;64;1903685.19
202603;A020;4;90;RECHAZADA;2;36900
202603;A020;9;20;ACREDITADO;1;8800
202603;A022;9;20;ACREDITADO;169;975640
202603;A023;1;40;ACREDITADO;417;72791956.09
202603;A023;6;90;ACREDITADO;80;15235685.83
202603;A023;6;90;RECHAZADA;174;102484027.66
202603;A024;1;40;ACREDITADO;831;152133644.09
202603;A024;6;80;ACREDITADO;56;12558700
202603;A024;6;80;RECHAZADA;83;24414400
202603;A024;6;90;ACREDITADO;127;28053420
202603;A024;6;90;RECHAZADA;53;15884170
202603;A025;1;40;ACREDITADO;1;105420
202603;A025;6;90;ACREDITADO;37;5982402.21
202603;A025;6;90;RECHAZADA;8;1426999.70
202603;A027;9;20;ACREDITADO;4378;537036165
202603;A027;9;20;DEVUELTA;1;245670
202603;A027;9;20;RECHAZADA;87;15656459
202603;A031;9;20;ACREDITADO;139;1997655.99
202603;A032;9;20;DEVUELTA;1;14.50
202603;A035;6;90;ACREDITADO;275;69985109.02
202603;A035;6;90;RECHAZADA;45;27691125.14
202603;A036;9;20;ACREDITADO;1;369338.03
202603;A037;6;90;ACREDITADO;34;2697146.23
202603;A037;6;90;RECHAZADA;7;446824.92
202603;A038;1;40;ACREDITADO;13696;2999529362.16
202603;A038;6;80;ACREDITADO;643;130992588.85
202603;A038;6;80;RECHAZADA;1281;373366128.89
202603;A039;1;40;ACREDITADO;1105;23089238.10
202603;A039;4;60;ACREDITADO;737;11421132.27
202603;A039;4;60;DEVUELTA;1;1000
202603;A039;4;60;RECHAZADA;67;2376868.87
202603;A039;4;80;ACREDITADO;945;28296473.49
202603;A039;4;80;RECHAZADA;73;5035135.65
202603;A039;4;90;ACREDITADO;8569;150743550.48
202603;A039;4;90;DEVUELTA;1;17000
202603;A039;4;90;RECHAZADA;248;7888161.96
202603;A039;6;60;RECHAZADA;1;50000
202603;A039;6;80;ACREDITADO;1;100
202603;A039;6;90;RECHAZADA;1;50300
202603;A039;9;20;ACREDITADO;7483;127944007.82
202603;A039;9;20;RECHAZADA;30;516966.10
202603;A040;1;40;ACREDITADO;880;179611890.76
202603;A041;9;20;ACREDITADO;3;2982547.01
202603;A042;9;20;ACREDITADO;5245;246269475.05
202603;A042;9;20;RECHAZADA;39;2855620.26
202603;A045;1;40;ACREDITADO;9611;1445738351.04
202603;A046;4;80;ACREDITADO;16;359100
202603;A046;4;90;ACREDITADO;60;1283000
202603;A046;9;20;ACREDITADO;750;27717991
202603;A046;9;20;RECHAZADA;7;318000
202603;A052;1;40;ACREDITADO;74;12926930.46
202603;A053;9;20;ACREDITADO;53;1169800
202603;A053;9;20;RECHAZADA;1;35000
202603;A060;9;20;ACREDITADO;344;94742939.76
202603;A060;9;20;RECHAZADA;7;904587.11
202603;A061;1;40;ACREDITADO;641;80134699.01
202603;A062;9;20;ACREDITADO;159;2137000
202603;A063;9;20;ACREDITADO;20;818000
202603;A064;1;40;ACREDITADO;37;422000
202603;A065;4;60;RECHAZADA;5;87500
202603;A065;4;80;ACREDITADO;18;1329760
202603;A065;4;80;RECHAZADA;3;248340
202603;A065;4;90;ACREDITADO;5;254285
202603;A065;9;20;ACREDITADO;5;330620
202603;A066;9;20;ACREDITADO;3332;272096705.38
202603;A066;9;20;RECHAZADA;88;23220481.42
202603;A069;1;40;ACREDITADO;7575;693099074.24
202603;A070;9;20;ACREDITADO;2189;301411200
202603;A070;9;20;DEVUELTA;53;8602600
202603;A070;9;20;RECHAZADA;40;6564400
202603;A071;6;80;ACREDITADO;47;6074805
202603;A071;6;80;RECHAZADA;5;669130
202603;A071;6;90;ACREDITADO;26;3047385
202603;A071;6;90;RECHAZADA;2;283140
202603;A072;6;80;ACREDITADO;82;13281336
202603;A072;6;80;RECHAZADA;65;11773708
202603;A072;6;90;ACREDITADO;99;12872468
202603;A072;6;90;RECHAZADA;14;1649528
202603;A073;9;20;ACREDITADO;117;11796290
202603;A074;1;40;ACREDITADO;8;2277175.22
202603;A074;9;20;ACREDITADO;1;11.40
202603;A076;9;20;ACREDITADO;11;5289834.03
202603;A076;9;20;RECHAZADA;1;166333.13
202603;A078;9;20;ACREDITADO;555;80336420.58
202603;A078;9;20;DEVUELTA;31;3321901.03
202603;A078;9;20;RECHAZADA;10;1745356.50
202603;A079;9;20;ACREDITADO;2;457103.91
202603;A080;1;40;ACREDITADO;1669;18130987.33
202603;A081;1;40;ACREDITADO;11;860592.94
202603;A082;9;20;ACREDITADO;143;36048710.38
202603;A082;9;20;RECHAZADA;14;3345000
202603;A084;1;40;ACREDITADO;4053;503294411.61
202603;A086;1;40;ACREDITADO;23;3651359.17
202603;A087;1;40;ACREDITADO;23;6204559
202603;A088;1;40;ACREDITADO;8082;235207696.06
202603;A090;1;40;ACREDITADO;6711;1417406071.13
202603;A094;9;20;ACREDITADO;491;5908805
202603;A094;9;20;RECHAZADA;6;45300
202603;A095;1;40;ACREDITADO;6490;191612287.16
202603;A096;1;40;ACREDITADO;1609;41100089.95
202603;A098;1;40;ACREDITADO;5971;458020825.39
202603;A099;1;40;ACREDITADO;1;160000
202603;A101;1;40;ACREDITADO;743;59725519.21
202603;A102;9;20;DEVUELTA;2;4859.98
202603;A103;7;20;ACREDITADO;5;203340.25
202603;A103;9;20;ACREDITADO;9386;162456862.03
202603;A103;9;20;RECHAZADA;41;682758
202603;A107;1;40;ACREDITADO;11;681001.28
202603;A108;9;20;ACREDITADO;11903;264263494.73
202603;A108;9;20;RECHAZADA;48;873888
202603;A110;1;40;ACREDITADO;5;11
202603;A111;9;20;ACREDITADO;9;73.44
202603;A114;1;40;ACREDITADO;21;1077213
202603;A115;1;40;ACREDITADO;3;5
202603;A116;6;60;ACREDITADO;172;1547449
202603;A116;6;60;DEVUELTA;1;17534
202603;A116;6;60;RECHAZADA;312;3762502
202603;A116;6;80;ACREDITADO;130;14804705
202603;A116;6;80;DEVUELTA;15;258964
202603;A116;6;80;RECHAZADA;366;63526106
202603;A116;6;90;ACREDITADO;98;2012824
202603;A116;6;90;DEVUELTA;46;805420
202603;A116;6;90;RECHAZADA;479;7646723
202603;A117;9;20;ACREDITADO;1504;26495063.12
202603;A117;9;20;RECHAZADA;9;213680
202603;A121;1;40;ACREDITADO;2;3
202603;A127;7;20;ACREDITADO;15;422600
202603;A127;7;20;DEVUELTA;3;8598.26
202603;B;4;10;ACREDITADO;2;149400
202603;B;4;60;ACREDITADO;95;1170080.31
202603;B;4;60;RECHAZADA;2;2600
202603;B;4;80;ACREDITADO;88;3369199.08
202603;B;4;80;RECHAZADA;7;129147.96
202603;B;4;90;ACREDITADO;793;14279105.07
202603;B;4;90;RECHAZADA;35;560192.34
202603;B;6;80;ACREDITADO;3;1300190
202603;B;6;80;RECHAZADA;1;700000
202603;B;6;90;ACREDITADO;5;1100000
202603;B;6;90;RECHAZADA;2;500000
202603;B;9;20;ACREDITADO;4040;223651732.50
202603;B;9;20;DEVUELTA;1;4.40
202603;B;9;20;RECHAZADA;30;3620468
202603;C;9;20;ACREDITADO;29170;3227342207.50
202603;C;9;20;DEVUELTA;5;273427.08
202603;C;9;20;RECHAZADA;295;57107336.70
202603;D;9;20;ACREDITADO;4397;1121511989.27
202603;D;9;20;RECHAZADA;102;38928854.21
202603;E;9;20;ACREDITADO;192;1705668
202603;E;9;20;DEVUELTA;1;6375
202603;E;9;20;RECHAZADA;1;10327
202603;F;9;20;ACREDITADO;3398;720776706.61
202603;F;9;20;DEVUELTA;1;294700
202603;F;9;20;RECHAZADA;163;73258980.58
202603;G;9;20;ACREDITADO;6138;175793378.51
202603;G;9;20;RECHAZADA;59;3168375.15
202603;H;9;20;ACREDITADO;303;1550100.63
202603;H;9;20;RECHAZADA;1;2000
202603;J;4;90;ACREDITADO;1731;375200321.80
202603;J;4;90;RECHAZADA;161;35868453.35
202603;J;6;90;ACREDITADO;1028;223564461.47
202603;J;6;90;RECHAZADA;210;61256482.71
202603;K;4;90;ACREDITADO;2623;539629725.51
202603;K;4;90;DEVUELTA;1;54584.41
202603;K;4;90;RECHAZADA;446;114038255.65
202603;K;6;90;ACREDITADO;2147;441582108.87
202603;K;6;90;RECHAZADA;463;105771085.11
202603;N;9;20;ACREDITADO;5083;348678827.74
202603;N;9;20;RECHAZADA;58;6309888.80
202603;PMC;2;50;ACREDITADO;150739;23064135056.55
202603;Q;6;90;ACREDITADO;274;14184940.19
202603;Q;6;90;RECHAZADA;42;2344658.18
202603;R;9;20;ACREDITADO;17235;2066647454.09
202603;R;9;20;DEVUELTA;29;10974654.95
202603;R;9;20;RECHAZADA;436;126060313.32
202603;T;4;10;RECHAZADA;1;10.80
202603;T;4;80;RECHAZADA;3;12
202603;T;4;90;RECHAZADA;4;31
202603;U;4;60;ACREDITADO;10;1793182.61
202603;U;4;60;RECHAZADA;1;68900
202603;U;4;90;ACREDITADO;178;25026757.68
202603;U;4;90;RECHAZADA;29;4281610.96
202603;U;6;90;ACREDITADO;243;42189850.66
202603;U;6;90;RECHAZADA;85;24204685.51
202603;U;9;20;ACREDITADO;3;369308
202603;V;9;20;ACREDITADO;670;101002179.95
202603;V;9;20;DEVUELTA;2;241513.50
202603;V;9;20;RECHAZADA;49;19880743.43
202603;VIRG;9;20;ACREDITADO;9;227810
202603;W;9;20;ACREDITADO;2388;473844969.46
202603;W;9;20;RECHAZADA;24;5398758.93
202603;Y;6;90;ACREDITADO;946;124016970.49
202603;Y;6;90;RECHAZADA;221;35742381.19
202604;6;1;40;ACREDITADO;830;221373921
202604;6;6;60;ACREDITADO;9;782000
202604;6;6;60;RECHAZADA;2;161000
202604;6;6;80;ACREDITADO;23;2495500
202604;6;6;80;RECHAZADA;15;2323000
202604;6;6;90;ACREDITADO;2351;126182848.95
202604;6;6;90;RECHAZADA;562;62263385.40
202604;A009;1;40;ACREDITADO;365;55586272.59
202604;A012;9;20;ACREDITADO;45;6281858.30
202604;A012;9;20;RECHAZADA;2;200000
202604;A016;1;40;ACREDITADO;136;18707016.39
202604;A016;6;90;ACREDITADO;33;5361892.68
202604;A016;6;90;RECHAZADA;5;716899.91
202604;A020;4;10;ACREDITADO;2;71000
202604;A020;4;60;ACREDITADO;11;132000
202604;A020;4;80;ACREDITADO;12;330334.70
202604;A020;4;90;ACREDITADO;75;1426211.16
202604;A020;4;90;RECHAZADA;2;23000
202604;A020;9;20;ACREDITADO;1;12000
202604;A022;9;20;ACREDITADO;141;842133
202604;A023;1;40;ACREDITADO;219;38670370.80
202604;A023;6;90;ACREDITADO;31;5936622.51
202604;A023;6;90;RECHAZADA;32;42198106.13
202604;A024;1;40;ACREDITADO;491;93803958.93
202604;A024;6;80;ACREDITADO;21;5680880
202604;A024;6;80;RECHAZADA;60;20115580
202604;A024;6;90;ACREDITADO;59;12022160
202604;A024;6;90;RECHAZADA;21;6966090
202604;A025;1;40;ACREDITADO;1;122058
202604;A025;6;90;ACREDITADO;11;1945869.10
202604;A025;6;90;RECHAZADA;3;852134.63
202604;A027;9;20;ACREDITADO;5307;636910431
202604;A027;9;20;RECHAZADA;75;15875279
202604;A031;1;40;ACREDITADO;22;251666.72
202604;A031;9;20;ACREDITADO;114;1724609.24
202604;A032;4;10;DEVUELTA;1;101
202604;A032;4;90;DEVUELTA;1;102
202604;A035;6;90;ACREDITADO;74;20589778.28
202604;A035;6;90;RECHAZADA;9;1773044.44
202604;A036;9;20;ACREDITADO;2;587546.28
202604;A037;6;90;ACREDITADO;7;451836.88
202604;A037;6;90;RECHAZADA;5;190000
202604;A038;1;40;ACREDITADO;7790;1800431541.82
202604;A038;6;80;ACREDITADO;278;59763922.77
202604;A038;6;80;RECHAZADA;724;237452596.71
202604;A039;1;40;ACREDITADO;853;20307539
202604;A039;4;60;ACREDITADO;702;11431188.80
202604;A039;4;60;RECHAZADA;56;1190403.98
202604;A039;4;80;ACREDITADO;1066;37536005.94
202604;A039;4;80;DEVUELTA;1;45000
202604;A039;4;80;RECHAZADA;104;11688406.52
202604;A039;4;90;ACREDITADO;8710;156127927.10
202604;A039;4;90;DEVUELTA;4;56350
202604;A039;4;90;RECHAZADA;221;6789026.45
202604;A039;6;80;RECHAZADA;1;10
202604;A039;9;20;ACREDITADO;8604;156296724.02
202604;A039;9;20;RECHAZADA;32;646411
202604;A040;1;40;ACREDITADO;1025;221892612.18
202604;A041;9;20;ACREDITADO;4;1212979.70
202604;A042;9;20;ACREDITADO;6332;287613580.47
202604;A042;9;20;RECHAZADA;49;3796759.10
202604;A045;1;40;ACREDITADO;4714;674387202.56
202604;A046;4;80;ACREDITADO;11;320500
202604;A046;4;90;ACREDITADO;72;1522500
202604;A046;4;90;RECHAZADA;3;45000
202604;A046;9;20;ACREDITADO;730;25693348.42
202604;A052;1;40;ACREDITADO;91;12487386.22
202604;A053;9;20;ACREDITADO;3;104500
202604;A060;9;20;ACREDITADO;362;111934639.41
202604;A060;9;20;RECHAZADA;1;1550002.98
202604;A061;1;40;ACREDITADO;293;45552025.70
202604;A062;9;20;ACREDITADO;74;932000
202604;A063;9;20;ACREDITADO;33;995711
202604;A064;1;40;ACREDITADO;38;354500
202604;A066;9;20;ACREDITADO;2468;182453078.26
202604;A066;9;20;RECHAZADA;29;7339420.92
202604;A069;1;40;ACREDITADO;7343;678914132.06
202604;A070;9;20;ACREDITADO;2030;299724300
202604;A070;9;20;DEVUELTA;42;4139700
202604;A070;9;20;RECHAZADA;34;7349500
202604;A071;6;60;ACREDITADO;4;379335
202604;A071;6;80;ACREDITADO;44;5965905
202604;A071;6;80;RECHAZADA;17;2588190
202604;A071;6;90;ACREDITADO;15;1709125
202604;A071;6;90;RECHAZADA;2;151855
202604;A072;6;80;ACREDITADO;31;4856584
202604;A072;6;80;RECHAZADA;26;5870920
202604;A072;6;90;ACREDITADO;63;10722692
202604;A072;6;90;RECHAZADA;6;677896
202604;A073;9;20;ACREDITADO;116;11285065
202604;A076;9;20;ACREDITADO;4;665332.52
202604;A078;9;20;ACREDITADO;585;91038978.19
202604;A078;9;20;DEVUELTA;36;4227418.47
202604;A078;9;20;RECHAZADA;5;1365100
202604;A079;9;20;ACREDITADO;3;198368.68
202604;A080;1;40;ACREDITADO;1580;18031348
202604;A081;1;40;ACREDITADO;8;835691.06
202604;A082;9;20;ACREDITADO;130;26285538.30
202604;A082;9;20;RECHAZADA;10;5448800
202604;A084;1;40;ACREDITADO;2437;281632188.29
202604;A086;1;40;ACREDITADO;2;215014.34
202604;A088;1;40;ACREDITADO;8150;264388254.85
202604;A090;1;40;ACREDITADO;2714;488446898.15
202604;A094;9;20;ACREDITADO;532;6196016
202604;A094;9;20;RECHAZADA;5;69000
202604;A095;1;40;ACREDITADO;6494;162977128.55
202604;A096;1;40;ACREDITADO;1432;19691622.12
202604;A098;1;40;ACREDITADO;6007;457718298.89
202604;A099;1;40;ACREDITADO;4;976000
202604;A101;1;40;ACREDITADO;278;17759966.75
202604;A102;9;20;ACREDITADO;2;11500
202604;A102;9;20;DEVUELTA;1;396.99
202604;A103;9;20;ACREDITADO;11486;192024398.21
202604;A103;9;20;RECHAZADA;42;851519
202604;A104;7;20;ACREDITADO;2;0.19
202604;A106;9;20;ACREDITADO;9;13852.26
202604;A107;1;40;ACREDITADO;16;540080.97
202604;A108;9;20;ACREDITADO;12522;258568459.30
202604;A108;9;20;RECHAZADA;48;1288129
202604;A110;1;40;ACREDITADO;2;4
202604;A111;9;20;ACREDITADO;20;102.51
202604;A111;9;20;DEVUELTA;5;7.65
202604;A114;1;40;ACREDITADO;39;2199282
202604;A116;1;40;ACREDITADO;2;1100
202604;A116;6;60;ACREDITADO;168;1585687
202604;A116;6;60;DEVUELTA;8;101764
202604;A116;6;60;RECHAZADA;330;3823117
202604;A116;6;80;ACREDITADO;163;22656333
202604;A116;6;80;DEVUELTA;5;426178
202604;A116;6;80;RECHAZADA;222;54087333
202604;A116;6;90;ACREDITADO;94;4563673
202604;A116;6;90;DEVUELTA;31;393706
202604;A116;6;90;RECHAZADA;894;13301397
202604;A117;1;40;ACREDITADO;1;10
202604;A117;9;20;ACREDITADO;1806;31239014.76
202604;A117;9;20;RECHAZADA;6;102200
202604;A127;1;40;ACREDITADO;4;1816
202604;A127;7;20;ACREDITADO;26;1004226.19
202604;A127;7;20;DEVUELTA;2;189728
202604;A127;7;60;ACREDITADO;4;440924
202604;A127;7;80;ACREDITADO;3;427372
202604;A127;7;80;DEVUELTA;1;3556.19
202604;A127;7;80;RECHAZADA;1;207018.90
202604;A127;7;90;ACREDITADO;5;166347.63
202604;B;4;10;ACREDITADO;2;835241
202604;B;4;10;RECHAZADA;1;80000
202604;B;4;60;ACREDITADO;90;721129.89
202604;B;4;60;RECHAZADA;4;23399.93
202604;B;4;80;ACREDITADO;83;2679676.02
202604;B;4;80;RECHAZADA;10;232389
202604;B;4;90;ACREDITADO;972;16511381.61
202604;B;4;90;RECHAZADA;14;148138.85
202604;B;6;80;ACREDITADO;6;3000000
202604;B;6;80;RECHAZADA;1;500000
202604;B;6;90;ACREDITADO;6;1200000
202604;B;7;80;ACREDITADO;1;100
202604;B;9;20;ACREDITADO;4678;237189152.89
202604;B;9;20;DEVUELTA;1;4.40
202604;B;9;20;RECHAZADA;34;837433
202604;C;9;20;ACREDITADO;22531;2368842455.36
202604;C;9;20;DEVUELTA;2;27000
202604;C;9;20;RECHAZADA;200;32878880.28
202604;D;9;20;ACREDITADO;1999;514000516.68
202604;D;9;20;RECHAZADA;40;16345129.31
202604;E;9;20;ACREDITADO;108;988957
202604;F;9;20;ACREDITADO;2503;521645780.47
202604;F;9;20;RECHAZADA;82;35052455.51
202604;G;9;20;ACREDITADO;5567;154606054.71
202604;G;9;20;RECHAZADA;61;3190347.80
202604;H;9;20;ACREDITADO;406;2031234
202604;J;4;90;ACREDITADO;760;159079522.79
202604;J;4;90;RECHAZADA;69;17875567.31
202604;J;6;90;ACREDITADO;354;73828662.62
202604;J;6;90;RECHAZADA;89;15833672.54
202604;K;4;90;ACREDITADO;2163;421170932.39
202604;K;4;90;DEVUELTA;2;811363.74
202604;K;4;90;RECHAZADA;222;61232507.32
202604;K;6;90;ACREDITADO;1484;286697433.49
202604;K;6;90;RECHAZADA;340;68639969.57
202604;N;9;20;ACREDITADO;3541;238940962.50
202604;N;9;20;RECHAZADA;36;6733922.86
202604;PMC;2;50;ACREDITADO;88840;11837961927.58
202604;Q;6;90;ACREDITADO;132;7801209.92
202604;Q;6;90;RECHAZADA;15;1041805.38
202604;R;9;20;ACREDITADO;14046;1619468655.33
202604;R;9;20;DEVUELTA;14;481595.61
202604;R;9;20;RECHAZADA;247;69170258.16
202604;U;4;60;ACREDITADO;9;1066853.51
202604;U;4;60;RECHAZADA;1;210943.39
202604;U;4;90;ACREDITADO;97;11762866.11
202604;U;4;90;RECHAZADA;21;4618892.23
202604;U;6;90;ACREDITADO;101;12700730.61
202604;U;6;90;RECHAZADA;56;9059421.36
202604;V;9;20;ACREDITADO;335;49886690.56
202604;V;9;20;RECHAZADA;19;11411553.24
202604;VIRG;9;20;ACREDITADO;19;428350
202604;W;9;20;ACREDITADO;1095;219693813.59
202604;W;9;20;RECHAZADA;24;4842339.85
202604;Y;6;90;ACREDITADO;318;38851693.59
202604;Y;6;90;RECHAZADA;69;7318132.30
202605;6;1;40;ACREDITADO;328;92881734
202605;6;6;80;ACREDITADO;6;920000
202605;6;6;80;RECHAZADA;7;1564000
202605;6;6;90;ACREDITADO;2572;130027957.26
202605;6;6;90;RECHAZADA;570;50094328.98
202605;A009;1;40;ACREDITADO;286;40839123.38
202605;A012;9;20;ACREDITADO;47;5505180.47
202605;A012;9;20;RECHAZADA;3;306000
202605;A016;1;40;ACREDITADO;111;17143244.56
202605;A016;6;90;ACREDITADO;31;4307033.46
202605;A016;6;90;RECHAZADA;6;210947.32
202605;A020;4;10;ACREDITADO;1;70000
202605;A020;4;80;ACREDITADO;2;7300
202605;A020;4;90;ACREDITADO;31;504283.78
202605;A022;9;20;ACREDITADO;148;874593
202605;A023;1;40;ACREDITADO;178;32174809.93
202605;A023;6;90;ACREDITADO;38;7528900.19
202605;A023;6;90;RECHAZADA;14;8938372.64
202605;A024;1;40;ACREDITADO;605;125427173.04
202605;A024;6;80;ACREDITADO;31;8009150
202605;A024;6;80;RECHAZADA;77;35690770
202605;A024;6;90;ACREDITADO;70;13614930
202605;A024;6;90;RECHAZADA;58;24715280
202605;A025;1;40;ACREDITADO;1;152000.06
202605;A025;6;90;ACREDITADO;9;1802790.54
202605;A025;6;90;RECHAZADA;1;255726.03
202605;A027;9;20;ACREDITADO;5580;655620217
202605;A027;9;20;DEVUELTA;3;309084
202605;A027;9;20;RECHAZADA;146;23157036
202605;A031;1;40;ACREDITADO;122;1897291.95
202605;A031;4;80;ACREDITADO;1;10864.26
202605;A031;4;80;RECHAZADA;3;36372.97
202605;A031;4;90;ACREDITADO;2;5730.88
202605;A031;9;20;ACREDITADO;44;469014.72
202605;A032;4;80;ACREDITADO;1;120
202605;A032;4;90;DEVUELTA;1;12
202605;A032;9;20;ACREDITADO;1;2
202605;A035;6;90;ACREDITADO;45;13892130.70
202605;A035;6;90;RECHAZADA;14;10211985.09
202605;A036;9;20;ACREDITADO;1;235051
202605;A037;6;90;ACREDITADO;8;594816.02
202605;A038;1;40;ACREDITADO;7998;1925884786.92
202605;A038;6;80;ACREDITADO;160;39869710.55
202605;A038;6;80;RECHAZADA;536;189649929.84
202605;A039;1;40;ACREDITADO;668;18830591.60
202605;A039;4;60;ACREDITADO;691;11548373.52
202605;A039;4;60;RECHAZADA;44;766850.26
202605;A039;4;80;ACREDITADO;1361;42853544.03
202605;A039;4;80;RECHAZADA;120;10980599.13
202605;A039;4;90;ACREDITADO;7970;144053206.13
202605;A039;4;90;DEVUELTA;1;9500
202605;A039;4;90;RECHAZADA;211;6322576.22
202605;A039;9;20;ACREDITADO;7097;130468897.56
202605;A039;9;20;RECHAZADA;60;2066550
202605;A040;1;40;ACREDITADO;887;182431275.14
202605;A041;9;20;ACREDITADO;3;1962156.61
202605;A042;9;20;ACREDITADO;6232;288908863.60
202605;A042;9;20;DEVUELTA;2;199985.32
202605;A042;9;20;RECHAZADA;178;7383074.42
202605;A045;1;40;ACREDITADO;1753;227197667.96
202605;A046;4;80;ACREDITADO;16;330000
202605;A046;4;80;RECHAZADA;1;15000
202605;A046;4;90;ACREDITADO;83;1694000
202605;A046;4;90;RECHAZADA;2;45000
202605;A046;9;20;ACREDITADO;671;23315504.49
202605;A046;9;20;RECHAZADA;2;64000
202605;A051;6;80;ACREDITADO;1;20000
202605;A051;6;80;RECHAZADA;1;20000
202605;A052;1;40;ACREDITADO;65;8730677.83
202605;A060;9;20;ACREDITADO;356;85735428.10
202605;A060;9;20;RECHAZADA;12;4534054.80
202605;A061;1;40;ACREDITADO;266;45941443.34
202605;A063;9;20;ACREDITADO;30;885440
202605;A063;9;20;RECHAZADA;4;152000
202605;A064;1;40;ACREDITADO;49;388000
202605;A065;9;20;ACREDITADO;3;187460
202605;A066;9;20;ACREDITADO;2423;222375322.75
202605;A066;9;20;RECHAZADA;125;26337563.96
202605;A069;1;40;ACREDITADO;7119;570492513.08
202605;A070;9;20;ACREDITADO;2096;309911700
202605;A070;9;20;DEVUELTA;49;6119200
202605;A070;9;20;RECHAZADA;62;9151100
202605;A071;6;80;ACREDITADO;41;5359090
202605;A071;6;80;RECHAZADA;18;2632355
202605;A071;6;90;ACREDITADO;23;2674100
202605;A071;6;90;RECHAZADA;9;1274130
202605;A072;6;80;ACREDITADO;26;3553744
202605;A072;6;80;RECHAZADA;25;5165352
202605;A072;6;90;ACREDITADO;35;4755520
202605;A072;6;90;RECHAZADA;2;123760
202605;A073;9;20;ACREDITADO;122;12805430
202605;A073;9;20;RECHAZADA;2;202070
202605;A076;9;20;ACREDITADO;3;1179022.89
202605;A077;6;90;ACREDITADO;5;360
202605;A078;9;20;ACREDITADO;648;120082221.78
202605;A078;9;20;DEVUELTA;44;3416035.43
202605;A078;9;20;RECHAZADA;14;3156508.25
202605;A080;1;40;ACREDITADO;1375;19647623
202605;A081;1;40;ACREDITADO;13;1281262.19
202605;A082;9;20;ACREDITADO;84;14143087.01
202605;A082;9;20;RECHAZADA;1;269000
202605;A084;1;40;ACREDITADO;3071;402237347.70
202605;A086;1;40;ACREDITADO;6;836000
202605;A087;1;40;ACREDITADO;2;2000000
202605;A088;1;40;ACREDITADO;8022;225433301.93
202605;A090;1;40;ACREDITADO;2046;394556021.63
202605;A094;9;20;ACREDITADO;442;5420966
202605;A094;9;20;RECHAZADA;10;91200
202605;A095;1;40;ACREDITADO;5825;176219251.13
202605;A096;1;40;ACREDITADO;1249;25011594.77
202605;A098;1;40;ACREDITADO;5788;419878355.61
202605;A099;1;40;ACREDITADO;1;100000
202605;A101;1;40;ACREDITADO;380;30599753.93
202605;A102;9;20;ACREDITADO;1;8250
202605;A103;9;20;ACREDITADO;14271;248033840.63
202605;A103;9;20;RECHAZADA;31;1149455.70
202605;A104;7;20;RECHAZADA;1;0.08
202605;A106;9;20;ACREDITADO;5;7548312.06
202605;A107;1;40;ACREDITADO;14;286831.94
202605;A108;9;20;ACREDITADO;9773;225399622.21
202605;A108;9;20;ENPROCESO;1;40100
202605;A108;9;20;RECHAZADA;41;1002534
202605;A110;1;40;ACREDITADO;4;6
202605;A111;9;20;ACREDITADO;3;6.08
202605;A114;1;40;ACREDITADO;24;2632940
202605;A115;1;40;ACREDITADO;2;4
202605;A116;6;60;ACREDITADO;149;3989922
202605;A116;6;60;DEVUELTA;4;44732
202605;A116;6;60;RECHAZADA;350;2720760
202605;A116;6;80;ACREDITADO;113;8960193
202605;A116;6;80;DEVUELTA;1;35960
202605;A116;6;80;RECHAZADA;154;23614758
202605;A116;6;90;ACREDITADO;74;2276451
202605;A116;6;90;DEVUELTA;16;203211
202605;A116;6;90;RECHAZADA;576;8331055
202605;A117;1;40;ACREDITADO;1;64200
202605;A117;9;20;ACREDITADO;2163;39217258.66
202605;A117;9;20;RECHAZADA;8;277250
202605;A121;1;40;ACREDITADO;1;1
202605;A125;1;40;ACREDITADO;1;7
202605;A126;9;20;ACREDITADO;1;15
202605;A127;7;20;ACREDITADO;13;288087.69
202605;A127;7;20;RECHAZADA;2;11858
202605;A127;7;40;DEVUELTA;1;605
202605;A127;7;60;ACREDITADO;2;38191.23
202605;A127;7;60;RECHAZADA;2;199408
202605;A127;7;80;ACREDITADO;8;366714.70
202605;A127;7;80;RECHAZADA;3;457924.50
202605;A127;7;90;ACREDITADO;2;105415.20
202605;A127;7;90;RECHAZADA;1;5929
202605;A129;1;40;ACREDITADO;1;21.05
202605;A129;7;20;ACREDITADO;1;21.02
202605;A129;7;40;ACREDITADO;1;40
202605;A129;7;90;RECHAZADA;2;42.09
202605;B;1;40;ACREDITADO;4;8
202605;B;4;10;ACREDITADO;2;370700
202605;B;4;10;RECHAZADA;3;1270000
202605;B;4;60;ACREDITADO;86;829304.37
202605;B;4;60;RECHAZADA;5;35224.99
202605;B;4;80;ACREDITADO;112;4509673.17
202605;B;4;80;RECHAZADA;7;244987.70
202605;B;4;90;ACREDITADO;893;15814427.80
202605;B;4;90;RECHAZADA;15;281924.44
202605;B;6;80;ACREDITADO;9;4600000
202605;B;6;80;DEVUELTA;1;120
202605;B;6;90;ACREDITADO;3;600000
202605;B;6;90;DEVUELTA;1;120
202605;B;6;90;RECHAZADA;6;1400000
202605;B;7;20;DEVUELTA;1;1
202605;B;7;40;ACREDITADO;3;8
202605;B;7;40;DEVUELTA;3;4
202605;B;7;80;DEVUELTA;1;100
202605;B;9;20;ACREDITADO;5235;241742542.55
202605;B;9;20;DEVUELTA;4;17.60
202605;B;9;20;RECHAZADA;31;487960.84
202605;C;9;20;ACREDITADO;19566;1988741811.40
202605;C;9;20;DEVUELTA;3;624374.40
202605;C;9;20;RECHAZADA;172;31203331.01
202605;D;9;20;ACREDITADO;2232;626616776.90
202605;D;9;20;RECHAZADA;84;38175137.30
202605;E;9;20;ACREDITADO;127;1201356
202605;F;9;20;ACREDITADO;1857;410753340.92
202605;F;9;20;RECHAZADA;95;37931735.45
202605;G;9;20;ACREDITADO;5202;153784434.20
202605;G;9;20;RECHAZADA;243;8376023.25
202605;H;9;20;ACREDITADO;353;1928022.82
202605;H;9;20;RECHAZADA;5;21200
202605;J;4;90;ACREDITADO;822;182056065.67
202605;J;4;90;RECHAZADA;34;10779470.53
202605;J;6;90;ACREDITADO;287;60212961.36
202605;J;6;90;RECHAZADA;73;22020442.64
202605;K;4;90;ACREDITADO;1687;353327516.03
202605;K;4;90;DEVUELTA;3;1046287.61
202605;K;4;90;RECHAZADA;186;46251532.32
202605;K;6;90;ACREDITADO;1114;223303587.34
202605;K;6;90;RECHAZADA;263;61224030.60
202605;N;9;20;ACREDITADO;3422;204926087.34
202605;N;9;20;RECHAZADA;50;2558964.67
202605;PMC;2;50;ACREDITADO;64307;7979570277.44
202605;Q;6;90;ACREDITADO;119;8233647.76
202605;Q;6;90;RECHAZADA;15;1117820.36
202605;R;9;20;ACREDITADO;11973;1411393745.23
202605;R;9;20;DEVUELTA;16;2097871.38
202605;R;9;20;RECHAZADA;270;89965928.25
202605;T;6;80;DEVUELTA;1;1000
202605;T;6;80;RECHAZADA;1;1000
202605;T;9;20;ACREDITADO;1;31500
202605;T;9;20;DEVUELTA;1;100
202605;U;4;60;ACREDITADO;3;416774.52
202605;U;4;90;ACREDITADO;66;9659988.73
202605;U;4;90;RECHAZADA;12;2812890.68
202605;U;6;90;ACREDITADO;60;8865794.91
202605;U;6;90;RECHAZADA;53;6388155.94
202605;V;9;20;ACREDITADO;348;52059353.97
202605;V;9;20;RECHAZADA;23;5173164.22
202605;VIRG;9;20;ACREDITADO;20;398490.37
202605;W;9;20;ACREDITADO;831;164718630.72
202605;W;9;20;RECHAZADA;9;1392667.59
202605;Y;6;90;ACREDITADO;402;60158072.02
202605;Y;6;90;RECHAZADA;108;22765704.05
202606;6;1;40;ACREDITADO;79;22829000
202606;6;6;90;ACREDITADO;2281;135354547.55
202606;6;6;90;RECHAZADA;384;40942494.01
202606;A009;1;40;ACREDITADO;565;93600476.23
202606;A012;9;20;ACREDITADO;128;21059676.80
202606;A012;9;20;DEVUELTA;2;225580
202606;A016;1;40;ACREDITADO;261;36885293.43
202606;A016;6;90;ACREDITADO;118;23509680.08
202606;A016;6;90;RECHAZADA;10;1306337.13
202606;A020;4;60;ACREDITADO;3;49700
202606;A020;4;80;ACREDITADO;7;127450
202606;A020;4;90;ACREDITADO;39;908134
202606;A022;9;20;ACREDITADO;158;1001845.11
202606;A022;9;20;RECHAZADA;2;3146
202606;A023;1;40;ACREDITADO;242;41082369.41
202606;A023;6;90;ACREDITADO;45;10178851.88
202606;A023;6;90;RECHAZADA;13;4867434.84
202606;A024;1;40;ACREDITADO;2013;416003022.51
202606;A024;6;80;ACREDITADO;105;25265070
202606;A024;6;80;RECHAZADA;199;56277700
202606;A024;6;90;ACREDITADO;246;53479670
202606;A024;6;90;RECHAZADA;152;49767880
202606;A025;6;90;ACREDITADO;36;6446798.29
202606;A025;6;90;RECHAZADA;10;3237997.43
202606;A026;9;20;ACREDITADO;3;11049748.22
202606;A027;9;20;ACREDITADO;6333;757831264.50
202606;A027;9;20;DEVUELTA;75;10099817
202606;A027;9;20;RECHAZADA;79;17667509
202606;A031;1;40;ACREDITADO;86;1225929.59
202606;A031;4;80;RECHAZADA;1;11199.99
202606;A031;9;20;ACREDITADO;65;966885.35
202606;A032;4;80;ACREDITADO;1;120
202606;A032;4;90;DEVUELTA;2;62
202606;A032;9;20;ACREDITADO;1;2
202606;A032;9;20;DEVUELTA;4;47
202606;A035;6;90;ACREDITADO;463;87075846.95
202606;A035;6;90;RECHAZADA;51;16832704.89
202606;A036;9;20;ACREDITADO;38;6278798.79
202606;A037;6;90;ACREDITADO;35;1882797
202606;A037;6;90;RECHAZADA;2;68400
202606;A038;1;40;ACREDITADO;26699;6291923126.45
202606;A038;6;80;ACREDITADO;76;27658822.02
202606;A038;6;80;RECHAZADA;270;175426363.64
202606;A039;1;40;ACREDITADO;852;18107188.43
202606;A039;4;60;ACREDITADO;705;12185995.20
202606;A039;4;60;RECHAZADA;33;719786.06
202606;A039;4;80;ACREDITADO;1405;42839072.03
202606;A039;4;80;RECHAZADA;112;9895823.40
202606;A039;4;90;ACREDITADO;8398;154743210.22
202606;A039;4;90;DEVUELTA;2;54998
202606;A039;4;90;RECHAZADA;198;8473457.86
202606;A039;9;20;ACREDITADO;7161;144278051.63
202606;A039;9;20;RECHAZADA;39;460340
202606;A040;1;40;ACREDITADO;791;180863960.73
202606;A041;9;20;ACREDITADO;6;1128980.30
202606;A042;9;20;ACREDITADO;6535;312273432.89
202606;A042;9;20;DEVUELTA;5;185091.18
202606;A042;9;20;RECHAZADA;29;1197723.24
202606;A045;1;40;ACREDITADO;12923;1967115800.02
202606;A046;4;80;ACREDITADO;12;343000
202606;A046;4;90;ACREDITADO;86;1822500
202606;A046;9;20;ACREDITADO;833;29091266.43
202606;A046;9;20;RECHAZADA;4;96000
202606;A052;1;40;ACREDITADO;126;19458085.76
202606;A060;9;20;ACREDITADO;388;96233872.28
202606;A060;9;20;DEVUELTA;1;380000
202606;A060;9;20;RECHAZADA;1;320007.29
202606;A061;1;40;ACREDITADO;658;103922593.14
202606;A063;9;20;ACREDITADO;22;1099000
202606;A064;1;40;ACREDITADO;43;667000
202606;A065;4;80;ACREDITADO;1;72700
202606;A065;4;80;RECHAZADA;2;246512.80
202606;A065;9;20;ACREDITADO;2;216070
202606;A066;9;20;ACREDITADO;3253;192594048.49
202606;A066;9;20;RECHAZADA;33;6976144.51
202606;A069;1;40;ACREDITADO;8416;698700051.97
202606;A070;9;20;ACREDITADO;2499;377131800
202606;A070;9;20;DEVUELTA;75;9393800
202606;A070;9;20;RECHAZADA;52;10633900
202606;A071;6;60;ACREDITADO;2;196625
202606;A071;6;80;ACREDITADO;23;3286965
202606;A071;6;80;RECHAZADA;15;1834360
202606;A071;6;90;ACREDITADO;18;2046715
202606;A071;6;90;RECHAZADA;2;196625
202606;A072;6;80;ACREDITADO;108;17807032
202606;A072;6;80;RECHAZADA;94;16336820
202606;A072;6;90;ACREDITADO;159;22969608
202606;A072;6;90;RECHAZADA;34;6517160
202606;A073;9;20;ACREDITADO;117;11567291.21
202606;A073;9;20;RECHAZADA;1;98010
202606;A074;1;40;ACREDITADO;12;4113330.99
202606;A076;9;20;ACREDITADO;109;18163473.01
202606;A077;6;90;ACREDITADO;3;140
202606;A078;9;20;ACREDITADO;1095;247899111.70
202606;A078;9;20;DEVUELTA;76;12323649.37
202606;A078;9;20;RECHAZADA;17;7988301.94
202606;A079;9;20;ACREDITADO;14;952808.53
202606;A080;1;40;ACREDITADO;1245;18172843.20
202606;A081;1;40;ACREDITADO;18;1469030.68
202606;A082;9;20;ACREDITADO;157;33252280
202606;A082;9;20;RECHAZADA;13;4816300
202606;A084;1;40;ACREDITADO;3883;523407689.21
202606;A086;1;40;ACREDITADO;26;5659199.04
202606;A087;1;40;ACREDITADO;111;14527133.18
202606;A088;1;40;ACREDITADO;9781;307547746.35
202606;A090;1;40;ACREDITADO;5165;1113111908.66
202606;A094;9;20;ACREDITADO;544;6832094
202606;A095;1;40;ACREDITADO;6565;142499273.52
202606;A096;1;40;ACREDITADO;1746;25152329.01
202606;A098;1;40;ACREDITADO;5943;433121735.34
202606;A099;1;40;ACREDITADO;1;160000
202606;A101;1;40;ACREDITADO;1014;82419982.40
202606;A103;7;20;ACREDITADO;3;207300
202606;A103;7;60;RECHAZADA;1;21500
202606;A103;7;80;ACREDITADO;2;145003.32
202606;A103;7;80;RECHAZADA;1;85198
202606;A103;7;90;ACREDITADO;1;64300
202606;A103;9;20;ACREDITADO;15683;314499982.61
202606;A103;9;20;RECHAZADA;148;3006723
202606;A104;7;20;ACREDITADO;1;0.10
202606;A104;7;40;ACREDITADO;1;0.16
202606;A105;1;40;ACREDITADO;1;1
202606;A107;1;40;ACREDITADO;7;375134.30
202606;A108;9;20;ACREDITADO;17879;389170716.03
202606;A108;9;20;RECHAZADA;70;1323232
202606;A114;1;40;ACREDITADO;22;1503994
202606;A115;1;40;ACREDITADO;5;12
202606;A116;1;40;ACREDITADO;5;17248
202606;A116;6;60;ACREDITADO;241;2799945
202606;A116;6;60;RECHAZADA;374;2926742
202606;A116;6;80;ACREDITADO;163;7127328
202606;A116;6;80;RECHAZADA;133;8471007
202606;A116;6;90;ACREDITADO;119;2410166
202606;A116;6;90;RECHAZADA;53;1655934
202606;A117;9;20;ACREDITADO;2403;49923115.73
202606;A117;9;20;RECHAZADA;24;484710
202606;A121;1;40;ACREDITADO;2;4
202606;A123;1;40;ACREDITADO;1;1
202606;A127;7;20;ACREDITADO;10;300682.58
202606;A127;7;40;ACREDITADO;12;263305.68
202606;A127;7;60;ACREDITADO;2;31460
202606;A127;7;60;DEVUELTA;1;20086
202606;A127;7;60;RECHAZADA;1;17126.34
202606;A127;7;80;ACREDITADO;6;297367.18
202606;A127;7;80;RECHAZADA;1;19239
202606;A127;7;90;ACREDITADO;4;246452.80
202606;A127;7;90;RECHAZADA;1;91524.40
202606;A128;9;20;ACREDITADO;1;8171.05
202606;A130;9;20;ACREDITADO;5;36
202606;B;1;40;ACREDITADO;1;2
202606;B;4;10;ACREDITADO;4;179852.01
202606;B;4;10;RECHAZADA;1;96227.49
202606;B;4;60;ACREDITADO;82;907501.91
202606;B;4;60;RECHAZADA;2;1200
202606;B;4;80;ACREDITADO;113;5580412.52
202606;B;4;80;RECHAZADA;10;344435.95
202606;B;4;90;ACREDITADO;845;19405864.57
202606;B;4;90;RECHAZADA;21;409007.25
202606;B;6;80;ACREDITADO;7;3100000
202606;B;6;80;DEVUELTA;2;240
202606;B;6;80;RECHAZADA;4;1800000
202606;B;6;90;ACREDITADO;5;400324
202606;B;6;90;DEVUELTA;2;240
202606;B;6;90;RECHAZADA;6;1300000
202606;B;7;20;ACREDITADO;1;1
202606;B;7;40;ACREDITADO;3;4.10
202606;B;7;40;DEVUELTA;1;1
202606;B;7;80;ACREDITADO;1;100
202606;B;7;80;RECHAZADA;1;100
202606;B;9;20;ACREDITADO;6013;281079738.21
202606;B;9;20;DEVUELTA;2;8.80
202606;B;9;20;RECHAZADA;23;378974.96
202606;C;9;20;ACREDITADO;31338;3770934924.78
202606;C;9;20;DEVUELTA;18;9273662.73
202606;C;9;20;RECHAZADA;263;52773754.32
202606;D;9;20;ACREDITADO;15680;4725414050.01
202606;D;9;20;RECHAZADA;354;140725640.94
202606;E;9;20;ACREDITADO;184;1679475.99
202606;F;9;20;ACREDITADO;2808;622631232.05
202606;F;9;20;RECHAZADA;149;67143532.43
202606;G;9;20;ACREDITADO;6150;190274522.19
202606;G;9;20;RECHAZADA;86;4997197.17
202606;H;9;20;ACREDITADO;400;2389615
202606;H;9;20;RECHAZADA;5;37000
202606;J;4;90;ACREDITADO;1651;409614989.67
202606;J;4;90;RECHAZADA;56;19541374.30
202606;J;6;90;ACREDITADO;976;222462190.25
202606;J;6;90;RECHAZADA;186;56044163.08
202606;K;4;90;ACREDITADO;2336;512912138.08
202606;K;4;90;DEVUELTA;4;571791.21
202606;K;4;90;RECHAZADA;273;86054153.81
202606;K;6;80;ACREDITADO;3;554988.98
202606;K;6;90;ACREDITADO;2172;493762526.67
202606;K;6;90;RECHAZADA;490;146265456.16
202606;N;9;20;ACREDITADO;5199;311506226.45
202606;N;9;20;RECHAZADA;37;9209957.64
202606;PMC;2;50;ACREDITADO;147137;16164519142.64
202606;Q;6;90;ACREDITADO;328;20291652.80
202606;Q;6;90;RECHAZADA;35;2909808.54
202606;R;9;20;ACREDITADO;19075;2327652388.64
202606;R;9;20;DEVUELTA;22;1512679.28
202606;R;9;20;RECHAZADA;521;141201754.33
202606;T;6;80;ACREDITADO;1;201
202606;T;6;80;DEVUELTA;7;1407
202606;T;6;80;RECHAZADA;2;42
202606;T;9;20;DEVUELTA;6;537.12
202606;U;4;60;ACREDITADO;7;587242.58
202606;U;4;90;ACREDITADO;151;19391230.16
202606;U;4;90;RECHAZADA;37;7788504.87
202606;U;6;90;ACREDITADO;168;28036627.61
202606;U;6;90;RECHAZADA;29;4671119.36
202606;V;9;20;ACREDITADO;668;87506595.29
202606;V;9;20;RECHAZADA;61;18606877.13
202606;VIRG;9;20;ACREDITADO;8;146556
202606;VIRG;9;20;RECHAZADA;1;47518
202606;W;9;20;ACREDITADO;2214;461609068.75
202606;W;9;20;RECHAZADA;19;5535524.81
202606;Y;6;90;ACREDITADO;1308;170176391.78
202606;Y;6;90;RECHAZADA;251;43278257.16
202607;6;1;40;ACREDITADO;34;5313790
202607;6;6;90;ACREDITADO;2347;138639101.61
202607;6;6;90;RECHAZADA;509;54984680.54
202607;A009;1;40;ACREDITADO;1063;172915272.42
202607;A012;9;20;ACREDITADO;194;33584320.79
202607;A012;9;20;RECHAZADA;1;90560.24
202607;A016;1;40;ACREDITADO;401;65401814.83
202607;A016;6;90;ACREDITADO;146;28886374.73
202607;A016;6;90;RECHAZADA;24;4440561.49
202607;A017;9;20;ACREDITADO;2;3
202607;A020;4;60;ACREDITADO;3;17000
202607;A020;4;80;ACREDITADO;5;110100
202607;A020;4;90;ACREDITADO;30;628130
202607;A020;9;20;ACREDITADO;1;35200
202607;A022;9;20;ACREDITADO;149;965211
202607;A023;1;40;ACREDITADO;560;88251031.67
202607;A023;6;90;ACREDITADO;98;18807750.78
202607;A023;6;90;RECHAZADA;96;36179768.06
202607;A024;1;40;ACREDITADO;1069;195263558.20
202607;A024;6;80;ACREDITADO;73;15515180
202607;A024;6;80;RECHAZADA;150;38381540
202607;A024;6;90;ACREDITADO;126;28701330
202607;A024;6;90;RECHAZADA;194;90317760
202607;A025;6;90;ACREDITADO;31;5221536.12
202607;A025;6;90;RECHAZADA;3;4255890.72
202607;A027;9;20;ACREDITADO;5745;736638481
202607;A027;9;20;DEVUELTA;8;615405
202607;A027;9;20;RECHAZADA;89;19395256
202607;A031;1;40;ACREDITADO;34;746240.31
202607;A031;9;20;ACREDITADO;35;477630.50
202607;A032;4;80;DEVUELTA;5;600
202607;A032;4;90;DEVUELTA;2;27
202607;A032;4;90;RECHAZADA;1;7
202607;A032;7;20;DEVUELTA;1;1
202607;A032;9;20;ACREDITADO;4;9
202607;A032;9;20;DEVUELTA;3;18
202607;A035;6;90;ACREDITADO;372;90405534.36
202607;A035;6;90;RECHAZADA;112;43398643.39
202607;A036;9;20;ACREDITADO;97;18454015.04
202607;A037;6;90;ACREDITADO;60;4147335.38
202607;A037;6;90;RECHAZADA;12;1163418.17
202607;A038;1;40;ACREDITADO;22377;5129097227.99
202607;A038;6;80;ACREDITADO;1055;182912295.96
202607;A038;6;80;RECHAZADA;1837;485049354.78
202607;A039;1;40;ACREDITADO;944;18676413.70
202607;A039;4;60;ACREDITADO;815;14775713.80
202607;A039;4;60;RECHAZADA;48;1695971.27
202607;A039;4;80;ACREDITADO;1351;42045672.05
202607;A039;4;80;DEVUELTA;1;36599.94
202607;A039;4;80;RECHAZADA;133;9159952.25
202607;A039;4;90;ACREDITADO;8591;154750660.30
202607;A039;4;90;DEVUELTA;2;71200
202607;A039;4;90;RECHAZADA;183;6366972.68
202607;A039;9;20;ACREDITADO;9004;180137352.69
202607;A039;9;20;RECHAZADA;19;553440
202607;A040;1;40;ACREDITADO;1110;231532722.87
202607;A041;9;20;ACREDITADO;3;965071.36
202607;A042;9;20;ACREDITADO;6063;311895058.79
202607;A042;9;20;RECHAZADA;38;2021144.34
202607;A045;1;40;ACREDITADO;13806;2051300433.93
202607;A046;4;80;ACREDITADO;16;357000
202607;A046;4;80;RECHAZADA;2;34000
202607;A046;4;90;ACREDITADO;91;2316000
202607;A046;9;20;ACREDITADO;793;28060149.97
202607;A046;9;20;DEVUELTA;1;24000
202607;A046;9;20;RECHAZADA;5;139000
202607;A051;6;80;RECHAZADA;2;266212
202607;A052;1;40;ACREDITADO;113;16639215.68
202607;A053;9;20;ACREDITADO;1;1
202607;A060;9;20;ACREDITADO;378;109533630.47
202607;A060;9;20;RECHAZADA;2;1599994.39
202607;A061;1;40;ACREDITADO;928;127350659.84
202607;A063;9;20;ACREDITADO;25;988900
202607;A064;1;40;ACREDITADO;56;682000
202607;A065;4;80;RECHAZADA;3;4000000
202607;A066;9;20;ACREDITADO;3748;272054357.96
202607;A066;9;20;RECHAZADA;46;17465260.31
202607;A069;1;40;ACREDITADO;8605;730354386.82
202607;A070;9;20;ACREDITADO;2710;434695800
202607;A070;9;20;DEVUELTA;66;14770400
202607;A070;9;20;RECHAZADA;39;10302100
202607;A071;6;80;ACREDITADO;32;4012360
202607;A071;6;80;RECHAZADA;40;5152785
202607;A071;6;90;ACREDITADO;27;3069770
202607;A071;6;90;RECHAZADA;14;1747845
202607;A072;6;80;ACREDITADO;136;21669308
202607;A072;6;80;RECHAZADA;84;17600268
202607;A072;6;90;ACREDITADO;192;29310576
202607;A072;6;90;RECHAZADA;64;11585904
202607;A073;9;20;ACREDITADO;129;12817046
202607;A074;1;40;ACREDITADO;16;6605013.90
202607;A076;9;20;ACREDITADO;63;13857484.80
202607;A076;9;20;RECHAZADA;2;309810
202607;A078;9;20;ACREDITADO;700;116627843.10
202607;A078;9;20;DEVUELTA;35;1395175.88
202607;A078;9;20;RECHAZADA;4;1690000
202607;A079;9;20;ACREDITADO;3;13300
202607;A080;1;40;ACREDITADO;363;5776760
202607;A081;1;40;ACREDITADO;20;2375397.38
202607;A082;9;20;ACREDITADO;140;37814527
202607;A082;9;20;RECHAZADA;16;7825999.99
202607;A084;1;40;ACREDITADO;5239;668213561.58
202607;A086;1;40;ACREDITADO;41;8710548.24
202607;A087;1;40;ACREDITADO;200;30286472.73
202607;A088;1;40;ACREDITADO;9291;302639494.37
202607;A090;1;40;ACREDITADO;8721;1914272853.37
202607;A094;9;20;ACREDITADO;546;6417310
202607;A094;9;20;RECHAZADA;1;6850
202607;A095;1;40;ACREDITADO;6712;166708533.77
202607;A096;1;40;ACREDITADO;1589;24038599.13
202607;A098;1;40;ACREDITADO;5935;451152109.52
202607;A099;1;40;ACREDITADO;3;1258000
202607;A101;1;40;ACREDITADO;1084;89774711.67
202607;A102;9;20;ACREDITADO;6;24230.96
202607;A102;9;20;DEVUELTA;1;1000
202607;A103;7;20;ACREDITADO;14;915016.27
202607;A103;7;60;RECHAZADA;2;66840
202607;A103;7;80;ACREDITADO;7;396057
202607;A103;7;80;RECHAZADA;4;951975
202607;A103;7;90;ACREDITADO;1;26400
202607;A103;7;90;RECHAZADA;6;173671
202607;A103;9;20;ACREDITADO;15795;320840884.98
202607;A103;9;20;RECHAZADA;53;1062313
202607;A104;1;40;ACREDITADO;5;3.25
202607;A104;7;20;ACREDITADO;19;9.04
202607;A104;7;40;ACREDITADO;7;11.96
202607;A107;1;40;ACREDITADO;8;60767.90
202607;A108;9;20;ACREDITADO;21542;446222418.87
202607;A108;9;20;RECHAZADA;101;2711087
202607;A110;1;40;ACREDITADO;1;100
202607;A114;1;40;ACREDITADO;103;6330099
202607;A115;1;40;ACREDITADO;1;2
202607;A116;1;40;ACREDITADO;393;10035852.99
202607;A116;6;60;ACREDITADO;194;1800099
202607;A116;6;60;RECHAZADA;314;4290495
202607;A116;6;80;ACREDITADO;102;11272073
202607;A116;6;80;RECHAZADA;181;28293175
202607;A116;6;90;ACREDITADO;74;2439495
202607;A116;6;90;RECHAZADA;32;2045681
202607;A117;9;20;ACREDITADO;2356;47481269.45
202607;A117;9;20;RECHAZADA;12;237520
202607;A121;1;40;ACREDITADO;6;257066.88
202607;A123;1;40;ACREDITADO;3;6
202607;A127;7;20;ACREDITADO;7;871788.06
202607;A127;7;20;DEVUELTA;1;7003.48
202607;A127;7;40;ACREDITADO;7;172788.89
202607;A127;7;40;DEVUELTA;1;7502
202607;A127;7;60;ACREDITADO;3;34753.62
202607;A127;7;80;ACREDITADO;8;1223925.89
202607;A127;7;80;RECHAZADA;6;1532721.52
202607;A127;7;90;ACREDITADO;2;107406.86
202607;A127;7;90;RECHAZADA;1;36659.37
202607;A131;1;40;ACREDITADO;4;80006
202607;A132;6;60;DEVUELTA;1;121
202607;A132;6;60;RECHAZADA;3;367
202607;A132;6;80;ACREDITADO;2;126015.25
202607;A132;6;80;DEVUELTA;4;455
202607;A132;6;80;RECHAZADA;8;225124.83
202607;A132;6;90;RECHAZADA;1;1
202607;A132;9;20;ACREDITADO;3;82473.54
202607;A132;9;20;RECHAZADA;1;300
202607;B;1;40;ACREDITADO;1;2
202607;B;4;10;ACREDITADO;2;135400
202607;B;4;60;ACREDITADO;84;1166229.65
202607;B;4;60;RECHAZADA;3;46798
202607;B;4;80;ACREDITADO;110;5568161.94
202607;B;4;80;RECHAZADA;5;306624.46
202607;B;4;90;ACREDITADO;870;21849722.44
202607;B;4;90;DEVUELTA;1;42000
202607;B;4;90;RECHAZADA;18;493047.89
202607;B;6;80;ACREDITADO;1;500000
202607;B;6;80;DEVUELTA;2;240
202607;B;6;80;RECHAZADA;6;2500100
202607;B;6;90;ACREDITADO;1;102
202607;B;6;90;DEVUELTA;3;360
202607;B;6;90;RECHAZADA;4;800000
202607;B;7;40;ACREDITADO;3;11.50
202607;B;7;40;DEVUELTA;1;1
202607;B;7;80;DEVUELTA;1;100
202607;B;9;20;ACREDITADO;6096;295628506.93
202607;B;9;20;DEVUELTA;5;22
202607;B;9;20;RECHAZADA;22;1714445.97
202607;C;9;20;ACREDITADO;34952;4228723712.38
202607;C;9;20;DEVUELTA;5;326943.44
202607;C;9;20;RECHAZADA;310;56713923.03
202607;D;9;20;ACREDITADO;9224;2617892900.97
202607;D;9;20;RECHAZADA;201;81018241.98
202607;E;9;20;ACREDITADO;181;1725713
202607;F;9;20;ACREDITADO;4054;893398608.39
202607;F;9;20;RECHAZADA;194;91459117.23
202607;G;9;20;ACREDITADO;6110;192442073.41
202607;G;9;20;RECHAZADA;85;7523744.70
202607;H;9;20;ACREDITADO;205;1141236
202607;J;4;60;ACREDITADO;1;111911.98
202607;J;4;90;ACREDITADO;2366;546034595.18
202607;J;4;90;RECHAZADA;132;38934911.34
202607;J;6;90;ACREDITADO;1321;286506656.77
202607;J;6;90;RECHAZADA;287;75222939.67
202607;K;4;90;ACREDITADO;3209;684548381.71
202607;K;4;90;DEVUELTA;3;405152.30
202607;K;4;90;RECHAZADA;357;93203864.19
202607;K;6;90;ACREDITADO;2667;573105303.60
202607;K;6;90;RECHAZADA;628;186367581.58
202607;N;9;20;ACREDITADO;5048;293608574.64
202607;N;9;20;RECHAZADA;31;3265845.60
202607;PMC;2;50;ACREDITADO;158795;23090224602.72
202607;Q;6;90;ACREDITADO;318;17945663.81
202607;Q;6;90;RECHAZADA;58;3470034.21
202607;R;9;20;ACREDITADO;20446;2539183573.28
202607;R;9;20;DEVUELTA;21;1454549.01
202607;R;9;20;RECHAZADA;512;156055715.59
202607;T;6;90;DEVUELTA;1;101
202607;T;9;20;DEVUELTA;2;28
202607;U;4;60;ACREDITADO;25;3525984.42
202607;U;4;90;ACREDITADO;222;30446169.41
202607;U;4;90;RECHAZADA;37;7044232.60
202607;U;6;90;ACREDITADO;304;48295385.32
202607;U;6;90;RECHAZADA;197;18254845.61
202607;V;9;20;ACREDITADO;822;120894826.64
202607;V;9;20;RECHAZADA;39;20562271.65
202607;VIRG;9;20;ACREDITADO;33;495177.78
202607;VIRG;9;20;RECHAZADA;1;2500
202607;W;9;20;ACREDITADO;4024;881155476.99
202607;W;9;20;RECHAZADA;40;17043981.55
202607;Y;6;90;ACREDITADO;1321;177007035.17
202607;Y;6;90;RECHAZADA;291;42279044.96
202607;Z;9;20;ACREDITADO;1;15
202608;6;1;40;ACREDITADO;53;11423000
202608;6;6;90;ACREDITADO;1280;73109620.80
202608;6;6;90;RECHAZADA;348;27525057.75
202608;A009;1;40;ACREDITADO;393;59657393.06
202608;A012;9;20;ACREDITADO;45;5539261.79
202608;A016;1;40;ACREDITADO;136;16275725.22
202608;A016;6;90;ACREDITADO;36;4335628.28
202608;A016;6;90;RECHAZADA;7;628345.97
202608;A020;4;60;ACREDITADO;2;28000
202608;A020;4;80;ACREDITADO;3;72700
202608;A020;4;90;ACREDITADO;10;160100
202608;A022;9;20;ACREDITADO;48;296661
202608;A022;9;20;RECHAZADA;2;3760
202608;A023;1;40;ACREDITADO;280;48454249.03
202608;A023;6;90;ACREDITADO;39;7324115.88
202608;A023;6;90;RECHAZADA;13;2540428.59
202608;A024;1;40;ACREDITADO;463;86003758.22
202608;A024;6;80;ACREDITADO;23;4186230
202608;A024;6;80;RECHAZADA;72;32350790
202608;A024;6;90;ACREDITADO;54;10882190
202608;A024;6;90;RECHAZADA;261;158329020
202608;A025;1;40;ACREDITADO;1;152000.06
202608;A025;6;90;ACREDITADO;23;6471498.13
202608;A025;6;90;RECHAZADA;6;1249820.83
202608;A027;9;20;ACREDITADO;4305;565522317
202608;A027;9;20;RECHAZADA;50;8315891
202608;A031;1;40;ACREDITADO;31;717498.63
202608;A031;9;20;ACREDITADO;44;534288.84
202608;A032;4;80;DEVUELTA;1;120
202608;A032;4;90;DEVUELTA;1;15
202608;A032;9;20;ACREDITADO;2;4
202608;A035;6;90;ACREDITADO;90;28575190.89
202608;A035;6;90;RECHAZADA;60;27109072.53
202608;A036;9;20;ACREDITADO;94;17431119.46
202608;A037;6;90;ACREDITADO;13;1456602.19
202608;A037;6;90;RECHAZADA;2;273445.44
202608;A038;1;40;ACREDITADO;7393;1662647176.69
202608;A038;6;80;ACREDITADO;364;84628004.17
202608;A038;6;80;RECHAZADA;1170;371996873.93
202608;A039;1;40;ACREDITADO;847;18611561.31
202608;A039;4;60;ACREDITADO;949;17098762.27
202608;A039;4;60;RECHAZADA;51;1128198
202608;A039;4;80;ACREDITADO;1629;54080055.35
202608;A039;4;80;RECHAZADA;195;16003299.40
202608;A039;4;90;ACREDITADO;9270;170149293.95
202608;A039;4;90;DEVUELTA;1;17000
202608;A039;4;90;RECHAZADA;246;7093618.21
202608;A039;9;20;ACREDITADO;9680;198324939.49
202608;A039;9;20;RECHAZADA;27;919400
202608;A040;1;40;ACREDITADO;809;185928968.93
202608;A041;9;20;ACREDITADO;1;52487.38
202608;A042;9;20;ACREDITADO;6688;338789337.95
202608;A042;9;20;RECHAZADA;36;2502214.20
202608;A045;1;40;ACREDITADO;6054;888913387.65
202608;A046;4;80;ACREDITADO;16;435500
202608;A046;4;90;ACREDITADO;52;1130500
202608;A046;9;20;ACREDITADO;640;24790635.97
202608;A046;9;20;RECHAZADA;1;51000
202608;A051;6;80;ACREDITADO;1;258920
202608;A051;6;80;RECHAZADA;13;2369352
202608;A051;6;90;ACREDITADO;2;432014
202608;A051;6;90;RECHAZADA;4;8848421
202608;A052;1;40;ACREDITADO;132;18621876.94
202608;A060;9;20;ACREDITADO;386;83350451.64
202608;A060;9;20;RECHAZADA;1;25997.11
202608;A061;1;40;ACREDITADO;324;53804978.86
202608;A063;9;20;ACREDITADO;29;1400950
202608;A063;9;20;RECHAZADA;1;20000
202608;A064;1;40;ACREDITADO;66;758500
202608;A065;9;20;ACREDITADO;1;30000
202608;A066;9;20;ACREDITADO;1786;113747881.87
202608;A066;9;20;RECHAZADA;24;8942436.24
202608;A067;9;20;ACREDITADO;1;4000
202608;A069;1;40;ACREDITADO;7016;526152237.49
202608;A070;9;20;ACREDITADO;2136;307496400
202608;A070;9;20;DEVUELTA;47;7358200
202608;A070;9;20;RECHAZADA;42;9322200
202608;A071;6;60;ACREDITADO;1;141570
202608;A071;6;60;RECHAZADA;1;96800
202608;A071;6;80;ACREDITADO;23;3289385
202608;A071;6;80;RECHAZADA;34;4620385
202608;A071;6;90;ACREDITADO;15;1683715
202608;A071;6;90;RECHAZADA;19;2215510
202608;A072;6;80;ACREDITADO;58;9836488
202608;A072;6;80;RECHAZADA;80;15882136
202608;A072;6;90;ACREDITADO;46;6184628
202608;A072;6;90;RECHAZADA;8;1391760
202608;A073;9;20;ACREDITADO;109;11632335
202608;A077;6;80;ACREDITADO;1;750000
202608;A077;6;80;RECHAZADA;5;3750000
202608;A078;9;20;ACREDITADO;551;85112061.28
202608;A078;9;20;DEVUELTA;26;1558924.76
202608;A078;9;20;RECHAZADA;6;203899.80
202608;A079;9;20;ACREDITADO;4;250772.20
202608;A080;1;40;ACREDITADO;1965;32704121
202608;A081;1;40;ACREDITADO;11;793191.46
202608;A082;9;20;ACREDITADO;112;25795116.46
202608;A082;9;20;RECHAZADA;2;325000
202608;A084;1;40;ACREDITADO;2251;265796568.65
202608;A086;1;40;ACREDITADO;10;1736852.66
202608;A087;1;40;ACREDITADO;184;26030303.35
202608;A088;1;40;ACREDITADO;8318;258577656.36
202608;A090;1;40;ACREDITADO;2665;489602871.24
202608;A094;9;20;ACREDITADO;443;5000920
202608;A094;9;20;RECHAZADA;3;14300
202608;A095;1;40;ACREDITADO;6314;202545866.05
202608;A096;1;40;ACREDITADO;1388;24558616.08
202608;A098;1;40;ACREDITADO;6362;575732379.71
202608;A099;1;40;ACREDITADO;1;205000
202608;A101;1;40;ACREDITADO;337;24275050.84
202608;A103;7;20;ACREDITADO;2;9101
202608;A103;7;80;ACREDITADO;2;77699
202608;A103;7;80;RECHAZADA;2;77699
202608;A103;7;90;ACREDITADO;2;133100
202608;A103;7;90;RECHAZADA;3;72900
202608;A103;9;20;ACREDITADO;11794;216348282.65
202608;A103;9;20;RECHAZADA;68;1302520.48
202608;A104;7;20;ACREDITADO;21;2.54
202608;A104;7;40;ACREDITADO;19;7.90
202608;A107;1;40;ACREDITADO;5;25249.38
202608;A108;9;20;ACREDITADO;18818;411712127.01
202608;A108;9;20;RECHAZADA;87;2653580.92
202608;A111;9;20;ACREDITADO;2;2591.38
202608;A114;1;40;ACREDITADO;169;8889517
202608;A116;1;40;ACREDITADO;756;9060030.59
202608;A116;6;60;ACREDITADO;7;542344
202608;A116;6;60;RECHAZADA;9;1073115
202608;A116;6;80;ACREDITADO;18;2043696
202608;A116;6;80;RECHAZADA;39;7756347
202608;A116;6;90;ACREDITADO;6;977482
202608;A116;6;90;RECHAZADA;6;560289
202608;A117;9;20;ACREDITADO;1894;35106438.57
202608;A117;9;20;RECHAZADA;14;251750
202608;A125;1;40;ACREDITADO;1;1250
202608;A127;7;20;ACREDITADO;6;176641.85
202608;A127;7;20;DEVUELTA;1;130680
202608;A127;7;40;ACREDITADO;6;95894.75
202608;A127;7;60;ACREDITADO;1;5082
202608;A127;7;80;ACREDITADO;3;205409.60
202608;A127;7;80;RECHAZADA;4;335983.12
202608;A127;7;90;ACREDITADO;3;123951.19
202608;A132;6;80;ACREDITADO;2190;212310114.46
202608;A132;6;80;RECHAZADA;1355;340064593.33
202608;A132;6;90;ACREDITADO;3239;248522418.01
202608;A132;6;90;RECHAZADA;612;77588093.01
202608;A132;9;20;ACREDITADO;1622;144988720.06
202608;A132;9;20;RECHAZADA;45;21827422.41
202608;B;1;40;ACREDITADO;2;4
202608;B;4;60;ACREDITADO;85;996647.27
202608;B;4;60;RECHAZADA;4;230660
202608;B;4;80;ACREDITADO;107;4657219.83
202608;B;4;80;RECHAZADA;7;659199.99
202608;B;4;90;ACREDITADO;682;16059910.59
202608;B;4;90;DEVUELTA;1;48000
202608;B;4;90;RECHAZADA;17;217306.87
202608;B;6;80;DEVUELTA;1;120
202608;B;6;80;RECHAZADA;3;1300000
202608;B;6;90;DEVUELTA;1;120
202608;B;6;90;RECHAZADA;1;200000
202608;B;7;40;ACREDITADO;2;1
202608;B;7;40;DEVUELTA;1;1
202608;B;7;80;RECHAZADA;1;1
202608;B;9;20;ACREDITADO;4253;190060129.28
202608;B;9;20;DEVUELTA;1;4.40
202608;B;9;20;RECHAZADA;13;507120.50
202608;C;9;20;ACREDITADO;19782;2077324120.32
202608;C;9;20;DEVUELTA;1;49212
202608;C;9;20;RECHAZADA;188;33116036.65
202608;D;9;20;ACREDITADO;2092;530540835.90
202608;D;9;20;RECHAZADA;34;11896846.75
202608;E;9;20;ACREDITADO;55;488479
202608;E;9;20;RECHAZADA;4;34076
202608;F;9;20;ACREDITADO;2625;556003389.37
202608;F;9;20;RECHAZADA;111;45844521.83
202608;G;9;20;ACREDITADO;4950;155852086.24
202608;G;9;20;RECHAZADA;96;4380369.90
202608;H;9;20;ACREDITADO;35;192130
202608;J;4;60;RECHAZADA;1;96503.61
202608;J;4;90;ACREDITADO;581;116236063.36
202608;J;4;90;RECHAZADA;41;12713319.23
202608;J;6;90;ACREDITADO;357;71133393.03
202608;J;6;90;RECHAZADA;184;56557090.31
202608;K;4;90;ACREDITADO;1926;380930429.50
202608;K;4;90;RECHAZADA;195;45472086.28
202608;K;6;90;ACREDITADO;1431;269527610.65
202608;K;6;90;RECHAZADA;505;118776870.57
202608;N;9;20;ACREDITADO;2979;165793329.36
202608;N;9;20;RECHAZADA;33;1810077.05
202608;PMC;2;50;ACREDITADO;78342;10507442730.55
202608;Q;6;90;ACREDITADO;108;5882230.58
202608;Q;6;90;RECHAZADA;16;709713.28
202608;R;9;20;ACREDITADO;11009;1321048282.92
202608;R;9;20;DEVUELTA;25;1425956.66
202608;R;9;20;RECHAZADA;285;72370264.63
202608;T;1;40;ACREDITADO;1;1
202608;U;4;60;ACREDITADO;3;333073.67
202608;U;4;90;ACREDITADO;49;7214809.93
202608;U;4;90;RECHAZADA;14;2146304.99
202608;U;6;90;ACREDITADO;110;14062741.05
202608;U;6;90;RECHAZADA;84;10244846.65
202608;V;9;20;ACREDITADO;272;38766585.41
202608;V;9;20;DEVUELTA;1;80000
202608;V;9;20;RECHAZADA;12;5027687.89
202608;VIRG;9;20;ACREDITADO;76;996270
202608;W;9;20;ACREDITADO;1132;222250005.56
202608;W;9;20;RECHAZADA;10;2374675.19
202608;Y;6;90;ACREDITADO;433;53041296.70
202608;Y;6;90;RECHAZADA;157;17015618.48
202609;6;1;40;ACREDITADO;27;9189116
202609;6;6;90;ACREDITADO;3530;187125938.47
202609;6;6;90;RECHAZADA;775;88687048.11
202609;7;9;20;ACREDITADO;1;1
202609;A009;1;40;ACREDITADO;380;64087019.60
202609;A012;9;20;ACREDITADO;61;8272583.20
202609;A016;1;40;ACREDITADO;172;22259602.26
202609;A016;6;90;ACREDITADO;37;4805279
202609;A016;6;90;RECHAZADA;7;1710229.63
202609;A020;4;60;ACREDITADO;1;10000
202609;A020;4;80;ACREDITADO;3;192950
202609;A020;4;90;ACREDITADO;14;316200
202609;A020;4;90;RECHAZADA;4;163000
202609;A022;9;20;ACREDITADO;101;637541
202609;A022;9;20;RECHAZADA;1;6511
202609;A023;1;40;ACREDITADO;235;36781999.61
202609;A023;6;90;ACREDITADO;22;4020890.64
202609;A023;6;90;RECHAZADA;4;1441463.08
202609;A024;1;40;ACREDITADO;618;128502511.16
202609;A024;6;80;ACREDITADO;28;6348310
202609;A024;6;80;RECHAZADA;59;21691700
202609;A024;6;90;ACREDITADO;81;18001040
202609;A024;6;90;RECHAZADA;33;9942340
202609;A027;9;20;ACREDITADO;4810;628983674
202609;A027;9;20;RECHAZADA;65;13759075
202609;A031;1;40;ACREDITADO;9;196996.47
202609;A031;9;20;ACREDITADO;62;1089125.16
202609;A032;4;10;RECHAZADA;1;11
202609;A032;4;80;ACREDITADO;2;20
202609;A032;4;80;RECHAZADA;8;15929.88
202609;A032;4;90;DEVUELTA;6;618
202609;A032;4;90;RECHAZADA;1;147000
202609;A035;6;90;ACREDITADO;76;28016627.99
202609;A035;6;90;RECHAZADA;16;8294397.17
202609;A036;9;20;ACREDITADO;37;10040916.36
202609;A037;6;90;ACREDITADO;10;1132913.31
202609;A038;1;40;ACREDITADO;9004;2307159031.33
202609;A038;6;80;ACREDITADO;215;52212261.42
202609;A038;6;80;RECHAZADA;485;170680912.50
202609;A039;1;40;ACREDITADO;1056;23115578
202609;A039;4;60;ACREDITADO;947;14069434.49
202609;A039;4;60;RECHAZADA;67;1166358
202609;A039;4;80;ACREDITADO;1590;50570509.81
202609;A039;4;80;DEVUELTA;4;82050
202609;A039;4;80;RECHAZADA;161;10080484.45
202609;A039;4;90;ACREDITADO;8540;152063487.17
202609;A039;4;90;DEVUELTA;4;111000
202609;A039;4;90;RECHAZADA;199;5261198.46
202609;A039;9;20;ACREDITADO;9448;191898746.20
202609;A039;9;20;RECHAZADA;34;1090345.50
202609;A040;1;40;ACREDITADO;1331;285148655.05
202609;A041;9;20;ACREDITADO;2;650736.60
202609;A042;9;20;ACREDITADO;5103;273086732.60
202609;A042;9;20;RECHAZADA;22;3754563.73
202609;A045;1;40;ACREDITADO;1677;182995008.76
202609;A046;4;80;ACREDITADO;16;620500
202609;A046;4;80;RECHAZADA;1;17000
202609;A046;4;90;ACREDITADO;87;2307500
202609;A046;4;90;RECHAZADA;5;153000
202609;A046;9;20;ACREDITADO;827;29528199.12
202609;A051;6;80;ACREDITADO;2;382340
202609;A051;6;80;RECHAZADA;6;25516
202609;A051;6;90;ACREDITADO;1;142215
202609;A052;1;40;ACREDITADO;139;22453252.26
202609;A060;9;20;ACREDITADO;397;85917803.29
202609;A060;9;20;RECHAZADA;5;1610973.60
202609;A061;1;40;ACREDITADO;375;57385774.79
202609;A063;9;20;ACREDITADO;22;898400
202609;A064;1;40;ACREDITADO;72;794000
202609;A066;9;20;ACREDITADO;1562;100426874.97
202609;A066;9;20;RECHAZADA;9;4166240.45
202609;A069;1;40;ACREDITADO;8160;646478943.33
202609;A070;9;20;ACREDITADO;2504;379443300
202609;A070;9;20;DEVUELTA;56;6496000
202609;A070;9;20;RECHAZADA;41;7588400
202609;A071;6;60;ACREDITADO;2;301290
202609;A071;6;80;ACREDITADO;45;5610770
202609;A071;6;80;RECHAZADA;16;2318965
202609;A071;6;90;ACREDITADO;22;2582140
202609;A071;6;90;RECHAZADA;10;1228150
202609;A072;6;80;ACREDITADO;59;10680908
202609;A072;6;80;RECHAZADA;52;11027072
202609;A072;6;90;ACREDITADO;68;8825044
202609;A072;6;90;RECHAZADA;32;6216080
202609;A073;9;20;ACREDITADO;126;13379091
202609;A076;9;20;ACREDITADO;2;2860832.69
202609;A077;6;80;RECHAZADA;1;750000
202609;A078;9;20;ACREDITADO;580;117350507.70
202609;A078;9;20;DEVUELTA;40;3062718.43
202609;A078;9;20;RECHAZADA;7;2233091.33
202609;A079;9;20;ACREDITADO;6;229140.60
202609;A080;1;40;ACREDITADO;1508;25536664.80
202609;A081;1;40;ACREDITADO;16;1677137.49
202609;A082;9;20;ACREDITADO;84;14504600.79
202609;A082;9;20;RECHAZADA;5;1715400
202609;A084;1;40;ACREDITADO;3474;446512813.31
202609;A086;1;40;ACREDITADO;9;1168511.91
202609;A087;1;40;ACREDITADO;212;28020123.68
202609;A088;1;40;ACREDITADO;9580;294225765.44
202609;A090;1;40;ACREDITADO;2811;570722972.83
202609;A094;9;20;ACREDITADO;591;6643950
202609;A094;9;20;RECHAZADA;2;24900
202609;A095;1;40;ACREDITADO;6223;154032842.78
202609;A096;1;40;ACREDITADO;1325;8381376.86
202609;A098;1;40;ACREDITADO;5441;636869939.05
202609;A099;1;40;ACREDITADO;1;155000
202609;A101;1;40;ACREDITADO;203;11551271.97
202609;A103;7;20;ACREDITADO;2;48300
202609;A103;7;80;ACREDITADO;3;154050
202609;A103;7;80;RECHAZADA;2;246479.67
202609;A103;7;90;ACREDITADO;1;26239.66
202609;A103;7;90;RECHAZADA;1;26239.66
202609;A103;9;20;ACREDITADO;14577;276502411.65
202609;A103;9;20;RECHAZADA;46;1102608.26
202609;A104;1;40;ACREDITADO;7;611444.50
202609;A104;7;20;ACREDITADO;1282;31371175.98
202609;A104;7;20;RECHAZADA;5;139067.83
202609;A104;7;40;ACREDITADO;856;23678312.71
202609;A107;1;40;ACREDITADO;10;114669.57
202609;A108;9;20;ACREDITADO;20380;428255658.89
202609;A108;9;20;RECHAZADA;102;3474544
202609;A110;1;40;ACREDITADO;1;2
202609;A111;9;20;ACREDITADO;13;2818.40
202609;A111;9;20;DEVUELTA;2;6.80
202609;A114;1;40;ACREDITADO;58;3472791
202609;A116;1;40;ACREDITADO;404;18940459.98
202609;A116;6;60;ACREDITADO;10;949370
202609;A116;6;60;DEVUELTA;1;295000
202609;A116;6;60;RECHAZADA;17;2015030
202609;A116;6;80;ACREDITADO;144;13437272
202609;A116;6;80;DEVUELTA;2;165000
202609;A116;6;80;RECHAZADA;75;18598668
202609;A116;6;90;ACREDITADO;28;2384135
202609;A116;6;90;RECHAZADA;11;945892
202609;A117;9;20;ACREDITADO;2139;42433170.13
202609;A117;9;20;RECHAZADA;8;171950
202609;A125;1;40;ACREDITADO;1;1000
202609;A127;7;20;ACREDITADO;10;85943.88
202609;A127;7;40;ACREDITADO;18;933544.30
202609;A127;7;60;ACREDITADO;3;154921.05
202609;A127;7;60;RECHAZADA;4;46987.93
202609;A127;7;80;ACREDITADO;7;144039.61
202609;A127;7;80;RECHAZADA;3;1165338.90
202609;A127;7;90;ACREDITADO;1;30371
202609;A132;6;80;ACREDITADO;6024;607019313.93
202609;A132;6;80;RECHAZADA;3570;1033077966.49
202609;A132;6;90;ACREDITADO;8925;688336694.62
202609;A132;6;90;RECHAZADA;1479;218586301
202609;A132;9;20;ACREDITADO;3166;343427970.25
202609;A132;9;20;RECHAZADA;67;19129404.60
202609;A133;6;80;RECHAZADA;4;1630666
202609;A133;6;90;ACREDITADO;3;80000
202609;B;4;10;ACREDITADO;1;35453
202609;B;4;60;ACREDITADO;77;840474.81
202609;B;4;60;RECHAZADA;13;250870
202609;B;4;80;ACREDITADO;110;4999968.34
202609;B;4;80;RECHAZADA;6;277300
202609;B;4;90;ACREDITADO;965;17655712.06
202609;B;4;90;DEVUELTA;1;22359.60
202609;B;4;90;RECHAZADA;20;420518.79
202609;B;6;80;DEVUELTA;31;3720
202609;B;6;80;RECHAZADA;11;1320
202609;B;7;40;ACREDITADO;1;1
202609;B;9;20;ACREDITADO;5160;279147850.15
202609;B;9;20;RECHAZADA;22;683054.50
202609;C;9;20;ACREDITADO;23978;2413439990.22
202609;C;9;20;DEVUELTA;3;163956
202609;C;9;20;RECHAZADA;203;28428348.59
202609;D;9;20;ACREDITADO;2553;751595010.69
202609;D;9;20;RECHAZADA;33;12540717.26
202609;E;9;20;ACREDITADO;171;1603253
202609;E;9;20;RECHAZADA;1;6050
202609;F;9;20;ACREDITADO;2303;489634228.17
202609;F;9;20;RECHAZADA;70;39282931.38
202609;G;9;20;ACREDITADO;4985;155648764.97
202609;G;9;20;RECHAZADA;78;6934769.86
202609;H;9;20;ACREDITADO;23;118400
202609;J;4;90;ACREDITADO;991;225883342.68
202609;J;4;90;RECHAZADA;65;19156711.07
202609;J;6;90;ACREDITADO;380;85067036.65
202609;J;6;90;RECHAZADA;98;41029025.53
202609;K;4;90;ACREDITADO;1840;378006014.23
202609;K;4;90;DEVUELTA;1;144047.48
202609;K;4;90;RECHAZADA;221;55024018.47
202609;K;6;90;ACREDITADO;1283;257959057.10
202609;K;6;90;RECHAZADA;263;67410575.51
202609;N;9;20;ACREDITADO;4423;249914709.61
202609;N;9;20;RECHAZADA;39;5991839.40
202609;PMC;2;50;ACREDITADO;81141;10308836218.39
202609;Q;6;90;ACREDITADO;156;10200783.55
202609;Q;6;90;RECHAZADA;33;1965613.39
202609;R;9;20;ACREDITADO;13872;1575186708.72
202609;R;9;20;DEVUELTA;23;2521527.30
202609;R;9;20;RECHAZADA;271;73136973.10
202609;T;4;80;ACREDITADO;3;301
202609;T;4;80;RECHAZADA;2;110.03
202609;T;4;90;RECHAZADA;2;200
202609;U;4;60;ACREDITADO;12;2163097.10
202609;U;4;60;RECHAZADA;1;70483
202609;U;4;90;ACREDITADO;94;13904663.34
202609;U;4;90;RECHAZADA;12;1531255.16
202609;U;6;90;ACREDITADO;94;12156548.48
202609;U;6;90;RECHAZADA;413;16122875.66
202609;U;9;20;ACREDITADO;1;11
202609;V;9;20;ACREDITADO;560;78038827.04
202609;V;9;20;RECHAZADA;64;22282405.40
202609;VIRG;9;20;ACREDITADO;169;1498480
202609;W;9;20;ACREDITADO;1171;244353243.40
202609;W;9;20;RECHAZADA;13;3778936.25
202609;Y;6;90;ACREDITADO;518;76775006.55
202609;Y;6;90;RECHAZADA;101;19121648.27
202610;6;1;40;ACREDITADO;15;1884000.56
202610;6;6;90;ACREDITADO;2478;165404971.25
202610;6;6;90;RECHAZADA;394;47943527.93
202610;7;9;20;ACREDITADO;1;7
202610;A009;1;40;ACREDITADO;637;107906089.22
202610;A012;9;20;ACREDITADO;155;27165970.67
202610;A012;9;20;RECHAZADA;1;350000
202610;A014;9;20;ACREDITADO;3;300
202610;A014;9;20;RECHAZADA;5;415
202610;A016;1;40;ACREDITADO;297;47873303.06
202610;A016;6;90;ACREDITADO;136;26751981.02
202610;A016;6;90;RECHAZADA;8;919744.99
202610;A017;9;20;ACREDITADO;2;16
202610;A020;4;60;ACREDITADO;5;59500
202610;A020;4;80;ACREDITADO;1;35000
202610;A020;4;80;RECHAZADA;1;13200
202610;A020;4;90;ACREDITADO;20;407470
202610;A022;9;20;ACREDITADO;154;1035701
202610;A022;9;20;RECHAZADA;1;6511
202610;A023;1;40;ACREDITADO;346;63779034.63
202610;A023;6;90;ACREDITADO;71;12709741.38
202610;A023;6;90;RECHAZADA;8;1532874.80
202610;A024;1;40;ACREDITADO;2137;435372827.41
202610;A024;6;80;ACREDITADO;105;24800880
202610;A024;6;80;RECHAZADA;202;74989900
202610;A024;6;90;ACREDITADO;247;46811370
202610;A024;6;90;RECHAZADA;115;30729410
202610;A025;1;40;ACREDITADO;5;70
202610;A025;6;90;ACREDITADO;10;1186546.76
202610;A025;6;90;RECHAZADA;1;10
202610;A026;9;20;ACREDITADO;3;10797164.71
202610;A027;9;20;ACREDITADO;5883;777118818
202610;A027;9;20;DEVUELTA;4;441573
202610;A027;9;20;RECHAZADA;53;10855621
202610;A031;1;40;ACREDITADO;14;186908.72
202610;A031;9;20;ACREDITADO;36;498696.94
202610;A032;4;10;RECHAZADA;4;1723.43
202610;A032;4;60;DEVUELTA;1;100
202610;A032;4;80;ACREDITADO;8;80
202610;A032;4;80;DEVUELTA;2;240
202610;A032;4;80;RECHAZADA;15;27708.10
202610;A032;4;90;DEVUELTA;15;1553.93
202610;A032;6;80;DEVUELTA;1;1001
202610;A032;6;90;DEVUELTA;1;1000
202610;A032;9;20;ACREDITADO;3;5
202610;A032;9;20;DEVUELTA;2;109.99
202610;A035;6;90;ACREDITADO;407;82002294.79
202610;A035;6;90;RECHAZADA;42;14835733.01
202610;A036;9;20;ACREDITADO;234;52281570
202610;A036;9;20;RECHAZADA;3;829972.17
202610;A037;6;90;ACREDITADO;44;2169395
202610;A037;6;90;RECHAZADA;6;445526
202610;A038;1;40;ACREDITADO;28612;6740971174.38
202610;A038;6;80;ACREDITADO;104;41529632.76
202610;A038;6;80;RECHAZADA;393;216428383.41
202610;A039;1;40;ACREDITADO;1538;32405570.30
202610;A039;4;60;ACREDITADO;1184;17861315.95
202610;A039;4;60;RECHAZADA;43;629104.43
202610;A039;4;80;ACREDITADO;1683;51024848.08
202610;A039;4;80;DEVUELTA;7;231950.28
202610;A039;4;80;RECHAZADA;144;10107848.38
202610;A039;4;90;ACREDITADO;9598;177632302.16
202610;A039;4;90;DEVUELTA;3;133200
202610;A039;4;90;RECHAZADA;221;9713349.45
202610;A039;9;20;ACREDITADO;9797;215039891.55
202610;A039;9;20;RECHAZADA;40;1206229
202610;A040;1;40;ACREDITADO;932;204716785.64
202610;A041;9;20;ACREDITADO;3;913978.45
202610;A042;9;20;ACREDITADO;3918;270410741.46
202610;A042;9;20;DEVUELTA;5;232661.10
202610;A042;9;20;RECHAZADA;28;3889009.39
202610;A045;1;40;ACREDITADO;13218;1988901848.01
202610;A046;4;80;ACREDITADO;18;416500
202610;A046;4;80;RECHAZADA;1;34000
202610;A046;4;90;ACREDITADO;101;2565000
202610;A046;4;90;RECHAZADA;1;17000
202610;A046;9;20;ACREDITADO;937;34190244.08
202610;A046;9;20;RECHAZADA;3;121500
202610;A050;9;20;ACREDITADO;2;15.50
202610;A051;1;40;ACREDITADO;7;9884
202610;A051;6;80;ACREDITADO;2;46369
202610;A051;6;80;RECHAZADA;1;3363
202610;A051;6;90;ACREDITADO;1;5047
202610;A052;1;40;ACREDITADO;165;21389909.96
202610;A053;4;80;ACREDITADO;1;10
202610;A053;9;20;ACREDITADO;1;10
202610;A060;9;20;ACREDITADO;551;103131753.40
202610;A060;9;20;RECHAZADA;5;4024977.01
202610;A061;1;40;ACREDITADO;717;114547599.07
202610;A062;9;20;ACREDITADO;6;85000
202610;A063;9;20;ACREDITADO;26;1121550
202610;A064;1;40;ACREDITADO;71;1563600
202610;A066;9;20;ACREDITADO;3860;237921425.54
202610;A066;9;20;RECHAZADA;42;14414340.89
202610;A069;1;40;ACREDITADO;10072;887295375.99
202610;A070;9;20;ACREDITADO;2778;433785200
202610;A070;9;20;DEVUELTA;87;16316200
202610;A070;9;20;RECHAZADA;42;10206100
202610;A071;6;60;ACREDITADO;1;159720
202610;A071;6;80;ACREDITADO;61;8194725
202610;A071;6;80;RECHAZADA;18;2280245
202610;A071;6;90;ACREDITADO;32;3291805
202610;A071;6;90;RECHAZADA;4;551760
202610;A072;6;80;ACREDITADO;174;28609950
202610;A072;6;80;RECHAZADA;175;34298224
202610;A072;6;90;ACREDITADO;202;25543376
202610;A072;6;90;RECHAZADA;53;10195060
202610;A072;7;20;ACREDITADO;1;100
202610;A072;7;90;RECHAZADA;1;100
202610;A073;9;20;ACREDITADO;106;11887645
202610;A073;9;20;DEVUELTA;1;66550
202610;A074;1;40;ACREDITADO;8;3738933.42
202610;A076;9;20;ACREDITADO;97;15936498.14
202610;A076;9;20;RECHAZADA;4;634372.20
202610;A077;6;80;ACREDITADO;1;750000
202610;A077;6;80;RECHAZADA;17;14333333
202610;A077;6;90;ACREDITADO;2;1500000
202610;A077;6;90;RECHAZADA;2;1500000
202610;A078;9;20;ACREDITADO;683;110308946.77
202610;A078;9;20;DEVUELTA;38;2889537
202610;A078;9;20;RECHAZADA;7;3450306.11
202610;A079;9;20;ACREDITADO;11;400637.45
202610;A080;1;40;ACREDITADO;1685;26578701.12
202610;A081;1;40;ACREDITADO;29;2643601.68
202610;A082;9;20;ACREDITADO;143;37553248
202610;A082;9;20;RECHAZADA;8;5180000
202610;A084;1;40;ACREDITADO;3872;523401137.77
202610;A086;1;40;ACREDITADO;20;3256100
202610;A087;1;40;ACREDITADO;39;4426367.99
202610;A088;1;40;ACREDITADO;9739;251542373.88
202610;A090;1;40;ACREDITADO;5433;1201588614.53
202610;A093;6;80;ACREDITADO;3;300
202610;A093;6;80;RECHAZADA;1;1500
202610;A093;6;90;ACREDITADO;3;27511.76
202610;A094;9;20;ACREDITADO;615;7598590
202610;A094;9;20;RECHAZADA;2;11800
202610;A095;1;40;ACREDITADO;6570;224462001.82
202610;A096;1;40;ACREDITADO;1689;23116176.98
202610;A098;1;40;ACREDITADO;5563;535791278.10
202610;A099;1;40;ACREDITADO;2;593500
202610;A101;1;40;ACREDITADO;1289;106079096.03
202610;A103;7;20;ACREDITADO;5;149247
202610;A103;7;40;ACREDITADO;5;564710.81
202610;A103;7;60;RECHAZADA;1;24599
202610;A103;7;80;ACREDITADO;2;55350
202610;A103;7;80;RECHAZADA;2;67750
202610;A103;7;90;ACREDITADO;4;253981.72
202610;A103;9;20;ACREDITADO;16661;337878251.12
202610;A103;9;20;RECHAZADA;79;1632014.01
202610;A104;1;40;ACREDITADO;47;934684.08
202610;A104;7;20;ACREDITADO;2669;67650071.11
202610;A104;7;20;RECHAZADA;9;181707.70
202610;A104;7;40;ACREDITADO;3127;83354896.10
202610;A107;1;40;ACREDITADO;22;1293933.36
202610;A108;9;20;ACREDITADO;21186;454175803.05
202610;A108;9;20;RECHAZADA;121;3432383.92
202610;A110;1;40;ACREDITADO;4;105
202610;A111;9;20;ACREDITADO;2;326.13
202610;A112;1;40;ACREDITADO;8;163897
202610;A114;1;40;ACREDITADO;71;4464954.10
202610;A116;1;40;ACREDITADO;84;6822673
202610;A116;6;60;ACREDITADO;9;1026380
202610;A116;6;60;RECHAZADA;10;310018
202610;A116;6;80;ACREDITADO;42;3649110
202610;A116;6;80;DEVUELTA;1;82500
202610;A116;6;80;RECHAZADA;61;13820523
202610;A116;6;90;ACREDITADO;11;997615
202610;A116;6;90;RECHAZADA;2;93048
202610;A117;9;20;ACREDITADO;2326;48591512.67
202610;A117;9;20;RECHAZADA;10;164600
202610;A125;1;40;ACREDITADO;21;256035.11
202610;A127;7;20;ACREDITADO;5;80083.85
202610;A127;7;40;ACREDITADO;12;302823.35
202610;A127;7;80;ACREDITADO;6;562319.67
202610;A127;7;80;RECHAZADA;2;212839
202610;A127;7;90;ACREDITADO;3;128112.38
202610;A127;7;90;DEVUELTA;1;178770.24
202610;A130;9;20;ACREDITADO;1;15
202610;A132;6;80;ACREDITADO;6984;693316376.79
202610;A132;6;80;RECHAZADA;4001;1053179563.17
202610;A132;6;90;ACREDITADO;16167;1185124768.26
202610;A132;6;90;RECHAZADA;2400;247895617.17
202610;A132;9;20;ACREDITADO;5352;479689923.13
202610;A132;9;20;RECHAZADA;101;30520991.30
202610;A134;4;90;ACREDITADO;9;208870
202610;A134;4;90;RECHAZADA;5;320
202610;A134;9;20;ACREDITADO;1056;17705304.57
202610;A134;9;20;RECHAZADA;12;537854
202610;B;1;40;ACREDITADO;1;2
202610;B;4;10;ACREDITADO;1;180000
202610;B;4;60;ACREDITADO;78;579850.77
202610;B;4;60;RECHAZADA;3;54988
202610;B;4;80;ACREDITADO;76;2781288.63
202610;B;4;80;RECHAZADA;13;557946.08
202610;B;4;90;ACREDITADO;786;16298102.68
202610;B;4;90;RECHAZADA;31;684882.52
202610;B;6;80;DEVUELTA;4;480
202610;B;6;80;RECHAZADA;2;240
202610;B;7;20;DEVUELTA;1;1
202610;B;7;40;DEVUELTA;2;2
202610;B;9;20;ACREDITADO;3972;278478438.45
202610;B;9;20;DEVUELTA;3;13.20
202610;B;9;20;RECHAZADA;14;1588996.96
202610;C;9;20;ACREDITADO;33074;3934854617.91
202610;C;9;20;DEVUELTA;13;3729928.71
202610;C;9;20;RECHAZADA;343;70535781.45
202610;D;9;20;ACREDITADO;16452;5026798971.16
202610;D;9;20;RECHAZADA;407;164576952.96
202610;E;9;20;ACREDITADO;222;2093180.72
202610;E;9;20;DEVUELTA;1;13126
202610;E;9;20;RECHAZADA;2;29436
202610;F;9;20;ACREDITADO;3176;720307107.37
202610;F;9;20;RECHAZADA;126;68426553.30
202610;G;9;20;ACREDITADO;5723;173355800.06
202610;G;9;20;RECHAZADA;91;7884822.12
202610;H;9;20;ACREDITADO;8;42650
202610;J;4;90;ACREDITADO;1644;403203137.24
202610;J;4;90;RECHAZADA;81;26669183.71
202610;J;6;90;ACREDITADO;1019;235152436.46
202610;J;6;90;RECHAZADA;198;64511401.50
202610;K;4;90;ACREDITADO;2516;555873815.71
202610;K;4;90;DEVUELTA;5;458697.50
202610;K;4;90;RECHAZADA;289;86710008.55
202610;K;6;90;ACREDITADO;2374;517027728.75
202610;K;6;90;RECHAZADA;701;183111102.88
202610;N;9;20;ACREDITADO;5830;319183216.64
202610;N;9;20;RECHAZADA;51;5477967.84
202610;PMC;2;50;ACREDITADO;147152;16360106335.67
202610;Q;6;90;ACREDITADO;275;17918734.99
202610;Q;6;90;RECHAZADA;57;4324908.38
202610;R;9;20;ACREDITADO;21480;2461006114.17
202610;R;9;20;DEVUELTA;14;862245.02
202610;R;9;20;RECHAZADA;533;180598287.13
202610;T;4;80;RECHAZADA;2;25
202610;T;6;80;ACREDITADO;1;690
202610;T;6;80;DEVUELTA;1;101
202610;T;9;20;ACREDITADO;1;23.34
202610;T;9;20;DEVUELTA;2;34
202610;U;4;60;ACREDITADO;6;825686.39
202610;U;4;60;RECHAZADA;2;403302.15
202610;U;4;90;ACREDITADO;131;16880084.37
202610;U;4;90;RECHAZADA;36;6277097.94
202610;U;6;90;ACREDITADO;169;28930460.19
202610;U;6;90;RECHAZADA;104;19930030.50
202610;U;9;20;ACREDITADO;2;194005
202610;V;9;20;ACREDITADO;1191;130403426.09
202610;V;9;20;RECHAZADA;52;17364778.38
202610;VIRG;9;20;ACREDITADO;193;3062947
202610;W;9;20;ACREDITADO;2392;524559028.59
202610;W;9;20;RECHAZADA;15;4317358.33
202610;Y;6;90;ACREDITADO;1259;160775565.89
202610;Y;6;90;RECHAZADA;230;58946717.88
202611;6;1;40;ACREDITADO;34;2720000
202611;6;6;90;ACREDITADO;2620;164917896.55
202611;6;6;90;RECHAZADA;412;58477930.44
202611;6;9;20;ACREDITADO;1;10
202611;7;9;20;DEVUELTA;2;34.33
202611;A009;1;40;ACREDITADO;1143;187595088.57
202611;A012;9;20;ACREDITADO;189;31227346.43
202611;A012;9;20;DEVUELTA;2;1148100
202611;A012;9;20;RECHAZADA;1;144381.68
202611;A014;9;20;ACREDITADO;9;389
202611;A014;9;20;RECHAZADA;1;16
202611;A016;1;40;ACREDITADO;407;68509386.46
202611;A016;6;90;ACREDITADO;141;31548427.70
202611;A016;6;90;RECHAZADA;26;9557398.20
202611;A020;4;60;ACREDITADO;3;28500
202611;A020;4;80;ACREDITADO;2;55000
202611;A020;4;90;ACREDITADO;30;633845
202611;A020;4;90;RECHAZADA;1;6500
202611;A022;9;20;ACREDITADO;139;902816
202611;A023;1;40;ACREDITADO;613;106967708.47
202611;A023;6;90;ACREDITADO;83;14355721.42
202611;A023;6;90;RECHAZADA;27;6645346.19
202611;A024;1;40;ACREDITADO;1221;232878348.98
202611;A024;6;80;ACREDITADO;79;19304410
202611;A024;6;80;RECHAZADA;153;52643390
202611;A024;6;90;ACREDITADO;120;22816640
202611;A024;6;90;RECHAZADA;66;20483030
202611;A025;6;80;RECHAZADA;1;10
202611;A025;6;90;ACREDITADO;4;1534091.26
202611;A025;6;90;RECHAZADA;2;1007008.08
202611;A027;9;20;ACREDITADO;5162;689374382
202611;A027;9;20;RECHAZADA;48;8738994
202611;A031;1;40;ACREDITADO;64;1215438.69
202611;A031;9;20;ACREDITADO;12;102721.25
202611;A032;4;10;DEVUELTA;1;101
202611;A032;4;10;RECHAZADA;2;627
202611;A032;4;80;DEVUELTA;3;303
202611;A032;4;80;RECHAZADA;44;2157287.29
202611;A032;4;90;DEVUELTA;10;1133.24
202611;A032;4;90;RECHAZADA;26;4208103.47
202611;A032;9;20;DEVUELTA;1;14.50
202611;A035;6;90;ACREDITADO;384;91625203.66
202611;A035;6;90;RECHAZADA;65;30006769.41
202611;A036;9;20;ACREDITADO;307;67515568.31
202611;A036;9;20;RECHAZADA;1;481332.13
202611;A037;6;90;ACREDITADO;56;4027188.37
202611;A037;6;90;RECHAZADA;6;233450
202611;A038;1;40;ACREDITADO;24247;5543435826.35
202611;A038;6;80;ACREDITADO;1193;220626123.81
202611;A038;6;80;RECHAZADA;1634;533990948.88
202611;A039;1;40;ACREDITADO;1920;42030489
202611;A039;4;60;ACREDITADO;1428;27317691.12
202611;A039;4;60;DEVUELTA;1;42400
202611;A039;4;60;RECHAZADA;83;2448729.50
202611;A039;4;80;ACREDITADO;1884;59396168.97
202611;A039;4;80;DEVUELTA;2;71600
202611;A039;4;80;RECHAZADA;171;13412876.16
202611;A039;4;90;ACREDITADO;10310;190255197.89
202611;A039;4;90;RECHAZADA;266;12612371.09
202611;A039;9;20;ACREDITADO;11306;239645903.57
202611;A039;9;20;RECHAZADA;80;2415990
202611;A040;1;40;ACREDITADO;1152;259849269.09
202611;A041;9;20;ACREDITADO;3;425686.13
202611;A042;9;20;ACREDITADO;3902;224128366.12
202611;A042;9;20;RECHAZADA;38;7347216.24
202611;A045;1;40;ACREDITADO;13882;2052429293.57
202611;A046;4;10;ACREDITADO;2;10100
202611;A046;4;80;ACREDITADO;19;508500
202611;A046;4;90;ACREDITADO;112;3153500
202611;A046;4;90;RECHAZADA;1;34000
202611;A046;9;20;ACREDITADO;1000;38461267
202611;A046;9;20;RECHAZADA;5;137000
202611;A051;1;40;ACREDITADO;9;31105.80
202611;A051;6;80;ACREDITADO;39;16882902
202611;A051;6;80;RECHAZADA;82;26400310
202611;A051;6;90;ACREDITADO;21;2897794
202611;A051;6;90;RECHAZADA;53;7999389
202611;A052;1;40;ACREDITADO;171;21938391.89
202611;A053;9;20;ACREDITADO;1;100
202611;A060;9;20;ACREDITADO;465;90087485.75
202611;A060;9;20;RECHAZADA;2;1921218.24
202611;A061;1;40;ACREDITADO;1145;166918478.68
202611;A063;9;20;ACREDITADO;28;1201046
202611;A064;1;40;ACREDITADO;72;1840500
202611;A066;9;20;ACREDITADO;4681;279753667.15
202611;A066;9;20;RECHAZADA;56;19511171.02
202611;A069;1;40;ACREDITADO;12534;1436635117.72
202611;A070;9;20;ACREDITADO;2790;439442900
202611;A070;9;20;DEVUELTA;176;38558500
202611;A070;9;20;RECHAZADA;67;13405300
202611;A071;6;60;ACREDITADO;1;98010
202611;A071;6;80;ACREDITADO;48;7040990
202611;A071;6;80;RECHAZADA;20;2966920
202611;A071;6;90;ACREDITADO;28;3453340
202611;A071;6;90;RECHAZADA;5;654610
202611;A072;6;80;ACREDITADO;140;17602974
202611;A072;6;80;RECHAZADA;65;10461340
202611;A072;6;90;ACREDITADO;212;21257428
202611;A072;6;90;RECHAZADA;50;4378580
202611;A073;9;20;ACREDITADO;125;13899996
202611;A073;9;20;RECHAZADA;1;141570
202611;A074;1;40;ACREDITADO;20;7759021.69
202611;A076;9;20;ACREDITADO;69;11967674.75
202611;A076;9;20;RECHAZADA;4;634372.20
202611;A077;6;80;ACREDITADO;3;916545
202611;A077;6;80;RECHAZADA;15;18750000
202611;A078;9;20;ACREDITADO;529;83335276.57
202611;A078;9;20;DEVUELTA;16;1047335.31
202611;A078;9;20;RECHAZADA;9;600403.78
202611;A079;9;20;ACREDITADO;72;6928045.22
202611;A080;1;40;ACREDITADO;1197;19162667.12
202611;A081;1;40;ACREDITADO;18;1540594.96
202611;A082;9;20;ACREDITADO;158;40341391.02
202611;A082;9;20;RECHAZADA;11;4092000
202611;A084;1;40;ACREDITADO;5164;670438053.28
202611;A086;1;40;ACREDITADO;60;9142079.81
202611;A087;1;40;ACREDITADO;10;1224202
202611;A088;1;40;ACREDITADO;9672;253489053
202611;A090;1;40;ACREDITADO;9254;2093080489.54
202611;A093;6;90;RECHAZADA;1;1500
202611;A094;9;20;ACREDITADO;719;7511290
202611;A094;9;20;RECHAZADA;4;32260
202611;A095;1;40;ACREDITADO;7055;233064825.26
202611;A096;1;40;ACREDITADO;1612;22884346.86
202611;A098;1;40;ACREDITADO;5360;628500543.33
202611;A099;1;40;ACREDITADO;2;170500
202611;A101;1;40;ACREDITADO;1208;98614465.24
202611;A103;1;40;ACREDITADO;8;89265
202611;A103;7;20;ACREDITADO;6;398346
202611;A103;7;60;RECHAZADA;1;92649
202611;A103;7;80;ACREDITADO;5;517178
202611;A103;7;80;RECHAZADA;3;187699
202611;A103;7;90;ACREDITADO;6;603972.18
202611;A103;9;20;ACREDITADO;16169;320482740.85
202611;A103;9;20;RECHAZADA;46;868873.22
202611;A104;1;40;ACREDITADO;9;307859.14
202611;A104;7;20;ACREDITADO;2870;68530141.85
202611;A104;7;20;RECHAZADA;6;75551.20
202611;A104;7;40;ACREDITADO;3506;91904596.11
202611;A105;1;40;ACREDITADO;6;194726
202611;A107;1;40;ACREDITADO;19;4031931.83
202611;A108;9;20;ACREDITADO;20982;388134461.08
202611;A108;9;20;DEVUELTA;1;15
202611;A108;9;20;RECHAZADA;81;2141614
202611;A110;1;40;ACREDITADO;3;14
202611;A111;9;20;ACREDITADO;4;643.35
202611;A112;1;40;ACREDITADO;138;2999496.15
202611;A114;1;40;ACREDITADO;92;5476444
202611;A116;1;40;ACREDITADO;33;15385462
202611;A116;6;60;ACREDITADO;9;1152332
202611;A116;6;60;RECHAZADA;7;563349
202611;A116;6;80;ACREDITADO;32;30980125
202611;A116;6;80;RECHAZADA;72;88627732
202611;A116;6;90;ACREDITADO;9;3725019
202611;A116;6;90;RECHAZADA;26;35670686
202611;A117;7;90;ACREDITADO;1;12400
202611;A117;7;90;RECHAZADA;1;78999
202611;A117;9;20;ACREDITADO;2298;44986126.95
202611;A117;9;20;RECHAZADA;13;290420
202611;A121;1;40;ACREDITADO;4;262200
202611;A125;1;40;ACREDITADO;11;95100
202611;A127;7;20;ACREDITADO;5;101804.56
202611;A127;7;40;ACREDITADO;8;74764.23
202611;A127;7;60;ACREDITADO;2;61390.56
202611;A127;7;80;ACREDITADO;6;462500.50
202611;A127;7;80;RECHAZADA;4;3281925.35
202611;A130;9;20;ACREDITADO;12;110
202611;A130;9;20;DEVUELTA;4;4
202611;A131;1;40;ACREDITADO;1;80000
202611;A132;6;80;ACREDITADO;5997;608746820.09
202611;A132;6;80;RECHAZADA;3843;1008537456.27
202611;A132;6;90;ACREDITADO;12479;888208337.13
202611;A132;6;90;RECHAZADA;2122;345241677.55
202611;A132;9;20;ACREDITADO;4934;435867207.08
202611;A132;9;20;RECHAZADA;111;50931462.86
202611;A134;4;60;ACREDITADO;7;153400
202611;A134;4;80;ACREDITADO;4;106560
202611;A134;4;90;ACREDITADO;177;2574021.30
202611;A134;4;90;RECHAZADA;1;10133
202611;A134;9;20;ACREDITADO;906;14463306.54
202611;A134;9;20;RECHAZADA;5;38200
202611;A135;9;20;ACREDITADO;1;1
202611;B;4;10;ACREDITADO;5;820000
202611;B;4;60;ACREDITADO;83;696574.19
202611;B;4;60;RECHAZADA;5;88709.46
202611;B;4;80;ACREDITADO;81;2650800.89
202611;B;4;80;RECHAZADA;7;71172.47
202611;B;4;90;ACREDITADO;697;12664607.21
202611;B;4;90;DEVUELTA;2;31915.72
202611;B;4;90;RECHAZADA;16;180780.71
202611;B;9;20;ACREDITADO;3505;237675663.69
202611;B;9;20;DEVUELTA;1;4.40
202611;B;9;20;RECHAZADA;13;969909
202611;C;9;20;ACREDITADO;36624;4450486701.50
202611;C;9;20;DEVUELTA;5;609722.48
202611;C;9;20;RECHAZADA;296;53340487.33
202611;D;9;20;ACREDITADO;10015;2910257513.67
202611;D;9;20;RECHAZADA;222;92910994.55
202611;E;9;20;ACREDITADO;273;2604346
202611;F;9;20;ACREDITADO;4094;906861389.78
202611;F;9;20;DEVUELTA;2;835454.76
202611;F;9;20;RECHAZADA;152;66493206.45
202611;G;9;20;ACREDITADO;5578;165055128.73
202611;G;9;20;RECHAZADA;87;5993588.67
202611;J;4;60;ACREDITADO;1;111669.74
202611;J;4;90;ACREDITADO;2434;551632758.48
202611;J;4;90;RECHAZADA;139;40177237.31
202611;J;6;90;ACREDITADO;1213;271391174.14
202611;J;6;90;RECHAZADA;272;100002008.02
202611;K;4;90;ACREDITADO;3170;683241748.34
202611;K;4;90;DEVUELTA;2;722230.05
202611;K;4;90;RECHAZADA;317;92305228.54
202611;K;6;90;ACREDITADO;2608;542032095.53
202611;K;6;90;RECHAZADA;795;271902318.05
202611;N;9;20;ACREDITADO;5529;324468201.50
202611;N;9;20;RECHAZADA;72;5235442.81
202611;PMC;2;50;ACREDITADO;174288;23188506062.03
202611;Q;6;90;ACREDITADO;338;20159983.54
202611;Q;6;90;RECHAZADA;43;2859240.04
202611;R;9;20;ACREDITADO;23569;2682852584.37
202611;R;9;20;DEVUELTA;19;1017832.80
202611;R;9;20;RECHAZADA;503;160593382.28
202611;U;4;60;ACREDITADO;13;2511785.49
202611;U;4;60;RECHAZADA;1;392427.30
202611;U;4;90;ACREDITADO;202;26195429.45
202611;U;4;90;RECHAZADA;41;5988165.21
202611;U;6;90;ACREDITADO;280;49608043.01
202611;U;6;90;RECHAZADA;130;37400802.89
202611;V;9;20;ACREDITADO;1154;147945536.36
202611;V;9;20;RECHAZADA;36;11123250.18
202611;VIRG;9;20;ACREDITADO;220;3457509
202611;VIRG;9;20;RECHAZADA;2;9500
202611;W;9;20;ACREDITADO;4406;998189378.43
202611;W;9;20;RECHAZADA;34;13764301.77
202611;Y;6;90;ACREDITADO;1216;150524450.18
202611;Y;6;90;RECHAZADA;222;33852130.25
202611;Z;9;20;ACREDITADO;1;15
202611;Z;9;20;RECHAZADA;1;10
202612;6;1;40;ACREDITADO;32;3016002
202612;6;6;90;ACREDITADO;1828;111941957.58
202612;6;6;90;RECHAZADA;297;34179595.13
202612;7;9;20;ACREDITADO;1;15
202612;7;9;20;DEVUELTA;3;281.01
202612;A009;1;40;ACREDITADO;461;66030340.65
202612;A012;9;20;ACREDITADO;68;8269101.09
202612;A012;9;20;RECHAZADA;5;1085460
202612;A014;9;20;ACREDITADO;1159;32017271.54
202612;A014;9;20;RECHAZADA;1;6000
202612;A016;1;40;ACREDITADO;175;27497753.69
202612;A016;6;90;ACREDITADO;45;5295618.28
202612;A016;6;90;RECHAZADA;8;1648639.06
202612;A020;4;60;ACREDITADO;2;13500
202612;A020;4;80;ACREDITADO;3;46700
202612;A020;4;90;ACREDITADO;21;490200
202612;A022;9;20;ACREDITADO;145;914605
202612;A023;1;40;ACREDITADO;472;88418847.70
202612;A023;6;90;ACREDITADO;54;8867089.12
202612;A023;6;90;RECHAZADA;5;758366.44
202612;A024;1;40;ACREDITADO;604;132691549.75
202612;A024;6;80;ACREDITADO;24;6325700
202612;A024;6;80;RECHAZADA;59;18805260
202612;A024;6;90;ACREDITADO;77;16843970
202612;A024;6;90;RECHAZADA;28;11288250
202612;A025;1;40;ACREDITADO;2;246060.14
202612;A025;6;90;ACREDITADO;2;379497.05
202612;A025;6;90;RECHAZADA;2;318720.10
202612;A027;9;20;ACREDITADO;5288;684956629
202612;A027;9;20;DEVUELTA;1;206363
202612;A027;9;20;RECHAZADA;42;6877388
202612;A031;1;40;ACREDITADO;22;268015.92
202612;A031;9;20;ACREDITADO;53;752540.99
202612;A032;4;10;RECHAZADA;5;1645667.26
202612;A032;4;80;RECHAZADA;5;63100
202612;A035;6;90;ACREDITADO;122;33508093.10
202612;A035;6;90;RECHAZADA;23;4457367.23
202612;A036;9;20;ACREDITADO;151;33798474.70
202612;A037;6;90;ACREDITADO;10;780255.09
202612;A038;1;40;ACREDITADO;9520;2274603816.33
202612;A038;6;80;ACREDITADO;334;69686030.51
202612;A038;6;80;RECHAZADA;752;257170893.71
202612;A039;1;40;ACREDITADO;978;23920071.88
202612;A039;4;60;ACREDITADO;1286;20416461.91
202612;A039;4;60;RECHAZADA;99;1903666.03
202612;A039;4;80;ACREDITADO;1814;52412673.94
202612;A039;4;80;RECHAZADA;156;9079303.81
202612;A039;4;90;ACREDITADO;9633;169768259.23
202612;A039;4;90;DEVUELTA;3;205600
202612;A039;4;90;RECHAZADA;223;5641613.73
202612;A039;9;20;ACREDITADO;9843;194105424.52
202612;A039;9;20;RECHAZADA;55;1112899
202612;A040;1;40;ACREDITADO;1211;273233805.25
202612;A042;9;20;ACREDITADO;3446;187227318.90
202612;A042;9;20;DEVUELTA;6;2262164.38
202612;A042;9;20;RECHAZADA;38;4893617.63
202612;A045;1;40;ACREDITADO;6282;905841391.92
202612;A046;4;80;ACREDITADO;15;418000
202612;A046;4;80;RECHAZADA;1;20000
202612;A046;4;90;ACREDITADO;82;2402000
202612;A046;4;90;DEVUELTA;1;20000
202612;A046;4;90;RECHAZADA;3;70000
202612;A046;9;20;ACREDITADO;849;35320967.46
202612;A046;9;20;RECHAZADA;11;438000
202612;A051;1;40;ACREDITADO;26;818748.01
202612;A051;6;80;ACREDITADO;10;7582142
202612;A051;6;80;RECHAZADA;8;10546403
202612;A051;6;90;ACREDITADO;4;397687
202612;A051;6;90;RECHAZADA;2;279664
202612;A052;1;40;ACREDITADO;129;24040808.43
202612;A060;9;20;ACREDITADO;418;85159129.35
202612;A060;9;20;RECHAZADA;5;146217.60
202612;A061;1;40;ACREDITADO;481;63168400.69
202612;A062;9;20;ACREDITADO;9;111000
202612;A063;9;20;ACREDITADO;38;1187210
202612;A063;9;20;RECHAZADA;1;21000
202612;A064;1;40;ACREDITADO;63;1496000
202612;A066;9;20;ACREDITADO;2482;150852408.92
202612;A066;9;20;RECHAZADA;41;4634775.10
202612;A069;1;40;ACREDITADO;11475;1370896056.06
202612;A070;9;20;ACREDITADO;2294;330128900
202612;A070;9;20;DEVUELTA;71;14169000
202612;A070;9;20;RECHAZADA;32;5760100
202612;A071;6;60;RECHAZADA;1;96800
202612;A071;6;80;ACREDITADO;48;6180680
202612;A071;6;80;RECHAZADA;14;2140490
202612;A071;6;90;ACREDITADO;25;2988095
202612;A071;6;90;RECHAZADA;3;424710
202612;A072;6;80;ACREDITADO;97;11317984
202612;A072;6;80;RECHAZADA;31;4633608
202612;A072;6;90;ACREDITADO;120;13768612
202612;A072;6;90;RECHAZADA;39;6103920
202612;A073;9;20;ACREDITADO;123;14650075
202612;A077;6;80;ACREDITADO;2;437570
202612;A077;6;80;RECHAZADA;5;5583000
202612;A077;6;90;ACREDITADO;4;333090
202612;A077;6;90;RECHAZADA;1;166500
202612;A078;9;20;ACREDITADO;386;71801043.25
202612;A078;9;20;DEVUELTA;22;2788631.22
202612;A078;9;20;RECHAZADA;5;242500
202612;A079;9;20;ACREDITADO;102;9089639.54
202612;A080;1;40;ACREDITADO;1632;27397894.12
202612;A081;1;40;ACREDITADO;18;1869405.50
202612;A082;9;20;ACREDITADO;140;28628131.84
202612;A082;9;20;RECHAZADA;15;5135500
202612;A084;1;40;ACREDITADO;2475;286092935.84
202612;A086;1;40;ACREDITADO;7;2340849.82
202612;A087;1;40;ACREDITADO;17;2801130
202612;A088;1;40;ACREDITADO;9422;256506264.81
202612;A090;1;40;ACREDITADO;3223;648508803.78
202612;A094;9;20;ACREDITADO;689;10032128
202612;A094;9;20;RECHAZADA;3;17000
202612;A095;1;40;ACREDITADO;6503;152944834.56
202612;A096;1;40;ACREDITADO;1868;26524945.29
202612;A098;1;40;ACREDITADO;5282;666088118.05
202612;A099;1;40;ACREDITADO;1;2500
202612;A101;1;40;ACREDITADO;491;37843017.64
202612;A102;9;20;ACREDITADO;4;66267.76
202612;A103;1;40;ACREDITADO;4;99305
202612;A103;7;20;ACREDITADO;8;313673
202612;A103;7;80;ACREDITADO;4;249837.96
202612;A103;7;90;ACREDITADO;3;22700
202612;A103;9;20;ACREDITADO;14585;257279522.87
202612;A103;9;20;RECHAZADA;135;2359644
202612;A104;1;40;ACREDITADO;9;190175.59
202612;A104;7;20;ACREDITADO;2714;68220002.93
202612;A104;7;20;RECHAZADA;11;235712.51
202612;A104;7;40;ACREDITADO;3930;103998722.47
202612;A105;1;40;ACREDITADO;7;960542
202612;A107;1;40;ACREDITADO;24;4809340
202612;A108;9;20;ACREDITADO;17575;326986420.46
202612;A108;9;20;RECHAZADA;88;2765680
202612;A111;9;20;ACREDITADO;9;28.92
202612;A112;1;40;ACREDITADO;5;115209.63
202612;A114;1;40;ACREDITADO;119;6963670
202612;A116;1;40;ACREDITADO;126;25050570
202612;A116;6;60;ACREDITADO;1;149994
202612;A116;6;60;RECHAZADA;3;449982
202612;A116;6;80;ACREDITADO;1;290400
202612;A116;6;80;RECHAZADA;3;449982
202612;A116;6;90;RECHAZADA;1;150000
202612;A117;7;90;ACREDITADO;1;49450
202612;A117;9;20;ACREDITADO;2059;37318091.64
202612;A117;9;20;RECHAZADA;28;419820
202612;A127;7;20;ACREDITADO;4;538631.50
202612;A127;7;40;ACREDITADO;9;689430.29
202612;A127;7;80;ACREDITADO;7;623292.78
202612;A127;7;80;DEVUELTA;2;524777
202612;A127;7;80;RECHAZADA;8;1802135.28
202612;A127;7;90;ACREDITADO;2;145805
202612;A132;6;80;ACREDITADO;4879;489073539.17
202612;A132;6;80;RECHAZADA;2780;721650684.12
202612;A132;6;90;ACREDITADO;8175;614405492.18
202612;A132;6;90;RECHAZADA;1515;298549834.48
202612;A132;9;20;ACREDITADO;3954;394541792.83
202612;A132;9;20;RECHAZADA;102;32109795.39
202612;A134;1;40;ACREDITADO;2;40
202612;A134;4;60;ACREDITADO;2;24400
202612;A134;4;80;ACREDITADO;4;133927
202612;A134;4;90;ACREDITADO;133;1761877.25
202612;A134;4;90;RECHAZADA;12;134129.50
202612;A134;9;20;ACREDITADO;335;3748337
202612;A135;9;20;ACREDITADO;4;1955
202612;B;1;40;ACREDITADO;4;8
202612;B;4;10;ACREDITADO;1;190000
202612;B;4;60;ACREDITADO;45;271553.45
202612;B;4;60;RECHAZADA;1;4500
202612;B;4;80;ACREDITADO;99;4526595.70
202612;B;4;80;RECHAZADA;5;59000
202612;B;4;90;ACREDITADO;455;9685608.26
202612;B;4;90;DEVUELTA;1;35000
202612;B;4;90;RECHAZADA;23;296332.88
202612;B;9;20;ACREDITADO;3147;240733030.59
202612;B;9;20;RECHAZADA;18;1406392.47
202612;C;9;20;ACREDITADO;26158;2771078729.65
202612;C;9;20;DEVUELTA;6;944002.04
202612;C;9;20;RECHAZADA;279;44903288.17
202612;D;9;20;ACREDITADO;2688;726602493.80
202612;D;9;20;RECHAZADA;79;36141077.17
202612;E;9;20;ACREDITADO;221;2014888
202612;F;9;20;ACREDITADO;3139;659037840.14
202612;F;9;20;RECHAZADA;120;48180534.99
202612;G;9;20;ACREDITADO;4738;141752555.60
202612;G;9;20;RECHAZADA;66;3266376.84
202612;J;4;90;ACREDITADO;795;168916310.70
202612;J;4;90;RECHAZADA;73;16899064.89
202612;J;6;90;ACREDITADO;391;80118505.98
202612;J;6;90;RECHAZADA;131;47380126.85
202612;K;4;90;ACREDITADO;2370;473676701.59
202612;K;4;90;DEVUELTA;2;290431.83
202612;K;4;90;RECHAZADA;271;74402969.40
202612;K;6;90;ACREDITADO;1565;305216320.09
202612;K;6;90;RECHAZADA;479;160682753.11
202612;K;9;20;ACREDITADO;1;100
202612;MALA;9;20;ACREDITADO;2;200
202612;N;9;20;ACREDITADO;4343;276885753.67
202612;N;9;20;RECHAZADA;65;6369669.19
202612;PMC;2;50;ACREDITADO;106064;14193833857.77
202612;Q;6;90;ACREDITADO;131;7051798.27
202612;Q;6;90;RECHAZADA;12;879893.41
202612;R;9;20;ACREDITADO;16553;1792376485.77
202612;R;9;20;DEVUELTA;8;597694.98
202612;R;9;20;RECHAZADA;439;98465295.73
202612;T;4;80;ACREDITADO;1;2456.78
202612;T;4;90;ACREDITADO;1;150
202612;T;9;20;ACREDITADO;2;1003
202612;U;4;60;ACREDITADO;9;917513
202612;U;4;60;RECHAZADA;2;115900
202612;U;4;90;ACREDITADO;86;11005047.03
202612;U;4;90;RECHAZADA;7;1038275.54
202612;U;6;90;ACREDITADO;119;17146280.23
202612;U;6;90;RECHAZADA;57;7687848.66
202612;V;9;20;ACREDITADO;622;66954779.25
202612;V;9;20;RECHAZADA;30;12128812.70
202612;VIRG;9;20;ACREDITADO;152;2171250
202612;VIRG;9;20;RECHAZADA;4;197928
202612;W;9;20;ACREDITADO;1460;298076395.68
202612;W;9;20;RECHAZADA;14;3383411.38
202612;Y;6;90;ACREDITADO;397;47819925.93
202612;Y;6;90;RECHAZADA;77;12838519.90
202613;6;1;40;ACREDITADO;33;3851501
202613;6;6;90;ACREDITADO;2822;145990161.11
202613;6;6;90;RECHAZADA;606;39799648.30
202613;6;9;20;ACREDITADO;1;10
202613;7;7;20;ACREDITADO;3;98180.01
202613;7;7;40;ACREDITADO;18;12704391.78
202613;7;7;40;DEVUELTA;1;100
202613;7;7;80;ACREDITADO;2;7700
202613;7;7;80;RECHAZADA;1;269500
202613;7;7;90;ACREDITADO;1;600
202613;7;9;20;ACREDITADO;2;16
202613;7;9;20;DEVUELTA;2;15
202613;A009;1;40;ACREDITADO;252;39812032.09
202613;A012;9;20;ACREDITADO;47;4801673.12
202613;A014;9;20;ACREDITADO;2574;56183092.17
202613;A014;9;20;RECHAZADA;2;132400
202613;A016;1;40;ACREDITADO;159;20348404.16
202613;A016;6;90;ACREDITADO;19;2607811.81
202613;A016;6;90;RECHAZADA;4;391667.34
202613;A020;4;80;ACREDITADO;3;54400
202613;A020;4;90;ACREDITADO;26;407150
202613;A020;4;90;RECHAZADA;2;8000
202613;A022;9;20;ACREDITADO;88;562901
202613;A023;1;40;ACREDITADO;215;35812325.89
202613;A023;6;90;ACREDITADO;12;3962366.07
202613;A023;6;90;RECHAZADA;3;1909573.38
202613;A024;1;40;ACREDITADO;389;67992376.43
202613;A024;6;80;ACREDITADO;14;2515430
202613;A024;6;80;RECHAZADA;25;13456990
202613;A024;6;90;ACREDITADO;33;6354530
202613;A024;6;90;RECHAZADA;10;1845190
202613;A025;6;90;ACREDITADO;1;307276.40
202613;A025;6;90;RECHAZADA;1;307276.40
202613;A026;9;20;ACREDITADO;1;10
202613;A027;9;20;ACREDITADO;5454;666018619
202613;A027;9;20;RECHAZADA;45;13004661
202613;A031;1;40;ACREDITADO;1;38791.82
202613;A031;9;20;ACREDITADO;42;717034.20
202613;A035;6;90;ACREDITADO;22;7030395.69
202613;A035;6;90;RECHAZADA;5;880832.68
202613;A036;9;20;ACREDITADO;44;7982400.17
202613;A037;6;90;ACREDITADO;1;73897.91
202613;A038;1;40;ACREDITADO;5638;1384917494.18
202613;A038;6;80;ACREDITADO;102;23833943.06
202613;A038;6;80;RECHAZADA;214;86366396.28
202613;A039;1;40;ACREDITADO;947;20194768
202613;A039;4;60;ACREDITADO;1229;19084700.72
202613;A039;4;60;RECHAZADA;91;1730856.98
202613;A039;4;80;ACREDITADO;2197;62102445.27
202613;A039;4;80;DEVUELTA;4;215932.86
202613;A039;4;80;RECHAZADA;192;12936801.52
202613;A039;4;90;ACREDITADO;9820;170096055.16
202613;A039;4;90;DEVUELTA;6;164800
202613;A039;4;90;RECHAZADA;234;7254684.14
202613;A039;9;20;ACREDITADO;10549;209760104.85
202613;A039;9;20;RECHAZADA;39;2541458
202613;A040;1;40;ACREDITADO;904;187027501.56
202613;A041;9;20;ACREDITADO;3;459386.15
202613;A042;9;20;ACREDITADO;3810;227084321.64
202613;A042;9;20;DEVUELTA;2;51671.89
202613;A042;9;20;RECHAZADA;27;5423963.35
202613;A045;1;40;ACREDITADO;1425;148668310.13
202613;A046;4;80;ACREDITADO;20;678000
202613;A046;4;80;RECHAZADA;1;20000
202613;A046;4;90;ACREDITADO;75;2232000
202613;A046;9;20;ACREDITADO;764;33835100
202613;A046;9;20;RECHAZADA;2;80000
202613;A051;1;40;ACREDITADO;129;3712832
202613;A051;6;80;ACREDITADO;12;2505168
202613;A051;6;80;RECHAZADA;13;1728500
202613;A051;6;90;ACREDITADO;13;1636476
202613;A051;6;90;RECHAZADA;17;5200000
202613;A052;1;40;ACREDITADO;137;22346386.97
202613;A060;9;20;ACREDITADO;409;75611414.63
202613;A061;1;40;ACREDITADO;272;41967648.61
202613;A062;9;20;ACREDITADO;27;286088
202613;A063;9;20;ACREDITADO;38;1799100
202613;A064;1;40;ACREDITADO;72;724201
202613;A064;9;20;ACREDITADO;5;2101
202613;A066;9;20;ACREDITADO;1626;124206510.17
202613;A066;9;20;RECHAZADA;33;5824067.58
202613;A069;1;40;ACREDITADO;20962;1348719819.68
202613;A070;9;20;ACREDITADO;1870;228575500
202613;A070;9;20;DEVUELTA;74;14112600
202613;A070;9;20;RECHAZADA;51;8730500
202613;A071;6;60;RECHAZADA;1;55055
202613;A071;6;80;ACREDITADO;27;3495690
202613;A071;6;80;RECHAZADA;5;561440
202613;A071;6;90;ACREDITADO;13;1298935
202613;A071;6;90;RECHAZADA;1;96800
202613;A072;6;80;ACREDITADO;98;15059468
202613;A072;6;80;RECHAZADA;37;6952780
202613;A072;6;90;ACREDITADO;164;21073038
202613;A072;6;90;RECHAZADA;25;3037350
202613;A073;9;20;ACREDITADO;90;9709766
202613;A074;9;20;ACREDITADO;2;8
202613;A076;9;20;ACREDITADO;1;170360.65
202613;A077;6;80;ACREDITADO;1;833333
202613;A077;6;80;RECHAZADA;2;1666666
202613;A078;9;20;ACREDITADO;431;49217500.86
202613;A078;9;20;DEVUELTA;27;4176594.40
202613;A078;9;20;RECHAZADA;14;2961861.90
202613;A079;9;20;ACREDITADO;156;13093105.75
202613;A079;9;20;RECHAZADA;1;51663
202613;A081;1;40;ACREDITADO;9;635507.44
202613;A082;9;20;ACREDITADO;116;25023230
202613;A082;9;20;RECHAZADA;13;5150000
202613;A084;1;40;ACREDITADO;1413;166947597.96
202613;A086;1;40;ACREDITADO;3;477833.25
202613;A087;1;40;ACREDITADO;1;71757
202613;A088;1;40;ACREDITADO;9193;260151738.48
202613;A090;1;40;ACREDITADO;1949;388112237.90
202613;A094;9;20;ACREDITADO;671;9247603.69
202613;A094;9;20;RECHAZADA;4;8700
202613;A095;1;40;ACREDITADO;5996;143154966.41
202613;A096;1;40;ACREDITADO;1637;25608142.32
202613;A098;1;40;ACREDITADO;5917;586838302.89
202613;A101;1;40;ACREDITADO;250;17106170.39
202613;A103;1;40;ACREDITADO;2;27500
202613;A103;7;20;ACREDITADO;15;645098.67
202613;A103;7;60;ACREDITADO;1;59001
202613;A103;7;80;RECHAZADA;1;8900
202613;A103;7;90;ACREDITADO;3;183199.18
202613;A103;7;90;RECHAZADA;1;10000
202613;A103;9;20;ACREDITADO;13259;235377318.67
202613;A103;9;20;RECHAZADA;48;955563.80
202613;A104;1;40;ACREDITADO;7;134603.73
202613;A104;7;20;ACREDITADO;2441;61488408.85
202613;A104;7;20;RECHAZADA;5;134404.88
202613;A104;7;40;ACREDITADO;3346;96125736.03
202613;A105;1;40;ACREDITADO;2;254875
202613;A107;1;40;ACREDITADO;34;12997580.75
202613;A108;9;20;ACREDITADO;15890;300754061.27
202613;A108;9;20;RECHAZADA;42;1822138
202613;A111;9;20;ACREDITADO;3;594.04
202613;A112;1;40;ACREDITADO;8;162745.29
202613;A114;1;40;ACREDITADO;56;3207640
202613;A116;1;40;ACREDITADO;68;7251141
202613;A117;9;20;ACREDITADO;1906;34523656.88
202613;A117;9;20;RECHAZADA;4;36200
202613;A127;7;20;ACREDITADO;10;457767.20
202613;A127;7;20;DEVUELTA;1;4114
202613;A127;7;40;ACREDITADO;9;642257.11
202613;A127;7;40;DEVUELTA;1;12463
202613;A127;7;80;ACREDITADO;3;19087.26
202613;A132;6;80;ACREDITADO;3953;403220798.12
202613;A132;6;80;RECHAZADA;1580;401024700.65
202613;A132;6;90;ACREDITADO;4841;398256332.75
202613;A132;6;90;RECHAZADA;894;516437120.91
202613;A132;9;20;ACREDITADO;3675;376644924.42
202613;A132;9;20;RECHAZADA;87;28568246.73
202613;A134;1;40;ACREDITADO;2;40
202613;A134;4;60;ACREDITADO;2;12528.50
202613;A134;4;80;ACREDITADO;3;104424
202613;A134;4;90;ACREDITADO;115;1546954.30
202613;A134;4;90;RECHAZADA;4;39270
202613;A134;9;20;ACREDITADO;123;2134014
202613;A135;9;20;ACREDITADO;1;103.50
202613;A136;7;40;ACREDITADO;5;91000
202613;A136;7;80;ACREDITADO;4;68000
202613;A136;7;90;ACREDITADO;1;19000
202613;A136;7;90;RECHAZADA;3;51000
202613;B;4;60;ACREDITADO;44;289088.91
202613;B;4;60;RECHAZADA;3;112000
202613;B;4;80;ACREDITADO;89;3785793.82
202613;B;4;80;RECHAZADA;8;226100
202613;B;4;90;ACREDITADO;400;7982776.42
202613;B;4;90;RECHAZADA;18;281806.98
202613;B;9;20;ACREDITADO;2709;204765953.29
202613;B;9;20;RECHAZADA;13;2243273.44
202613;C;9;20;ACREDITADO;17877;1719256940.24
202613;C;9;20;RECHAZADA;112;22203400.76
202613;D;9;20;ACREDITADO;1329;356076466.48
202613;D;9;20;RECHAZADA;21;7753712.98
202613;E;9;20;ACREDITADO;121;1135604
202613;F;9;20;ACREDITADO;1778;362517275.68
202613;F;9;20;RECHAZADA;57;24658007.97
202613;G;9;20;ACREDITADO;3136;90893896.73
202613;G;9;20;RECHAZADA;30;2161208.83
202613;J;4;90;ACREDITADO;578;140388846.80
202613;J;4;90;RECHAZADA;33;9132743.67
202613;J;6;90;ACREDITADO;135;31110970.15
202613;J;6;90;RECHAZADA;30;11084523.61
202613;K;4;90;ACREDITADO;1236;265761918.59
202613;K;4;90;DEVUELTA;3;458050.03
202613;K;4;90;RECHAZADA;140;33743218.39
202613;K;6;90;ACREDITADO;685;126772247.42
202613;K;6;90;RECHAZADA;106;34373264.78
202613;K;9;20;ACREDITADO;1;100
202613;N;9;20;ACREDITADO;3049;174119281.74
202613;N;9;20;RECHAZADA;19;4988164.21
202613;PMC;2;50;ACREDITADO;69363;7836216038.98
202613;Q;6;90;ACREDITADO;60;4016821.19
202613;Q;6;90;RECHAZADA;8;600233.67
202613;R;9;20;ACREDITADO;11485;1193943794.02
202613;R;9;20;DEVUELTA;9;321728.90
202613;R;9;20;RECHAZADA;211;60861570.33
202613;U;4;60;ACREDITADO;3;284780.55
202613;U;4;60;RECHAZADA;2;658000
202613;U;4;90;ACREDITADO;65;11098102.51
202613;U;4;90;RECHAZADA;6;2068715.73
202613;U;6;90;ACREDITADO;47;7346220.06
202613;U;6;90;RECHAZADA;8;1433943.92
202613;V;9;20;ACREDITADO;412;40343691.48
202613;V;9;20;RECHAZADA;27;9160345.03
202613;VIRG;9;20;ACREDITADO;120;1388666
202613;VIRG;9;20;RECHAZADA;1;7800
202613;W;9;20;ACREDITADO;724;155209992.29
202613;W;9;20;RECHAZADA;11;2945551.65
202613;Y;6;90;ACREDITADO;142;16722143.55
202613;Y;6;90;RECHAZADA;30;1699036.31
202614;6;1;40;ACREDITADO;90;8559000
202614;6;6;90;ACREDITADO;816;55232200.08
202614;6;6;90;RECHAZADA;137;10358986.59
202614;7;1;40;ACREDITADO;1;2
202614;7;7;20;ACREDITADO;4;1727828.23
202614;7;7;40;ACREDITADO;29;17922248.03
202614;7;7;80;RECHAZADA;2;1967000
202614;7;7;90;ACREDITADO;1;830000
202614;7;7;90;RECHAZADA;2;5230000
202614;7;9;20;ACREDITADO;1;1
202614;A009;1;40;ACREDITADO;378;65732249.34
202614;A012;9;20;ACREDITADO;49;8106271.12
202614;A014;9;20;ACREDITADO;2058;54523360.08
202614;A014;9;20;RECHAZADA;12;429030
202614;A016;1;40;ACREDITADO;139;21869479.92
202614;A016;6;90;ACREDITADO;29;4597302.15
202614;A016;6;90;RECHAZADA;2;726000
202614;A020;4;80;ACREDITADO;5;332350
202614;A020;4;80;RECHAZADA;1;14300
202614;A020;4;90;ACREDITADO;15;361200
202614;A022;9;20;ACREDITADO;24;148297
202614;A023;1;40;ACREDITADO;184;30770949.89
202614;A023;6;90;ACREDITADO;22;4333635.52
202614;A023;6;90;RECHAZADA;14;4468764.55
202614;A024;1;40;ACREDITADO;1237;276952470.47
202614;A024;6;80;ACREDITADO;35;7355460
202614;A024;6;80;RECHAZADA;44;11809630
202614;A024;6;90;ACREDITADO;72;17226100
202614;A024;6;90;RECHAZADA;39;12816160
202614;A025;1;40;ACREDITADO;1;4000
202614;A025;6;90;ACREDITADO;3;539753.33
202614;A027;9;20;ACREDITADO;6042;653630493
202614;A027;9;20;DEVUELTA;266;29966915
202614;A027;9;20;RECHAZADA;73;9893881
202614;A031;1;40;ACREDITADO;57;1071125.19
202614;A031;9;20;ACREDITADO;65;1318805.30
202614;A032;4;80;DEVUELTA;1;120
202614;A032;4;90;DEVUELTA;1;15
202614;A032;7;20;ACREDITADO;1;1
202614;A032;7;20;DEVUELTA;1;1
202614;A032;9;20;ACREDITADO;1;2
202614;A035;6;90;ACREDITADO;75;15767406.71
202614;A035;6;90;RECHAZADA;11;5298174.87
202614;A036;9;20;ACREDITADO;81;14476119.52
202614;A037;6;90;ACREDITADO;8;413700
202614;A037;6;90;RECHAZADA;2;223358.55
202614;A038;1;40;ACREDITADO;17041;3887042822.57
202614;A038;6;80;ACREDITADO;93;26977542.55
202614;A038;6;80;RECHAZADA;221;96528973.43
202614;A039;1;40;ACREDITADO;998;20297623.30
202614;A039;4;60;ACREDITADO;956;15579853.28
202614;A039;4;60;RECHAZADA;64;1445712.99
202614;A039;4;80;ACREDITADO;1601;45386020.42
202614;A039;4;80;DEVUELTA;1;30426.91
202614;A039;4;80;RECHAZADA;122;6836450.19
202614;A039;4;90;ACREDITADO;7049;130166308.84
202614;A039;4;90;DEVUELTA;1;18400
202614;A039;4;90;RECHAZADA;255;8314748.75
202614;A039;6;60;RECHAZADA;1;55000
202614;A039;6;90;ACREDITADO;1;55000
202614;A039;9;20;ACREDITADO;12078;259391630.01
202614;A039;9;20;RECHAZADA;52;962068
202614;A040;1;40;ACREDITADO;843;196241663.38
202614;A042;9;20;ACREDITADO;3118;186642029.36
202614;A042;9;20;DEVUELTA;28;2030239.74
202614;A042;9;20;RECHAZADA;17;1232687.43
202614;A045;1;40;ACREDITADO;6076;861662870.05
202614;A046;4;80;ACREDITADO;13;469000
202614;A046;4;90;ACREDITADO;55;1822000
202614;A046;4;90;RECHAZADA;2;46000
202614;A046;9;20;ACREDITADO;725;34793500
202614;A046;9;20;RECHAZADA;2;81000
202614;A051;1;40;ACREDITADO;572;8358504.01
202614;A051;6;80;ACREDITADO;22;3851371
202614;A051;6;80;RECHAZADA;12;6224414
202614;A052;1;40;ACREDITADO;155;20414491.86
202614;A060;9;20;ACREDITADO;452;79742109.78
202614;A060;9;20;DEVUELTA;5;361414.27
202614;A060;9;20;RECHAZADA;5;2215185.64
202614;A061;1;40;ACREDITADO;509;92979093.85
202614;A063;9;20;ACREDITADO;43;1549720
202614;A064;1;40;ACREDITADO;68;1434500
202614;A066;9;20;ACREDITADO;2653;174205703.59
202614;A066;9;20;RECHAZADA;38;5221160
202614;A069;1;40;ACREDITADO;36773;1499667758.59
202614;A070;9;20;ACREDITADO;2068;278609200
202614;A070;9;20;DEVUELTA;173;27781200
202614;A070;9;20;RECHAZADA;48;10063900
202614;A071;6;60;ACREDITADO;1;159720
202614;A071;6;80;ACREDITADO;29;4404037
202614;A071;6;80;RECHAZADA;13;1747966
202614;A071;6;90;ACREDITADO;27;3294164.50
202614;A071;6;90;RECHAZADA;3;479160
202614;A072;6;80;ACREDITADO;105;16029272
202614;A072;6;80;RECHAZADA;64;10896080
202614;A072;6;90;ACREDITADO;107;14274854
202614;A072;6;90;RECHAZADA;23;2666208
202614;A073;9;20;ACREDITADO;100;11385979
202614;A074;1;40;ACREDITADO;5;2314590.93
202614;A076;9;20;ACREDITADO;64;11167418.59
202614;A076;9;20;RECHAZADA;9;1446930
202614;A077;6;80;ACREDITADO;2;916500
202614;A077;6;80;RECHAZADA;1;276225
202614;A078;9;20;ACREDITADO;515;73116417
202614;A078;9;20;DEVUELTA;48;4344806.91
202614;A078;9;20;RECHAZADA;7;1820000
202614;A079;9;20;ACREDITADO;186;24853614.71
202614;A079;9;20;RECHAZADA;1;43356.40
202614;A080;1;40;ACREDITADO;70;1156750
202614;A081;1;40;ACREDITADO;29;3018770.44
202614;A082;9;20;ACREDITADO;97;17177761.92
202614;A082;9;20;RECHAZADA;6;2447000
202614;A084;1;40;ACREDITADO;3077;407199630.10
202614;A086;1;40;ACREDITADO;25;4020080.09
202614;A088;1;40;ACREDITADO;11525;307761262.46
202614;A090;1;40;ACREDITADO;3399;714477282.58
202614;A094;9;20;ACREDITADO;614;8756600
202614;A094;9;20;RECHAZADA;4;14200
202614;A095;1;40;ACREDITADO;6546;133456386.55
202614;A096;1;40;ACREDITADO;1768;25524718.76
202614;A098;1;40;ACREDITADO;7046;619738676
202614;A101;1;40;ACREDITADO;626;48558393.31
202614;A103;7;20;ACREDITADO;4;150300
202614;A103;7;80;ACREDITADO;3;216630
202614;A103;7;90;ACREDITADO;3;112821.50
202614;A103;7;90;RECHAZADA;1;10000
202614;A103;9;20;ACREDITADO;12667;240626782.87
202614;A103;9;20;RECHAZADA;52;1214199
202614;A104;1;40;ACREDITADO;33;662334.11
202614;A104;7;20;ACREDITADO;1808;47421889.50
202614;A104;7;20;RECHAZADA;4;116353.28
202614;A104;7;40;ACREDITADO;1853;51103863.48
202614;A105;1;40;ACREDITADO;20;2794312
202614;A107;1;40;ACREDITADO;62;13796180.39
202614;A108;9;20;ACREDITADO;17034;349672741.21
202614;A108;9;20;RECHAZADA;46;1779753.99
202614;A110;1;40;ACREDITADO;1;10
202614;A111;9;20;ACREDITADO;1;234.30
202614;A112;1;40;ACREDITADO;140;3054555.35
202614;A114;1;40;ACREDITADO;77;4102280
202614;A116;1;40;ACREDITADO;87;7767335.99
202614;A117;9;20;ACREDITADO;1857;35735655.63
202614;A117;9;20;RECHAZADA;6;243250
202614;A124;6;80;ACREDITADO;1;100
202614;A124;6;80;RECHAZADA;1;10
202614;A125;1;40;ACREDITADO;1;10
202614;A127;7;20;ACREDITADO;4;139243
202614;A127;7;40;ACREDITADO;10;1019859.39
202614;A127;7;40;DEVUELTA;1;4203.54
202614;A127;7;60;ACREDITADO;1;11374
202614;A127;7;80;ACREDITADO;6;398784.54
202614;A127;7;90;ACREDITADO;1;7139
202614;A132;6;80;ACREDITADO;4486;475000242.03
202614;A132;6;80;RECHAZADA;2224;635765554.69
202614;A132;6;90;ACREDITADO;7432;588078406.17
202614;A132;6;90;RECHAZADA;1142;157890245.73
202614;A132;9;20;ACREDITADO;4756;456741748.74
202614;A132;9;20;RECHAZADA;96;33823293.97
202614;A134;4;80;ACREDITADO;8;418355
202614;A134;4;90;ACREDITADO;63;862031.75
202614;A134;4;90;RECHAZADA;2;18100.25
202614;A134;9;20;ACREDITADO;132;3374818
202614;A134;9;20;RECHAZADA;1;2000
202614;A136;7;40;ACREDITADO;7;117000
202614;A136;7;80;ACREDITADO;4;70000
202614;A136;7;90;ACREDITADO;2;38000
202614;B;4;10;ACREDITADO;1;33045.08
202614;B;4;60;ACREDITADO;31;233800
202614;B;4;60;RECHAZADA;5;23100
202614;B;4;80;ACREDITADO;48;2008747.87
202614;B;4;80;RECHAZADA;5;57463
202614;B;4;90;ACREDITADO;337;7750525.88
202614;B;4;90;RECHAZADA;7;109878.96
202614;B;6;80;DEVUELTA;4;480
202614;B;6;80;RECHAZADA;3;360
202614;B;7;20;DEVUELTA;1;1
202614;B;7;80;DEVUELTA;1;100
202614;B;7;80;RECHAZADA;1;100
202614;B;9;20;ACREDITADO;2487;188097501.68
202614;B;9;20;DEVUELTA;3;13.20
202614;B;9;20;RECHAZADA;14;2035668
202614;C;9;20;ACREDITADO;19472;2099883660.82
202614;C;9;20;DEVUELTA;2;23799
202614;C;9;20;RECHAZADA;165;29125485.50
202614;D;9;20;ACREDITADO;7195;2105783486.67
202614;D;9;20;RECHAZADA;177;69212403.70
202614;E;9;20;ACREDITADO;197;1881880
202614;F;9;20;ACREDITADO;1421;313839609
202614;F;9;20;RECHAZADA;60;22837312.36
202614;G;9;20;ACREDITADO;2479;95388149.48
202614;G;9;20;RECHAZADA;49;2078305.04
202614;J;4;90;ACREDITADO;777;189425365.63
202614;J;4;90;RECHAZADA;42;9390569.28
202614;J;6;90;ACREDITADO;306;69499640.20
202614;J;6;90;RECHAZADA;81;32416023.74
202614;K;4;90;ACREDITADO;1145;253160090.65
202614;K;4;90;DEVUELTA;2;730874.52
202614;K;4;90;RECHAZADA;115;34364007.16
202614;K;6;90;ACREDITADO;794;166306288.98
202614;K;6;90;RECHAZADA;185;52368826.52
202614;K;7;20;ACREDITADO;6;166.53
202614;K;7;40;ACREDITADO;6;276.07
202614;K;7;90;ACREDITADO;4;2005.04
202614;K;7;90;RECHAZADA;2;20.05
202614;K;9;20;ACREDITADO;1;100
202614;MALA;9;20;ACREDITADO;6;700
202614;N;9;20;ACREDITADO;3849;205488807.50
202614;N;9;20;RECHAZADA;38;3388609.12
202614;PMC;2;50;ACREDITADO;56615;6342795043.96
202614;Q;6;90;ACREDITADO;149;11325615.23
202614;Q;6;90;RECHAZADA;22;2765283.73
202614;R;9;20;ACREDITADO;11852;1303332538.47
202614;R;9;20;DEVUELTA;13;560811.61
202614;R;9;20;RECHAZADA;288;103660869.70
202614;T;4;80;ACREDITADO;1;34.56
202614;T;4;80;RECHAZADA;2;335.55
202614;T;9;20;ACREDITADO;1;2.55
202614;U;4;60;ACREDITADO;3;143300
202614;U;4;60;RECHAZADA;1;33000
202614;U;4;90;ACREDITADO;72;10471959.16
202614;U;4;90;RECHAZADA;16;2849664.54
202614;U;6;90;ACREDITADO;44;6516396.49
202614;U;6;90;RECHAZADA;7;3305106.94
202614;V;9;20;ACREDITADO;513;65927059.02
202614;V;9;20;RECHAZADA;12;4416154.60
202614;VIRG;9;20;ACREDITADO;177;2272633
202614;W;9;20;ACREDITADO;1223;262979445.88
202614;W;9;20;RECHAZADA;8;4349098.07
202614;Y;6;90;ACREDITADO;398;57241957.01
202614;Y;6;90;RECHAZADA;83;13650096.88
202615;6;1;40;ACREDITADO;86;13159111
202615;6;6;60;ACREDITADO;7;323150
202615;6;6;60;RECHAZADA;5;307050
202615;6;6;80;ACREDITADO;3;110400
202615;6;6;80;RECHAZADA;4;66700
202615;6;6;90;ACREDITADO;3018;191604032.82
202615;6;6;90;RECHAZADA;438;57021603.56
202615;7;1;40;ACREDITADO;2;3
202615;7;7;20;ACREDITADO;5;1212022.83
202615;7;7;40;ACREDITADO;55;42594648.62
202615;7;7;80;ACREDITADO;7;9067015.42
202615;7;7;80;RECHAZADA;11;18449564.31
202615;7;7;90;ACREDITADO;1;669312.62
202615;7;7;90;RECHAZADA;4;3148100.30
202615;A009;1;40;ACREDITADO;1089;186994766.58
202615;A012;9;20;ACREDITADO;251;46359864.54
202615;A012;9;20;RECHAZADA;1;148855.06
202615;A014;9;20;ACREDITADO;3039;72199218.86
202615;A014;9;20;RECHAZADA;32;673315
202615;A016;1;40;ACREDITADO;490;90418506.70
202615;A016;6;90;ACREDITADO;202;41569655.49
202615;A016;6;90;RECHAZADA;37;7516784.09
202615;A020;4;10;ACREDITADO;1;58000
202615;A020;4;60;ACREDITADO;2;36800
202615;A020;4;80;ACREDITADO;8;169970
202615;A020;4;80;RECHAZADA;3;97930
202615;A020;4;90;ACREDITADO;26;835580
202615;A020;4;90;RECHAZADA;3;98020
202615;A020;9;20;ACREDITADO;9;67800
202615;A022;9;20;ACREDITADO;122;795497
202615;A023;1;40;ACREDITADO;644;110611119.96
202615;A023;6;90;ACREDITADO;87;16476900.32
202615;A023;6;90;RECHAZADA;229;142673443.38
202615;A024;1;40;ACREDITADO;1801;367622794.32
202615;A024;6;80;ACREDITADO;113;24317430
202615;A024;6;80;RECHAZADA;261;83870640
202615;A024;6;90;ACREDITADO;258;48414920
202615;A024;6;90;RECHAZADA;126;34592100
202615;A025;6;80;RECHAZADA;1;3130299.59
202615;A025;6;90;ACREDITADO;11;1772480.57
202615;A025;6;90;RECHAZADA;13;5924901.72
202615;A026;9;20;ACREDITADO;1;2128517.25
202615;A027;9;20;ACREDITADO;10166;1097272500.97
202615;A027;9;20;DEVUELTA;1;31089
202615;A027;9;20;RECHAZADA;83;10065376
202615;A031;1;40;ACREDITADO;122;1728368.62
202615;A031;9;20;ACREDITADO;18;399516.50
202615;A032;1;40;ACREDITADO;1;1
202615;A035;6;90;ACREDITADO;611;150712139.10
202615;A035;6;90;RECHAZADA;145;64544676.44
202615;A036;9;20;ACREDITADO;392;89360318.88
202615;A036;9;20;RECHAZADA;7;3006707.03
202615;A037;6;90;ACREDITADO;76;4252283
202615;A037;6;90;RECHAZADA;7;433550
202615;A038;1;40;ACREDITADO;29461;7105016646.36
202615;A038;6;80;ACREDITADO;832;154562336.24
202615;A038;6;80;RECHAZADA;1342;501230232.64
202615;A039;1;40;ACREDITADO;1117;24961192
202615;A039;4;60;ACREDITADO;1927;33394831.15
202615;A039;4;60;RECHAZADA;84;1888029.98
202615;A039;4;80;ACREDITADO;2728;78674171.32
202615;A039;4;80;DEVUELTA;2;227049.87
202615;A039;4;80;RECHAZADA;230;14724987.58
202615;A039;4;90;ACREDITADO;14087;272090972.01
202615;A039;4;90;DEVUELTA;5;380250
202615;A039;4;90;RECHAZADA;396;14580846
202615;A039;6;80;ACREDITADO;1;82000
202615;A039;9;20;ACREDITADO;10306;204188568.08
202615;A039;9;20;RECHAZADA;92;1468295
202615;A040;1;40;ACREDITADO;1076;259976137.82
202615;A041;9;20;ACREDITADO;5;2791042.42
202615;A042;9;20;ACREDITADO;3173;208543461.05
202615;A042;9;20;DEVUELTA;8;432126.04
202615;A042;9;20;RECHAZADA;14;2486024.73
202615;A045;1;40;ACREDITADO;19224;2744082569.11
202615;A046;4;80;ACREDITADO;36;1304100
202615;A046;4;90;ACREDITADO;142;4731932
202615;A046;4;90;RECHAZADA;2;391000
202615;A046;9;20;ACREDITADO;1156;56071490.94
202615;A046;9;20;RECHAZADA;5;151000
202615;A051;1;40;ACREDITADO;6282;384753667.99
202615;A051;6;80;ACREDITADO;17;4922530
202615;A051;6;80;RECHAZADA;19;11336770
202615;A051;6;90;ACREDITADO;9;1902665
202615;A051;6;90;RECHAZADA;4;2018410
202615;A052;1;40;ACREDITADO;199;28690866.74
202615;A060;9;20;ACREDITADO;446;97346036.81
202615;A060;9;20;RECHAZADA;4;174815.26
202615;A061;1;40;ACREDITADO;1333;209366710.44
202615;A063;9;20;ACREDITADO;23;952100
202615;A064;1;40;ACREDITADO;68;1908600
202615;A065;4;80;ACREDITADO;2;1260000
202615;A065;4;80;RECHAZADA;1;630000
202615;A066;9;20;ACREDITADO;5164;332964842.56
202615;A066;9;20;RECHAZADA;95;13532827.79
202615;A069;1;40;ACREDITADO;37890;1709027564.13
202615;A070;9;20;ACREDITADO;2818;436834100
202615;A070;9;20;DEVUELTA;101;16823600
202615;A070;9;20;RECHAZADA;75;11619100
202615;A071;6;60;ACREDITADO;1;31762.50
202615;A071;6;60;RECHAZADA;1;65037.50
202615;A071;6;80;ACREDITADO;59;8280030
202615;A071;6;80;RECHAZADA;18;2716450
202615;A071;6;90;ACREDITADO;43;5549604.50
202615;A071;6;90;RECHAZADA;7;948640
202615;A072;6;80;ACREDITADO;136;19546076
202615;A072;6;80;RECHAZADA;80;13905900
202615;A072;6;90;ACREDITADO;214;25229278
202615;A072;6;90;RECHAZADA;44;5136860
202615;A072;7;20;ACREDITADO;154;17446942
202615;A072;7;20;RECHAZADA;2;185000
202615;A072;7;40;ACREDITADO;57;6110248
202615;A072;7;80;ACREDITADO;256;33642702
202615;A072;7;80;RECHAZADA;113;18535390
202615;A072;7;90;ACREDITADO;277;33354884
202615;A072;7;90;RECHAZADA;41;5352500
202615;A073;9;20;ACREDITADO;127;15197781.50
202615;A074;1;40;ACREDITADO;23;11134382.68
202615;A074;9;20;ACREDITADO;4;1263980.39
202615;A076;9;20;ACREDITADO;101;17649297.21
202615;A076;9;20;RECHAZADA;4;643080
202615;A077;6;80;ACREDITADO;1;750000
202615;A077;6;80;RECHAZADA;8;5942890
202615;A077;6;90;ACREDITADO;3;2250000
202615;A077;6;90;RECHAZADA;2;1583333
202615;A078;9;20;ACREDITADO;579;85251501.25
202615;A078;9;20;DEVUELTA;49;2830735.46
202615;A078;9;20;RECHAZADA;10;2321394.94
202615;A079;9;20;ACREDITADO;177;28400849.17
202615;A079;9;20;RECHAZADA;2;310465.97
202615;A080;1;40;ACREDITADO;1;18080
202615;A081;1;40;ACREDITADO;21;2297324.27
202615;A082;9;20;ACREDITADO;159;29631852
202615;A082;9;20;RECHAZADA;21;8159532
202615;A084;1;40;ACREDITADO;4400;577729189.72
202615;A086;1;40;ACREDITADO;72;11392625.11
202615;A087;1;40;ACREDITADO;9;4584853
202615;A088;1;40;ACREDITADO;9936;271005757.34
202615;A090;1;40;ACREDITADO;9603;2294741252.69
202615;A094;9;20;ACREDITADO;735;10739140
202615;A094;9;20;RECHAZADA;3;25100
202615;A095;1;40;ACREDITADO;6777;186580802.67
202615;A096;1;40;ACREDITADO;1976;30945479.94
202615;A098;1;40;ACREDITADO;5979;815166421.70
202615;A099;1;40;ACREDITADO;2;403000
202615;A101;1;40;ACREDITADO;1497;121846336.88
202615;A103;1;40;ACREDITADO;5;138400
202615;A103;7;20;ACREDITADO;19;594241
202615;A103;7;60;RECHAZADA;2;72797.50
202615;A103;7;80;ACREDITADO;1;26900
202615;A103;7;80;RECHAZADA;5;132941
202615;A103;7;90;ACREDITADO;9;313299
202615;A103;9;20;ACREDITADO;16070;319162254.26
202615;A103;9;20;RECHAZADA;79;2212336.15
202615;A104;1;40;ACREDITADO;12;274552.21
202615;A104;7;20;ACREDITADO;3163;79216338.75
202615;A104;7;20;RECHAZADA;34;809579.08
202615;A104;7;40;ACREDITADO;4321;116139951.59
202615;A105;1;40;ACREDITADO;81;9396247.41
202615;A107;1;40;ACREDITADO;59;14091924.70
202615;A108;9;20;ACREDITADO;17147;316604235.61
202615;A108;9;20;RECHAZADA;131;2066270
202615;A111;9;20;ACREDITADO;2;517426.39
202615;A112;1;40;ACREDITADO;191;4340172.86
202615;A114;1;40;ACREDITADO;91;6874035
202615;A116;1;40;ACREDITADO;36;8206394
202615;A117;9;20;ACREDITADO;2158;45023685.54
202615;A117;9;20;RECHAZADA;6;81300
202615;A121;1;40;ACREDITADO;5;324158
202615;A127;7;20;ACREDITADO;9;375110.89
202615;A127;7;40;ACREDITADO;8;300233.67
202615;A127;7;40;DEVUELTA;1;12584
202615;A127;7;80;ACREDITADO;4;434498.90
202615;A127;7;80;DEVUELTA;1;22081.29
202615;A127;7;80;RECHAZADA;3;64614
202615;A127;7;90;ACREDITADO;1;6050
202615;A127;7;90;DEVUELTA;1;7744
202615;A127;7;90;RECHAZADA;2;44162.58
202615;A130;9;20;ACREDITADO;11;11
202615;A130;9;20;DEVUELTA;1;1
202615;A131;1;40;ACREDITADO;1;80000
202615;A132;6;80;ACREDITADO;8722;901812404.89
202615;A132;6;80;RECHAZADA;6135;1407475508.85
202615;A132;6;90;ACREDITADO;21050;1487451485.87
202615;A132;6;90;RECHAZADA;3622;723100901.57
202615;A132;9;20;ACREDITADO;7206;626298277.35
202615;A132;9;20;RECHAZADA;127;34855607.80
202615;A134;4;80;ACREDITADO;4;319440
202615;A134;4;80;RECHAZADA;2;208120
202615;A134;4;90;ACREDITADO;1;29104
202615;A134;9;20;ACREDITADO;111;2537550
202615;A134;9;20;RECHAZADA;3;118300
202615;A136;7;40;ACREDITADO;21;357750
202615;A136;7;80;ACREDITADO;1;19000
202615;B;4;10;RECHAZADA;2;360000
202615;B;4;60;ACREDITADO;58;330897.78
202615;B;4;60;RECHAZADA;3;24500
202615;B;4;80;ACREDITADO;70;3029989.48
202615;B;4;80;RECHAZADA;9;355720
202615;B;4;90;ACREDITADO;512;10977547.50
202615;B;4;90;DEVUELTA;1;64299.50
202615;B;4;90;RECHAZADA;16;297939.99
202615;B;9;20;ACREDITADO;2944;221942809.73
202615;B;9;20;RECHAZADA;6;607100
202615;C;9;20;ACREDITADO;39725;5076391007.67
202615;C;9;20;DEVUELTA;6;2794885.74
202615;C;9;20;RECHAZADA;565;109293242.18
202615;D;9;20;ACREDITADO;17914;5528937655.51
202615;D;9;20;RECHAZADA;544;199949218.58
202615;E;9;20;ACREDITADO;279;2583524
202615;F;9;20;ACREDITADO;4264;991948739.54
202615;F;9;20;RECHAZADA;212;89200824.58
202615;J;4;90;ACREDITADO;2482;618109872.37
202615;J;4;90;RECHAZADA;135;38978603.81
202615;J;6;90;ACREDITADO;1588;396543027.18
202615;J;6;90;RECHAZADA;322;109299906.67
202615;K;4;90;ACREDITADO;3090;686892283.03
202615;K;4;90;DEVUELTA;6;332084.12
202615;K;4;90;RECHAZADA;355;110422731.76
202615;K;6;90;ACREDITADO;2895;658813330.50
202615;K;6;90;RECHAZADA;737;217242391.03
202615;K;7;20;ACREDITADO;7;144114.36
202615;K;7;40;ACREDITADO;8;203530.02
202615;K;7;90;ACREDITADO;4;102006.06
202615;K;7;90;RECHAZADA;1;150000
202615;K;9;20;ACREDITADO;1;100
202615;MALA;9;20;ACREDITADO;1;100
202615;N;9;20;ACREDITADO;5163;336944630.29
202615;N;9;20;RECHAZADA;60;5430128.06
202615;PMC;2;50;ACREDITADO;251482;25182477281.93
202615;Q;6;90;ACREDITADO;352;21514573.64
202615;Q;6;90;RECHAZADA;69;6415807.13
202615;R;9;20;ACREDITADO;25679;3050977360.03
202615;R;9;20;DEVUELTA;20;3710409.63
202615;R;9;20;RECHAZADA;694;172158384.27
202615;U;4;60;ACREDITADO;16;3038669.44
202615;U;4;60;RECHAZADA;1;497741.16
202615;U;4;90;ACREDITADO;169;22845764.40
202615;U;4;90;RECHAZADA;38;7889482.90
202615;U;6;90;ACREDITADO;296;51960828.81
202615;U;6;90;RECHAZADA;152;17229877.14
202615;V;9;20;ACREDITADO;1185;156239030.77
202615;V;9;20;DEVUELTA;1;28000
202615;V;9;20;RECHAZADA;80;21222110.07
202615;VIRG;9;20;ACREDITADO;183;2896612
202615;VIRG;9;20;RECHAZADA;4;34900
202615;W;9;20;ACREDITADO;4549;1060450326.74
202615;W;9;20;RECHAZADA;116;34751999.51
202615;Y;6;90;ACREDITADO;1316;169003195.80
202615;Y;6;90;DEVUELTA;1;31348.09
202615;Y;6;90;RECHAZADA;250;51234136.21
202616;6;1;40;ACREDITADO;42;5214001
202616;6;6;60;ACREDITADO;5;155250
202616;6;6;60;RECHAZADA;7;251850
202616;6;6;80;ACREDITADO;4;274850
202616;6;6;80;RECHAZADA;4;496800
202616;6;6;90;ACREDITADO;2045;122609956.21
202616;6;6;90;RECHAZADA;413;63072464.22
202616;7;7;20;ACREDITADO;3;2029251.63
202616;7;7;40;ACREDITADO;32;25947034.38
202616;7;7;80;ACREDITADO;4;1855867.19
202616;7;7;80;RECHAZADA;6;7062672.55
202616;7;7;90;ACREDITADO;2;902615.48
202616;A009;1;40;ACREDITADO;542;83047835.13
202616;A012;9;20;ACREDITADO;102;13339742.63
202616;A014;9;20;ACREDITADO;3349;69796880.33
202616;A014;9;20;RECHAZADA;14;377575
202616;A016;1;40;ACREDITADO;192;27641455.63
202616;A016;6;90;ACREDITADO;62;9185672.69
202616;A016;6;90;RECHAZADA;22;6733020.81
202616;A020;4;60;ACREDITADO;4;59650
202616;A020;4;80;ACREDITADO;6;145320.44
202616;A020;4;90;ACREDITADO;32;767486.28
202616;A020;4;90;RECHAZADA;1;63646.29
202616;A020;9;20;ACREDITADO;15;284614.95
202616;A020;9;20;RECHAZADA;2;30000
202616;A022;9;20;ACREDITADO;130;849019
202616;A023;1;40;ACREDITADO;476;76136681.98
202616;A023;6;90;ACREDITADO;59;9908788.14
202616;A023;6;90;RECHAZADA;52;15916701.69
202616;A024;1;40;ACREDITADO;657;109004056.50
202616;A024;6;80;ACREDITADO;49;11541720
202616;A024;6;80;RECHAZADA;106;32192370
202616;A024;6;90;ACREDITADO;87;15518830
202616;A024;6;90;RECHAZADA;39;12471930
202616;A025;1;40;ACREDITADO;2;429885.13
202616;A025;6;80;RECHAZADA;1;3130299.59
202616;A025;6;90;ACREDITADO;3;492582.06
202616;A025;6;90;RECHAZADA;2;843594.18
202616;A026;9;20;ACREDITADO;2;200
202616;A027;9;20;ACREDITADO;9862;960554746
202616;A027;9;20;RECHAZADA;64;16725885
202616;A031;1;40;ACREDITADO;153;2005824.46
202616;A032;1;40;ACREDITADO;7;70
202616;A032;4;80;DEVUELTA;1;25.22
202616;A032;4;90;DEVUELTA;3;300
202616;A032;7;40;DEVUELTA;1;0.10
202616;A035;6;90;ACREDITADO;202;67253793.91
202616;A035;6;90;RECHAZADA;69;42782527.67
202616;A036;9;20;ACREDITADO;211;38611603.62
202616;A036;9;20;RECHAZADA;1;472882.43
202616;A037;6;90;ACREDITADO;20;1824977.91
202616;A037;6;90;RECHAZADA;2;226935.33
202616;A038;1;40;ACREDITADO;11056;2584000634.73
202616;A038;6;80;ACREDITADO;737;158561945.68
202616;A038;6;80;RECHAZADA;1583;478283800.11
202616;A039;1;40;ACREDITADO;829;22078080.01
202616;A039;4;60;ACREDITADO;1409;22414394.48
202616;A039;4;60;RECHAZADA;95;3458651
202616;A039;4;80;ACREDITADO;1984;60401324.68
202616;A039;4;80;RECHAZADA;343;29842581.94
202616;A039;4;90;ACREDITADO;9668;174376169.75
202616;A039;4;90;DEVUELTA;6;390358.15
202616;A039;4;90;RECHAZADA;303;10499156.31
202616;A039;6;60;RECHAZADA;1;135600
202616;A039;6;80;ACREDITADO;1;55000
202616;A039;9;20;ACREDITADO;9966;179488101.54
202616;A039;9;20;RECHAZADA;61;2030347
202616;A040;1;40;ACREDITADO;1123;255324710.17
202616;A041;9;20;ACREDITADO;3;2589380.81
202616;A042;9;20;ACREDITADO;3109;198782308.63
202616;A042;9;20;DEVUELTA;8;399506.85
202616;A042;9;20;RECHAZADA;21;2922039.70
202616;A045;1;40;ACREDITADO;6334;733548238.99
202616;A046;4;80;ACREDITADO;14;437000
202616;A046;4;80;RECHAZADA;1;23000
202616;A046;4;90;ACREDITADO;99;3178000
202616;A046;9;20;ACREDITADO;945;43792210.88
202616;A046;9;20;RECHAZADA;2;76000
202616;A051;1;40;ACREDITADO;5287;422759650.54
202616;A051;6;80;ACREDITADO;9;3851821.16
202616;A051;6;80;RECHAZADA;3;592038
202616;A051;6;90;ACREDITADO;2;320000
202616;A052;1;40;ACREDITADO;128;20914034.42
202616;A060;9;20;ACREDITADO;484;99250620.83
202616;A060;9;20;RECHAZADA;2;15602.98
202616;A061;1;40;ACREDITADO;774;108969086.38
202616;A062;9;20;ACREDITADO;1;3000
202616;A063;9;20;ACREDITADO;34;1206295.06
202616;A064;1;40;ACREDITADO;110;1607300
202616;A066;9;20;ACREDITADO;3080;193076704.51
202616;A066;9;20;RECHAZADA;48;21600479.90
202616;A069;1;40;ACREDITADO;11663;1077388762.60
202616;A070;9;20;ACREDITADO;2305;333560800
202616;A070;9;20;DEVUELTA;125;21996580
202616;A070;9;20;RECHAZADA;50;9635120
202616;A071;6;60;RECHAZADA;1;105391
202616;A071;6;80;ACREDITADO;48;6464304
202616;A071;6;80;RECHAZADA;18;2866248
202616;A071;6;90;ACREDITADO;32;3881075
202616;A071;6;90;RECHAZADA;2;256520
202616;A072;7;20;ACREDITADO;199;24246126
202616;A072;7;20;RECHAZADA;1;130000
202616;A072;7;40;ACREDITADO;67;7866120
202616;A072;7;80;ACREDITADO;301;43017820
202616;A072;7;80;RECHAZADA;186;33271716
202616;A072;7;90;ACREDITADO;215;27177826
202616;A072;7;90;RECHAZADA;32;4509480
202616;A073;9;20;ACREDITADO;140;16139464
202616;A073;9;20;DEVUELTA;1;70180
202616;A074;1;40;ACREDITADO;1;729872.87
202616;A076;9;20;ACREDITADO;6;3671553.40
202616;A077;6;80;ACREDITADO;1;833333
202616;A077;6;80;RECHAZADA;6;4999998
202616;A077;6;90;ACREDITADO;1;833333
202616;A078;9;20;ACREDITADO;607;92344348.88
202616;A078;9;20;DEVUELTA;58;1682230
202616;A078;9;20;RECHAZADA;3;183285.08
202616;A079;9;20;ACREDITADO;351;21218837.18
202616;A079;9;20;RECHAZADA;3;195986.80
202616;A081;1;40;ACREDITADO;21;1477328.06
202616;A082;9;20;ACREDITADO;138;24362242.05
202616;A082;9;20;RECHAZADA;4;1333000
202616;A084;1;40;ACREDITADO;2751;338083332.05
202616;A086;1;40;ACREDITADO;8;1366426.77
202616;A087;1;40;ACREDITADO;9;1523595
202616;A088;1;40;ACREDITADO;8523;245422781.25
202616;A090;1;40;ACREDITADO;3902;794090402.04
202616;A094;9;20;ACREDITADO;758;12765966.90
202616;A094;9;20;RECHAZADA;7;60600
202616;A095;1;40;ACREDITADO;5937;157390952.53
202616;A096;1;40;ACREDITADO;1672;28842209.28
202616;A098;1;40;ACREDITADO;4900;835126765.72
202616;A099;1;40;ACREDITADO;2;284400
202616;A100;1;40;ACREDITADO;1;13
202616;A101;1;40;ACREDITADO;566;41854751.87
202616;A103;1;40;ACREDITADO;4;14820
202616;A103;7;20;ACREDITADO;3;75999
202616;A103;7;60;RECHAZADA;2;44499
202616;A103;7;80;ACREDITADO;10;480008.67
202616;A103;7;80;RECHAZADA;2;159507.43
202616;A103;7;90;ACREDITADO;7;179447
202616;A103;7;90;RECHAZADA;2;39399
202616;A103;9;20;ACREDITADO;14168;245925989.43
202616;A103;9;20;RECHAZADA;41;830432
202616;A104;1;40;ACREDITADO;5;85373
202616;A104;7;20;ACREDITADO;2673;66856145.14
202616;A104;7;20;RECHAZADA;12;214844.56
202616;A104;7;40;ACREDITADO;3603;97461176.21
202616;A105;1;40;ACREDITADO;167;19942734
202616;A107;1;40;ACREDITADO;49;12511528.07
202616;A108;9;20;ACREDITADO;18931;370933793.09
202616;A108;9;20;RECHAZADA;68;1624190
202616;A110;1;40;ACREDITADO;1;10
202616;A111;9;20;ACREDITADO;9;753904.08
202616;A111;9;20;DEVUELTA;2;141.78
202616;A112;1;40;ACREDITADO;22;489667.59
202616;A114;1;40;ACREDITADO;92;5603314
202616;A116;1;40;ACREDITADO;70;5470071
202616;A117;9;20;ACREDITADO;1925;33561795.67
202616;A117;9;20;RECHAZADA;4;155150
202616;A123;1;40;ACREDITADO;7;200423.30
202616;A124;6;80;ACREDITADO;1;100
202616;A125;1;40;ACREDITADO;1;40
202616;A127;7;20;ACREDITADO;8;119578.25
202616;A127;7;40;ACREDITADO;8;409220.90
202616;A127;7;80;ACREDITADO;7;335091.35
202616;A127;7;80;RECHAZADA;2;32428
202616;A127;7;90;ACREDITADO;2;64130
202616;A130;9;20;ACREDITADO;3;3
202616;A131;1;40;ACREDITADO;1;77000
202616;A132;6;80;ACREDITADO;5610;563577260.72
202616;A132;6;80;RECHAZADA;4041;960903736.91
202616;A132;6;90;ACREDITADO;10731;807102797.16
202616;A132;6;90;RECHAZADA;1903;290785728.02
202616;A132;9;20;ACREDITADO;4839;484579259.73
202616;A132;9;20;RECHAZADA;131;51784342.20
202616;A134;4;80;ACREDITADO;1;56100
202616;A134;4;90;ACREDITADO;1;51360
202616;A134;9;20;ACREDITADO;155;3085590
202616;A135;9;20;ACREDITADO;1;100
202616;A136;7;40;ACREDITADO;6;104000
202616;A136;7;80;ACREDITADO;7;138000
202616;A136;7;80;RECHAZADA;1;17000
202616;A136;7;90;ACREDITADO;1;17000
202616;A136;7;90;RECHAZADA;1;17000
202616;B;4;60;ACREDITADO;79;652506.53
202616;B;4;60;RECHAZADA;2;10000
202616;B;4;80;ACREDITADO;68;2719762.32
202616;B;4;80;RECHAZADA;3;11200
202616;B;4;90;ACREDITADO;454;11550292.59
202616;B;4;90;RECHAZADA;26;1473447.13
202616;B;7;20;ACREDITADO;1;1
202616;B;9;20;ACREDITADO;2897;217187146.29
202616;B;9;20;RECHAZADA;6;511300
202616;C;9;20;ACREDITADO;30210;3279036772.27
202616;C;9;20;RECHAZADA;222;35964281.52
202616;D;9;20;ACREDITADO;4816;1314375063.55
202616;D;9;20;RECHAZADA;151;62358599.85
202616;E;9;20;ACREDITADO;213;2025053
202616;F;9;20;ACREDITADO;2695;564244906.08
202616;F;9;20;RECHAZADA;114;44120324.05
202616;J;4;90;ACREDITADO;1293;289496159.50
202616;J;4;90;RECHAZADA;89;29932884.88
202616;J;6;90;ACREDITADO;613;134482859.49
202616;J;6;90;RECHAZADA;206;74458488.48
202616;K;1;40;ACREDITADO;1;11.02
202616;K;4;90;ACREDITADO;2440;504369989.47
202616;K;4;90;DEVUELTA;4;594353.97
202616;K;4;90;RECHAZADA;228;62140464.43
202616;K;6;90;ACREDITADO;1790;347970654.97
202616;K;6;90;RECHAZADA;433;109971087.24
202616;K;9;20;ACREDITADO;484;101141693.85
202616;K;9;20;RECHAZADA;21;8921544.43
202616;N;9;20;ACREDITADO;4299;291647520.92
202616;N;9;20;RECHAZADA;34;3988184.31
202616;OCTA;9;20;ACREDITADO;1;1
202616;PMC;2;50;ACREDITADO;179145;18769753745.59
202616;Q;6;90;ACREDITADO;170;10459023.61
202616;Q;6;90;RECHAZADA;25;2470442.27
202616;R;9;20;ACREDITADO;20129;2192352755.33
202616;R;9;20;DEVUELTA;19;1561561.81
202616;R;9;20;RECHAZADA;405;136759395.75
202616;T;4;80;ACREDITADO;1;25.05
202616;U;4;60;ACREDITADO;7;821180.54
202616;U;4;60;RECHAZADA;1;245000
202616;U;4;90;ACREDITADO;124;17677535.57
202616;U;4;90;RECHAZADA;18;2836984.72
202616;U;6;90;ACREDITADO;158;23264590.61
202616;U;6;90;RECHAZADA;61;7857464.57
202616;U;9;20;ACREDITADO;5;633712.46
202616;V;9;20;ACREDITADO;679;98446338.08
202616;V;9;20;RECHAZADA;61;23017011.99
202616;VIRG;9;20;ACREDITADO;172;2105800
202616;VIRG;9;20;RECHAZADA;1;10700
202616;W;9;20;ACREDITADO;1951;400086630.17
202616;W;9;20;RECHAZADA;21;6676892.90
202616;Y;6;90;ACREDITADO;685;88769178.16
202616;Y;6;90;RECHAZADA;197;24768530.59
202617;3;6;80;ACREDITADO;1;59999
202617;6;1;40;ACREDITADO;51;3554250
202617;6;6;60;ACREDITADO;3;138000
202617;6;6;60;RECHAZADA;1;69000
202617;6;6;80;ACREDITADO;2;103500
202617;6;6;90;ACREDITADO;2796;157535630.47
202617;6;6;90;RECHAZADA;533;54496056.71
202617;7;7;20;ACREDITADO;3;973265.37
202617;7;7;40;ACREDITADO;47;34988926.13
202617;7;7;40;DEVUELTA;1;100
202617;7;7;80;ACREDITADO;6;7279064.91
202617;7;7;80;RECHAZADA;5;7721223.54
202617;7;7;90;ACREDITADO;1;76869.10
202617;7;7;90;RECHAZADA;2;2328000
202617;A009;1;40;ACREDITADO;372;55675096.04
202617;A012;9;20;ACREDITADO;75;10633101.56
202617;A014;9;20;ACREDITADO;2632;60647624.21
202617;A016;1;40;ACREDITADO;158;20014626.41
202617;A016;6;90;ACREDITADO;37;4973299.24
202617;A016;6;90;RECHAZADA;3;650038.31
202617;A020;4;60;ACREDITADO;9;188436
202617;A020;4;80;ACREDITADO;3;58300
202617;A020;4;90;ACREDITADO;49;1188930.19
202617;A020;4;90;DEVUELTA;1;180902
202617;A020;9;20;ACREDITADO;24;437428.89
202617;A022;9;20;ACREDITADO;148;975844
202617;A023;1;40;ACREDITADO;310;51680515.53
202617;A023;6;90;ACREDITADO;27;5284169.15
202617;A023;6;90;RECHAZADA;24;8398320
202617;A024;1;40;ACREDITADO;514;97596405.60
202617;A024;6;80;ACREDITADO;18;3375030
202617;A024;6;80;RECHAZADA;46;15369720
202617;A024;6;90;ACREDITADO;44;6554900
202617;A024;6;90;RECHAZADA;19;5890300
202617;A025;1;40;ACREDITADO;6;1961508.36
202617;A025;6;90;ACREDITADO;1;190427.02
202617;A025;6;90;RECHAZADA;1;190427.02
202617;A027;9;20;ACREDITADO;10165;1070310666.66
202617;A027;9;20;RECHAZADA;69;8289483
202617;A031;1;40;ACREDITADO;213;2796166.26
202617;A032;1;40;ACREDITADO;1;2
202617;A032;4;10;DEVUELTA;2;206.20
202617;A032;4;80;RECHAZADA;1;100
202617;A032;4;90;DEVUELTA;2;221.40
202617;A032;4;90;RECHAZADA;1;20
202617;A032;7;20;ACREDITADO;3;3
202617;A032;7;90;ACREDITADO;3;300
202617;A032;7;90;RECHAZADA;2;30
202617;A032;9;20;ACREDITADO;2;4
202617;A032;9;20;DEVUELTA;1;20.80
202617;A035;6;90;ACREDITADO;62;22469520.70
202617;A035;6;90;RECHAZADA;12;10242584.13
202617;A036;9;20;ACREDITADO;95;18401443.91
202617;A036;9;20;RECHAZADA;1;76086.72
202617;A037;6;90;ACREDITADO;5;374232
202617;A037;6;90;RECHAZADA;1;94445
202617;A038;1;40;ACREDITADO;7380;1928517033.56
202617;A038;6;80;ACREDITADO;261;59445959.15
202617;A038;6;80;RECHAZADA;670;224877319.99
202617;A039;1;40;ACREDITADO;925;25964886.14
202617;A039;4;60;ACREDITADO;1478;22273936.85
202617;A039;4;60;RECHAZADA;87;1374000.97
202617;A039;4;80;ACREDITADO;2106;61592189.28
202617;A039;4;80;RECHAZADA;479;28361942.40
202617;A039;4;90;ACREDITADO;9442;157533747.63
202617;A039;4;90;DEVUELTA;4;60950
202617;A039;4;90;RECHAZADA;285;7203719.21
202617;A039;9;20;ACREDITADO;8674;155882254.67
202617;A039;9;20;RECHAZADA;29;826000
202617;A040;1;40;ACREDITADO;1159;282729136.46
202617;A041;9;20;ACREDITADO;3;1922454.47
202617;A042;9;20;ACREDITADO;2758;168273867.15
202617;A042;9;20;DEVUELTA;5;497203.68
202617;A042;9;20;RECHAZADA;18;922774.49
202617;A045;1;40;ACREDITADO;5845;642366153.76
202617;A046;4;80;ACREDITADO;17;560000
202617;A046;4;90;ACREDITADO;99;3099000
202617;A046;9;20;ACREDITADO;924;42938436.77
202617;A051;1;40;ACREDITADO;2120;150440641.32
202617;A052;1;40;ACREDITADO;160;34244893.76
202617;A060;9;20;ACREDITADO;419;94976296.52
202617;A061;1;40;ACREDITADO;563;78637273.97
202617;A063;9;20;ACREDITADO;41;1212540.17
202617;A063;9;20;RECHAZADA;1;18940
202617;A064;1;40;ACREDITADO;66;991000
202617;A066;9;20;ACREDITADO;1772;126878029.56
202617;A066;9;20;RECHAZADA;45;25055911.84
202617;A069;1;40;ACREDITADO;14295;1206061124.42
202617;A070;9;20;ACREDITADO;2096;280311530
202617;A070;9;20;DEVUELTA;76;17364370
202617;A070;9;20;RECHAZADA;37;5937760
202617;A071;6;60;ACREDITADO;1;105391
202617;A071;6;60;RECHAZADA;1;105391
202617;A071;6;80;ACREDITADO;69;9966770
202617;A071;6;80;RECHAZADA;23;3092397
202617;A071;6;90;ACREDITADO;48;6444581
202617;A071;6;90;RECHAZADA;5;593263
202617;A072;7;20;ACREDITADO;164;20746800
202617;A072;7;40;ACREDITADO;96;12124580
202617;A072;7;80;ACREDITADO;259;36406908
202617;A072;7;80;RECHAZADA;160;27990266
202617;A072;7;90;ACREDITADO;155;20335010
202617;A072;7;90;RECHAZADA;24;3922548
202617;A073;9;20;ACREDITADO;134;16259072.50
202617;A077;6;80;ACREDITADO;2;1104403
202617;A077;6;80;RECHAZADA;2;1666666
202617;A078;9;20;ACREDITADO;465;64497156.25
202617;A078;9;20;DEVUELTA;25;1368544.70
202617;A078;9;20;RECHAZADA;6;1414911.45
202617;A079;9;20;ACREDITADO;257;41266502
202617;A079;9;20;RECHAZADA;12;6550000
202617;A080;1;40;ACREDITADO;1;9040
202617;A081;1;40;ACREDITADO;15;1179817.84
202617;A082;9;20;ACREDITADO;121;23419589.59
202617;A082;9;20;RECHAZADA;17;7691600
202617;A084;1;40;ACREDITADO;2082;235340669
202617;A086;1;40;ACREDITADO;13;2581183.85
202617;A087;1;40;ACREDITADO;2;303765
202617;A088;1;40;ACREDITADO;10214;268808538.05
202617;A090;1;40;ACREDITADO;2995;613024277.29
202617;A094;9;20;ACREDITADO;751;12057415
202617;A094;9;20;RECHAZADA;6;70900
202617;A095;1;40;ACREDITADO;6641;187885526.09
202617;A096;1;40;ACREDITADO;1746;44725788.22
202617;A098;1;40;ACREDITADO;5535;773484087.04
202617;A099;1;40;ACREDITADO;1;327000
202617;A100;2;80;ACREDITADO;1;1012
202617;A101;1;40;ACREDITADO;385;30066607.59
202617;A103;1;40;ACREDITADO;2;14005
202617;A103;7;20;ACREDITADO;4;58351.75
202617;A103;7;60;ACREDITADO;1;14600
202617;A103;7;80;ACREDITADO;4;93900
202617;A103;7;80;RECHAZADA;1;89200
202617;A103;7;90;ACREDITADO;5;150699
202617;A103;7;90;RECHAZADA;2;75500
202617;A103;9;20;ACREDITADO;13455;230460011.87
202617;A103;9;20;RECHAZADA;51;783088.50
202617;A104;1;40;ACREDITADO;1;42352
202617;A104;7;20;ACREDITADO;2675;71376581.03
202617;A104;7;20;RECHAZADA;8;229638.38
202617;A104;7;40;ACREDITADO;3840;108130901.40
202617;A104;7;40;DEVUELTA;1;12000000
202617;A105;1;40;ACREDITADO;121;13742211
202617;A107;1;40;ACREDITADO;241;77454755.71
202617;A108;9;20;ACREDITADO;25736;461646122.11
202617;A108;9;20;DEVUELTA;1;7
202617;A108;9;20;RECHAZADA;78;2890738
202617;A111;9;20;ACREDITADO;2;600872.15
202617;A112;1;40;ACREDITADO;7;162687.40
202617;A114;1;40;ACREDITADO;108;5694086
202617;A116;1;40;ACREDITADO;103;7182491
202617;A117;1;40;ACREDITADO;2;10
202617;A117;9;20;ACREDITADO;1874;33001473.46
202617;A117;9;20;RECHAZADA;4;33400
202617;A123;1;40;ACREDITADO;7;498300
202617;A127;7;20;ACREDITADO;8;204454.91
202617;A127;7;20;DEVUELTA;1;18094.34
202617;A127;7;40;ACREDITADO;7;284720.05
202617;A127;7;40;DEVUELTA;1;112288
202617;A127;7;60;ACREDITADO;2;23474
202617;A127;7;80;ACREDITADO;3;174502.57
202617;A127;7;80;RECHAZADA;2;124763.10
202617;A127;7;90;ACREDITADO;1;20328
202617;A128;9;20;ACREDITADO;8;1822.79
202617;A130;9;20;ACREDITADO;3;3
202617;A131;1;40;ACREDITADO;1;73920
202617;A132;6;80;ACREDITADO;5147;498039750.35
202617;A132;6;80;RECHAZADA;3456;808328770.44
202617;A132;6;90;ACREDITADO;8142;650931639.31
202617;A132;6;90;RECHAZADA;1405;221616712.19
202617;A132;9;20;ACREDITADO;3789;406394875.70
202617;A132;9;20;RECHAZADA;77;31128246.48
202617;A134;4;60;ACREDITADO;2;88000
202617;A134;4;60;RECHAZADA;1;49000
202617;A134;4;80;ACREDITADO;7;344000
202617;A134;4;90;ACREDITADO;9;460500
202617;A134;4;90;DEVUELTA;1;30000
202617;A134;4;90;RECHAZADA;1;100
202617;A134;9;20;ACREDITADO;173;3186535
202617;A136;7;40;ACREDITADO;14;240000
202617;A136;7;80;ACREDITADO;3;53000
202617;A136;7;80;RECHAZADA;1;19000
202617;A136;7;90;ACREDITADO;1;17000
202617;A138;9;20;ACREDITADO;1;100
202617;B;4;10;ACREDITADO;1;190000
202617;B;4;60;ACREDITADO;51;402490.82
202617;B;4;60;RECHAZADA;1;14749.92
202617;B;4;80;ACREDITADO;91;3604017.74
202617;B;4;80;RECHAZADA;5;98682.50
202617;B;4;90;ACREDITADO;491;10582179.36
202617;B;4;90;DEVUELTA;1;154000
202617;B;4;90;RECHAZADA;2;54400
202617;B;6;60;RECHAZADA;1;1
202617;B;9;20;ACREDITADO;2743;210635035.10
202617;B;9;20;RECHAZADA;9;550353.50
202617;C;9;20;ACREDITADO;23412;2374752922.26
202617;C;9;20;DEVUELTA;2;171305
202617;C;9;20;RECHAZADA;191;31990191.51
202617;D;9;20;ACREDITADO;2172;580603953.45
202617;D;9;20;RECHAZADA;73;30946562.68
202617;E;9;20;ACREDITADO;220;2142995
202617;F;9;20;ACREDITADO;617;111364799.93
202617;F;9;20;RECHAZADA;6;2914372.06
202617;J;4;90;ACREDITADO;702;167663747.07
202617;J;4;90;RECHAZADA;46;14330211.67
202617;J;6;90;ACREDITADO;346;83834158.57
202617;J;6;90;RECHAZADA;103;44626931.16
202617;K;4;90;ACREDITADO;1795;367332815.08
202617;K;4;90;DEVUELTA;2;149947
202617;K;4;90;RECHAZADA;126;33731389.43
202617;K;6;90;ACREDITADO;1063;192803766.70
202617;K;6;90;RECHAZADA;240;63511527.01
202617;K;7;20;ACREDITADO;238;40107005.89
202617;K;7;20;RECHAZADA;9;2437420.42
202617;K;7;40;ACREDITADO;77;14335557.57
202617;K;7;90;ACREDITADO;287;56538562.15
202617;K;7;90;RECHAZADA;70;30473091.19
202617;K;9;20;ACREDITADO;1582;318168000.55
202617;K;9;20;DEVUELTA;1;50000
202617;K;9;20;RECHAZADA;77;31126796.48
202617;N;9;20;ACREDITADO;3513;246998190.93
202617;N;9;20;RECHAZADA;27;3626082.74
202617;OCTA;9;20;ACREDITADO;17;296
202617;PMC;2;50;ACREDITADO;131725;11271271053.11
202617;Q;6;90;ACREDITADO;109;6865543.98
202617;Q;6;90;RECHAZADA;19;1405726.17
202617;R;9;20;ACREDITADO;15718;1606699426.78
202617;R;9;20;DEVUELTA;22;781560.14
202617;R;9;20;RECHAZADA;261;71578146.96
202617;U;4;60;ACREDITADO;7;1465264.56
202617;U;4;60;RECHAZADA;2;341814.34
202617;U;4;90;ACREDITADO;60;8039940.57
202617;U;4;90;RECHAZADA;9;1027173.76
202617;U;6;90;ACREDITADO;117;15679871.32
202617;U;6;90;RECHAZADA;60;7083222.85
202617;U;9;20;ACREDITADO;1;100
202617;V;9;20;ACREDITADO;413;51931314.85
202617;V;9;20;RECHAZADA;47;16360870.90
202617;VIRG;9;20;ACREDITADO;203;2349726
202617;W;9;20;ACREDITADO;1199;255266313.47
202617;W;9;20;RECHAZADA;14;2956186.32
202617;Y;6;90;ACREDITADO;281;33538524.71
202617;Y;6;90;RECHAZADA;128;32447635.26
202618;3;6;90;ACREDITADO;1;56000
202618;6;1;40;ACREDITADO;29;2369600
202618;6;6;60;ACREDITADO;3;92000
202618;6;6;60;RECHAZADA;1;23000
202618;6;6;80;ACREDITADO;2;92000
202618;6;6;80;RECHAZADA;6;724500
202618;6;6;90;ACREDITADO;1923;114693531.53
202618;6;6;90;RECHAZADA;523;62717626.20
202618;7;7;20;ACREDITADO;3;1399999.81
202618;7;7;20;DEVUELTA;2;200
202618;7;7;40;ACREDITADO;20;14232377.75
202618;7;7;80;ACREDITADO;3;7952595.04
202618;7;7;80;DEVUELTA;1;100
202618;7;7;80;RECHAZADA;12;33139079.91
202618;7;7;90;ACREDITADO;3;694888.75
202618;7;7;90;RECHAZADA;2;1608000
202618;7;9;20;ACREDITADO;1;15
202618;7;9;20;DEVUELTA;3;1600
202618;A009;1;40;ACREDITADO;290;56589932.51
202618;A012;9;20;ACREDITADO;53;7339023.61
202618;A012;9;20;RECHAZADA;3;890000
202618;A014;9;20;ACREDITADO;2413;56972100.61
202618;A014;9;20;RECHAZADA;11;354880
202618;A016;1;40;ACREDITADO;124;16925070.70
202618;A016;6;90;ACREDITADO;42;7009169.74
202618;A016;6;90;RECHAZADA;7;1036548.96
202618;A020;4;60;ACREDITADO;9;56505.94
202618;A020;4;80;ACREDITADO;5;149790.88
202618;A020;4;90;ACREDITADO;40;943221.43
202618;A020;9;20;ACREDITADO;18;359137.03
202618;A022;9;20;ACREDITADO;67;449654
202618;A023;1;40;ACREDITADO;181;31855030.63
202618;A023;6;90;ACREDITADO;22;3903326.43
202618;A023;6;90;RECHAZADA;22;6679802.74
202618;A024;1;40;ACREDITADO;605;137761428.10
202618;A024;6;80;ACREDITADO;25;5585880
202618;A024;6;80;RECHAZADA;61;14200640
202618;A024;6;90;ACREDITADO;76;16979890
202618;A024;6;90;RECHAZADA;24;8667880
202618;A025;1;40;ACREDITADO;6;1436745.43
202618;A025;6;90;ACREDITADO;1;241.20
202618;A025;6;90;RECHAZADA;1;20
202618;A027;9;20;ACREDITADO;6728;752585015
202618;A027;9;20;DEVUELTA;1;51720
202618;A027;9;20;ENPROCESO;1;56505
202618;A027;9;20;RECHAZADA;61;12555816
202618;A031;1;40;ACREDITADO;137;2003909.21
202618;A032;1;40;ACREDITADO;2;4
202618;A032;4;80;DEVUELTA;1;120
202618;A032;4;90;DEVUELTA;1;12
202618;A032;9;20;ACREDITADO;2;18
202618;A032;9;20;DEVUELTA;2;32
202618;A035;6;90;ACREDITADO;33;9465440.71
202618;A035;6;90;RECHAZADA;14;5800796.18
202618;A036;9;20;ACREDITADO;30;5445842.01
202618;A037;6;90;ACREDITADO;14;1161819.89
202618;A037;6;90;RECHAZADA;1;67620
202618;A038;1;40;ACREDITADO;8470;2203550997.48
202618;A038;6;80;ACREDITADO;159;41699362.06
202618;A038;6;80;RECHAZADA;409;161149370.06
202618;A039;1;40;ACREDITADO;646;21621760
202618;A039;4;60;ACREDITADO;1327;18932689.89
202618;A039;4;60;DEVUELTA;1;17300
202618;A039;4;60;RECHAZADA;85;2148008.40
202618;A039;4;80;ACREDITADO;1779;47445703.48
202618;A039;4;80;RECHAZADA;188;14456173.04
202618;A039;4;90;ACREDITADO;8159;143176359.78
202618;A039;4;90;DEVUELTA;3;53872.08
202618;A039;4;90;RECHAZADA;276;9910425.96
202618;A039;6;80;ACREDITADO;1;55000
202618;A039;6;90;ACREDITADO;1;55000
202618;A039;9;20;ACREDITADO;10454;214421239.20
202618;A039;9;20;RECHAZADA;41;1466089
202618;A040;1;40;ACREDITADO;1066;229150493.82
202618;A042;9;20;ACREDITADO;3438;204154632.02
202618;A042;9;20;DEVUELTA;5;1329391.43
202618;A042;9;20;RECHAZADA;21;4627799.36
202618;A045;1;40;ACREDITADO;1929;189145095.46
202618;A046;4;80;ACREDITADO;16;552000
202618;A046;4;80;RECHAZADA;2;103000
202618;A046;4;90;ACREDITADO;107;3839586.48
202618;A046;4;90;RECHAZADA;2;46000
202618;A046;9;20;ACREDITADO;940;48057383.23
202618;A046;9;20;RECHAZADA;3;90000
202618;A051;1;40;ACREDITADO;563;15876023.38
202618;A051;6;80;ACREDITADO;10;4592315
202618;A051;6;80;RECHAZADA;15;26406037
202618;A051;6;90;ACREDITADO;2;235000
202618;A052;1;40;ACREDITADO;193;38144593.26
202618;A060;9;20;ACREDITADO;363;79371746.91
202618;A061;1;40;ACREDITADO;403;67086377.71
202618;A063;9;20;ACREDITADO;26;1006100
202618;A064;1;40;ACREDITADO;28;329000
202618;A066;9;20;ACREDITADO;2097;121759134.26
202618;A066;9;20;RECHAZADA;24;12004619.61
202618;A069;1;40;ACREDITADO;11637;858038001.70
202618;A070;9;20;ACREDITADO;1900;258931150
202618;A070;9;20;DEVUELTA;89;13622980
202618;A070;9;20;RECHAZADA;35;8813100
202618;A071;6;80;ACREDITADO;64;8821807.50
202618;A071;6;80;RECHAZADA;14;1798544
202618;A071;6;90;ACREDITADO;23;3126277
202618;A071;6;90;RECHAZADA;10;1547832
202618;A072;7;20;ACREDITADO;187;21925382
202618;A072;7;20;RECHAZADA;1;54200
202618;A072;7;40;ACREDITADO;71;8791150
202618;A072;7;80;ACREDITADO;142;20598462
202618;A072;7;80;RECHAZADA;102;21020130
202618;A072;7;90;ACREDITADO;106;15317576
202618;A072;7;90;RECHAZADA;14;3355664
202618;A073;9;20;ACREDITADO;106;13235161.50
202618;A076;9;20;ACREDITADO;37;6355270.68
202618;A077;6;80;ACREDITADO;2;1109558
202618;A077;6;80;RECHAZADA;4;3333332
202618;A077;6;90;ACREDITADO;1;166500
202618;A078;9;20;ACREDITADO;345;51097495.19
202618;A078;9;20;DEVUELTA;13;795050.12
202618;A078;9;20;RECHAZADA;1;1100000
202618;A079;9;20;ACREDITADO;275;48149016.54
202618;A079;9;20;RECHAZADA;4;559377
202618;A080;1;40;ACREDITADO;1;9100
202618;A081;1;40;ACREDITADO;29;2506863.92
202618;A082;9;20;ACREDITADO;122;24565502
202618;A082;9;20;RECHAZADA;1;429100
202618;A084;1;40;ACREDITADO;2393;301159323.65
202618;A086;1;40;ACREDITADO;12;1774216.66
202618;A088;1;40;ACREDITADO;8369;210941386.33
202618;A090;1;40;ACREDITADO;2325;521158494.21
202618;A094;9;20;ACREDITADO;753;12615640
202618;A094;9;20;RECHAZADA;4;13100
202618;A095;1;40;ACREDITADO;5210;104787418.37
202618;A096;1;40;ACREDITADO;1529;20076432.30
202618;A098;1;40;ACREDITADO;5049;830612015.47
202618;A099;1;40;ACREDITADO;2;584000
202618;A101;1;40;ACREDITADO;353;28257849.44
202618;A103;1;40;ACREDITADO;4;68865
202618;A103;7;20;ACREDITADO;5;232499
202618;A103;7;60;ACREDITADO;1;14600
202618;A103;7;60;RECHAZADA;1;8900
202618;A103;7;80;ACREDITADO;3;146860.34
202618;A103;7;90;ACREDITADO;6;555927.24
202618;A103;9;20;ACREDITADO;11992;212671430.92
202618;A103;9;20;RECHAZADA;41;869873
202618;A104;1;40;ACREDITADO;2;34774.83
202618;A104;7;20;ACREDITADO;2364;63132710.09
202618;A104;7;20;RECHAZADA;20;836144.92
202618;A104;7;40;ACREDITADO;3619;106220258.74
202618;A105;1;40;ACREDITADO;243;36557716.59
202618;A107;1;40;ACREDITADO;692;94439691.66
202618;A108;9;20;ACREDITADO;29366;554022901.19
202618;A108;9;20;RECHAZADA;102;2372392
202618;A110;1;40;ACREDITADO;1;3
202618;A111;9;20;ACREDITADO;8;825.60
202618;A111;9;20;DEVUELTA;1;163.08
202618;A112;1;40;ACREDITADO;14;317385
202618;A114;1;40;ACREDITADO;52;2750930
202618;A116;1;40;ACREDITADO;108;12144062
202618;A117;7;20;ACREDITADO;1;159850
202618;A117;9;20;ACREDITADO;1784;33613340.95
202618;A117;9;20;RECHAZADA;6;3501300
202618;A123;1;40;ACREDITADO;3;337550
202618;A127;7;20;ACREDITADO;14;257337.96
202618;A127;7;20;DEVUELTA;3;45389.52
202618;A127;7;40;ACREDITADO;16;278993.45
202618;A127;7;60;ACREDITADO;3;48479.86
202618;A127;7;80;ACREDITADO;5;504706.73
202618;A127;7;80;RECHAZADA;2;404866
202618;A127;7;90;ACREDITADO;1;18197.19
202618;A132;6;80;ACREDITADO;4701;495345356.22
202618;A132;6;80;RECHAZADA;3657;879305948.90
202618;A132;6;90;ACREDITADO;7128;582833810.87
202618;A132;6;90;RECHAZADA;1263;164605582.41
202618;A132;9;20;ACREDITADO;3834;433018214.19
202618;A132;9;20;RECHAZADA;96;35166909.02
202618;A134;4;60;ACREDITADO;8;173500
202618;A134;4;80;ACREDITADO;17;1579375
202618;A134;4;80;RECHAZADA;5;328195
202618;A134;4;90;ACREDITADO;34;1137400
202618;A134;4;90;RECHAZADA;1;72000
202618;A134;9;20;ACREDITADO;208;4762450
202618;A134;9;20;RECHAZADA;1;21800
202618;A135;9;20;ACREDITADO;1;100
202618;A136;7;40;ACREDITADO;12;226000
202618;A136;7;80;ACREDITADO;1;19000
202618;A136;7;90;ACREDITADO;1;2000
202618;A141;1;40;ACREDITADO;2;25
202618;A142;1;40;ACREDITADO;2;20
202618;A145;1;40;ACREDITADO;2;20
202618;B;4;10;ACREDITADO;1;140000
202618;B;4;60;ACREDITADO;48;647855.31
202618;B;4;80;ACREDITADO;76;4404174.69
202618;B;4;80;RECHAZADA;4;111200
202618;B;4;90;ACREDITADO;430;9655564.65
202618;B;4;90;RECHAZADA;5;101161.99
202618;B;6;80;DEVUELTA;12;1440
202618;B;6;80;RECHAZADA;6;720
202618;B;9;20;ACREDITADO;2270;172000240.68
202618;B;9;20;DEVUELTA;3;13.20
202618;B;9;20;RECHAZADA;3;600600
202618;C;9;20;ACREDITADO;19650;2054775398.93
202618;C;9;20;DEVUELTA;9;871697.87
202618;C;9;20;RECHAZADA;184;38872931.08
202618;D;9;20;ACREDITADO;4572;1298805767.49
202618;D;9;20;RECHAZADA;93;42707333.37
202618;E;9;20;ACREDITADO;156;1572520
202618;E;9;20;RECHAZADA;1;12670
202618;F;9;20;ACREDITADO;7;1774934.50
202618;F;9;20;RECHAZADA;2;2131131.73
202618;J;4;90;ACREDITADO;918;238437028.50
202618;J;4;90;RECHAZADA;58;27282704.16
202618;J;6;90;ACREDITADO;243;54777540.56
202618;J;6;90;RECHAZADA;101;47321381.89
202618;K;4;90;ACREDITADO;1501;348567574.73
202618;K;4;90;DEVUELTA;4;1697903.17
202618;K;4;90;RECHAZADA;88;25901642
202618;K;6;90;ACREDITADO;3;107773.22
202618;K;7;20;ACREDITADO;554;117190319.14
202618;K;7;20;RECHAZADA;32;17177858.03
202618;K;7;40;ACREDITADO;171;29413767.26
202618;K;7;90;ACREDITADO;889;194170600.09
202618;K;7;90;RECHAZADA;213;64320141.55
202618;K;9;20;ACREDITADO;982;200850372.40
202618;K;9;20;RECHAZADA;64;27655282.13
202618;MALA;9;20;ACREDITADO;1;1000
202618;N;9;20;ACREDITADO;3229;199487678.01
202618;N;9;20;RECHAZADA;19;4580485.34
202618;OCTA;9;20;ACREDITADO;1;30
202618;PMC;2;50;ACREDITADO;88695;6890448673.55
202618;Q;6;90;ACREDITADO;101;8696502.92
202618;Q;6;90;RECHAZADA;17;1942513.33
202618;R;9;20;ACREDITADO;12835;1397857604.45
202618;R;9;20;DEVUELTA;21;7611786.35
202618;R;9;20;RECHAZADA;300;106926157.68
202618;T;4;90;RECHAZADA;1;22.22
202618;T;6;80;ACREDITADO;1;136
202618;T;6;80;RECHAZADA;1;27
202618;T;9;20;ACREDITADO;1;100
202618;T;9;20;DEVUELTA;1;101
202618;U;4;60;ACREDITADO;5;963436.28
202618;U;4;90;ACREDITADO;103;15077176.29
202618;U;4;90;RECHAZADA;12;2314523.75
202618;U;6;90;ACREDITADO;64;13340855.32
202618;U;6;90;RECHAZADA;88;11675146.86
202618;V;9;20;ACREDITADO;560;78072192.80
202618;V;9;20;RECHAZADA;34;10443137.85
202618;VIRG;9;20;ACREDITADO;218;3093383.49
202618;VIRG;9;20;RECHAZADA;1;7400
202618;W;9;20;ACREDITADO;1161;275348219.06
202618;W;9;20;RECHAZADA;2;655183.56
202618;Y;6;90;ACREDITADO;301;44174947.25
202618;Y;6;90;RECHAZADA;52;11928865.56
202619;6;1;40;ACREDITADO;53;5100900
202619;6;6;60;ACREDITADO;2;138000
202619;6;6;60;RECHAZADA;7;483000
202619;6;6;80;ACREDITADO;8;690000
202619;6;6;80;RECHAZADA;4;414000
202619;6;6;90;ACREDITADO;3552;240230819.39
202619;6;6;90;RECHAZADA;576;76017767
202619;6;9;20;ACREDITADO;1;1
202619;7;7;20;ACREDITADO;1;46642.08
202619;7;7;40;ACREDITADO;15;9814885.75
202619;7;7;80;ACREDITADO;1;3495290.35
202619;7;7;80;RECHAZADA;3;6695289.87
202619;7;9;20;ACREDITADO;2;30
202619;7;9;20;DEVUELTA;1;16
202619;A009;1;40;ACREDITADO;830;147058202.10
202619;A012;9;20;ACREDITADO;192;32722912.63
202619;A014;9;20;ACREDITADO;2509;60228544.45
202619;A014;9;20;RECHAZADA;6;158250
202619;A016;1;40;ACREDITADO;351;65041758.41
202619;A016;6;90;ACREDITADO;149;31528444.65
202619;A016;6;90;RECHAZADA;25;5787637.05
202619;A020;4;60;ACREDITADO;8;106000
202619;A020;4;60;RECHAZADA;2;14000
202619;A020;4;80;ACREDITADO;9;362031.55
202619;A020;4;80;RECHAZADA;1;107300
202619;A020;4;90;ACREDITADO;62;1382266.83
202619;A020;4;90;RECHAZADA;1;3500
202619;A020;9;20;ACREDITADO;25;353881
202619;A022;9;20;ACREDITADO;54;370972
202619;A023;1;40;ACREDITADO;501;80863744.63
202619;A023;6;90;ACREDITADO;26;5091367.35
202619;A023;6;90;RECHAZADA;8;3554893.24
202619;A024;1;40;ACREDITADO;2178;492120052.40
202619;A024;6;80;ACREDITADO;112;25803330
202619;A024;6;80;RECHAZADA;127;39076980
202619;A024;6;90;ACREDITADO;292;59210400
202619;A024;6;90;RECHAZADA;110;37918880
202619;A025;1;40;ACREDITADO;209;47496847.20
202619;A025;6;90;ACREDITADO;50;10507092.13
202619;A025;6;90;RECHAZADA;12;6953892.91
202619;A026;9;20;ACREDITADO;2;2138732.10
202619;A027;9;20;ACREDITADO;11282;1218170676
202619;A027;9;20;DEVUELTA;82;9061040
202619;A027;9;20;RECHAZADA;113;16193244
202619;A031;1;40;ACREDITADO;218;2886506.19
202619;A032;1;40;ACREDITADO;4;8
202619;A035;6;90;ACREDITADO;534;118525741.79
202619;A035;6;90;RECHAZADA;93;29051264.80
202619;A036;9;20;ACREDITADO;339;72030653.58
202619;A036;9;20;RECHAZADA;2;794794.17
202619;A037;6;90;ACREDITADO;45;2442021.98
202619;A037;6;90;RECHAZADA;3;112158
202619;A038;1;40;ACREDITADO;28134;7354008469.16
202619;A038;6;80;ACREDITADO;276;70093506.67
202619;A038;6;80;RECHAZADA;596;304350112.63
202619;A039;1;40;ACREDITADO;1364;35350441.06
202619;A039;4;60;ACREDITADO;1887;30181779.34
202619;A039;4;60;DEVUELTA;1;120000
202619;A039;4;60;RECHAZADA;73;1706337.27
202619;A039;4;80;ACREDITADO;2212;61004330.41
202619;A039;4;80;DEVUELTA;2;108500
202619;A039;4;80;RECHAZADA;307;21000954.61
202619;A039;4;90;ACREDITADO;11485;217268315.62
202619;A039;4;90;DEVUELTA;4;65700
202619;A039;4;90;RECHAZADA;332;14025588.63
202619;A039;6;80;ACREDITADO;3;121000
202619;A039;9;20;ACREDITADO;9592;191778701.46
202619;A039;9;20;RECHAZADA;70;1891068
202619;A040;1;40;ACREDITADO;973;252139065.71
202619;A041;9;20;ACREDITADO;2;1528397.96
202619;A042;9;20;ACREDITADO;3714;232430898.28
202619;A042;9;20;DEVUELTA;8;762051.94
202619;A042;9;20;RECHAZADA;52;12614402.12
202619;A045;1;40;ACREDITADO;17735;2237458465.02
202619;A046;4;80;ACREDITADO;29;1137000
202619;A046;4;80;RECHAZADA;1;23000
202619;A046;4;90;ACREDITADO;138;5026000
202619;A046;4;90;RECHAZADA;1;46000
202619;A046;9;20;ACREDITADO;1275;62682690.08
202619;A046;9;20;RECHAZADA;9;551000
202619;A051;1;40;ACREDITADO;22;15183038
202619;A051;6;80;ACREDITADO;18;3916454
202619;A051;6;80;RECHAZADA;6;1963912
202619;A051;6;90;ACREDITADO;6;687721
202619;A052;1;40;ACREDITADO;245;50562030.96
202619;A060;9;20;ACREDITADO;456;87529297.48
202619;A060;9;20;RECHAZADA;5;390768.85
202619;A061;1;40;ACREDITADO;1381;215513115.88
202619;A062;9;20;ACREDITADO;21;387000
202619;A062;9;20;RECHAZADA;9;138000
202619;A063;9;20;ACREDITADO;68;2906310
202619;A064;1;40;ACREDITADO;78;1646500
202619;A065;4;10;ACREDITADO;2;3375800
202619;A065;4;10;RECHAZADA;4;8000000
202619;A065;4;80;ACREDITADO;1;634500
202619;A065;9;20;ACREDITADO;1;634500
202619;A066;9;20;ACREDITADO;5434;357901340.34
202619;A066;9;20;RECHAZADA;68;14867264.02
202619;A069;1;40;ACREDITADO;16661;1137427020.63
202619;A070;9;20;ACREDITADO;2838;430586800
202619;A070;9;20;DEVUELTA;108;18065550
202619;A070;9;20;RECHAZADA;57;7621420
202619;A071;6;60;RECHAZADA;1;152460
202619;A071;6;80;ACREDITADO;61;8721740.50
202619;A071;6;80;RECHAZADA;22;3282125
202619;A071;6;90;ACREDITADO;31;4054831
202619;A071;6;90;RECHAZADA;2;351384
202619;A072;7;20;ACREDITADO;413;51043424
202619;A072;7;20;RECHAZADA;2;368000
202619;A072;7;40;ACREDITADO;147;21505650
202619;A072;7;80;ACREDITADO;494;72399564
202619;A072;7;80;RECHAZADA;230;47434870
202619;A072;7;90;ACREDITADO;439;53508360
202619;A072;7;90;RECHAZADA;29;4131200
202619;A073;9;20;ACREDITADO;133;14621942.50
202619;A073;9;20;RECHAZADA;4;479160
202619;A074;1;40;ACREDITADO;18;8400807.11
202619;A074;9;20;ACREDITADO;2;817412.44
202619;A076;9;20;ACREDITADO;88;16757093.49
202619;A077;6;80;ACREDITADO;4;2219116
202619;A077;6;80;RECHAZADA;10;4990682
202619;A077;6;90;ACREDITADO;2;1500000
202619;A077;6;90;RECHAZADA;1;833333
202619;A078;9;20;ACREDITADO;183;27583758.91
202619;A078;9;20;DEVUELTA;5;102400
202619;A078;9;20;RECHAZADA;4;50000
202619;A079;9;20;ACREDITADO;260;33305463.02
202619;A079;9;20;RECHAZADA;2;191959.59
202619;A081;1;40;ACREDITADO;18;1545337.32
202619;A082;9;20;ACREDITADO;165;37483469.90
202619;A082;9;20;RECHAZADA;8;2615500
202619;A084;1;40;ACREDITADO;3671;502324313.97
202619;A086;1;40;ACREDITADO;131;23987885.99
202619;A087;1;40;ACREDITADO;58;7952329.29
202619;A088;1;40;ACREDITADO;14002;403330638.17
202619;A090;1;40;ACREDITADO;6834;1643739472
202619;A094;9;20;ACREDITADO;801;12154907
202619;A094;9;20;RECHAZADA;9;184900
202619;A095;1;40;ACREDITADO;8429;218710310.06
202619;A096;1;40;ACREDITADO;2430;36153081.58
202619;A098;1;40;ACREDITADO;7939;1095874728.03
202619;A099;1;40;ACREDITADO;225;41428307
202619;A100;1;40;ACREDITADO;2;320
202619;A100;2;80;ACREDITADO;6579;16405906.15
202619;A100;2;90;ACREDITADO;103;220670.53
202619;A101;1;40;ACREDITADO;1309;131940901.14
202619;A103;1;40;ACREDITADO;5;363730
202619;A103;7;20;ACREDITADO;11;1062114.29
202619;A103;7;20;RECHAZADA;4;66000
202619;A103;7;60;ACREDITADO;1;17899.50
202619;A103;7;80;ACREDITADO;7;571591.26
202619;A103;7;90;ACREDITADO;11;512745
202619;A103;7;90;RECHAZADA;1;29100
202619;A103;9;20;ACREDITADO;15319;296300553.36
202619;A103;9;20;RECHAZADA;72;1569517.32
202619;A104;7;20;ACREDITADO;3197;78900623.06
202619;A104;7;20;RECHAZADA;26;1202348.62
202619;A104;7;40;ACREDITADO;3865;104692858.79
202619;A105;1;40;ACREDITADO;349;44474646.34
202619;A107;1;40;ACREDITADO;525;114485654.50
202619;A108;9;20;ACREDITADO;34901;658526791.58
202619;A108;9;20;RECHAZADA;159;6213939.73
202619;A111;9;20;ACREDITADO;7;411017.45
202619;A112;1;40;ACREDITADO;296;6473198.18
202619;A114;1;40;ACREDITADO;135;8764763.42
202619;A116;1;40;ACREDITADO;147;29676640
202619;A117;7;80;RECHAZADA;1;203319.01
202619;A117;9;20;ACREDITADO;2051;39430371.17
202619;A117;9;20;RECHAZADA;8;158900
202619;A121;1;40;ACREDITADO;2;188588
202619;A123;1;40;ACREDITADO;20;2246231.83
202619;A125;1;40;ACREDITADO;2;201
202619;A127;7;20;ACREDITADO;10;225404.85
202619;A127;7;20;DEVUELTA;1;3442.45
202619;A127;7;40;ACREDITADO;18;243266.56
202619;A127;7;60;ACREDITADO;1;6171
202619;A127;7;60;DEVUELTA;1;5808
202619;A127;7;80;ACREDITADO;6;487363.80
202619;A127;7;80;RECHAZADA;3;381513
202619;A127;7;90;ACREDITADO;2;168540.90
202619;A130;9;20;ACREDITADO;6;55
202619;A131;1;40;ACREDITADO;4;462000
202619;A132;6;80;ACREDITADO;8552;845153195.20
202619;A132;6;80;RECHAZADA;13229;2436624302.32
202619;A132;6;90;ACREDITADO;19251;1395569548.03
202619;A132;6;90;RECHAZADA;10860;1395350718.81
202619;A132;9;20;ACREDITADO;7170;656993417.70
202619;A132;9;20;RECHAZADA;156;65841165.10
202619;A134;4;60;ACREDITADO;5;177300
202619;A134;4;80;ACREDITADO;15;737434
202619;A134;4;80;RECHAZADA;1;62000
202619;A134;4;90;ACREDITADO;35;1541880
202619;A134;4;90;RECHAZADA;4;170800
202619;A134;9;20;ACREDITADO;205;4393500
202619;A135;9;20;ACREDITADO;2;150
202619;A136;7;40;ACREDITADO;13;270000
202619;A136;7;60;ACREDITADO;1;19000
202619;A136;7;80;ACREDITADO;1;24000
202619;A136;7;80;RECHAZADA;1;21000
202619;A136;7;90;ACREDITADO;3;64000
202619;A144;1;40;ACREDITADO;1;10
202619;A145;1;40;ACREDITADO;15;831056.95
202619;A146;1;40;ACREDITADO;5;264873
202619;B;4;10;ACREDITADO;1;180000
202619;B;4;60;ACREDITADO;58;515736.32
202619;B;4;60;RECHAZADA;1;6600
202619;B;4;80;ACREDITADO;78;2734568.46
202619;B;4;80;DEVUELTA;1;1000
202619;B;4;80;RECHAZADA;3;36000
202619;B;4;90;ACREDITADO;496;12832344.31
202619;B;4;90;DEVUELTA;1;100
202619;B;4;90;RECHAZADA;12;291127.16
202619;B;6;80;DEVUELTA;4;480
202619;B;6;80;RECHAZADA;2;240
202619;B;9;20;ACREDITADO;2779;240425094.93
202619;B;9;20;DEVUELTA;1;4.40
202619;B;9;20;RECHAZADA;16;2123856.95
202619;C;9;20;ACREDITADO;37149;4738711250.29
202619;C;9;20;DEVUELTA;31;4274616.43
202619;C;9;20;RECHAZADA;366;79338885.03
202619;D;9;20;ACREDITADO;19793;6223862570.40
202619;D;9;20;RECHAZADA;416;167631162.42
202619;E;9;20;ACREDITADO;259;2623807
202619;E;9;20;DEVUELTA;1;10692
202619;E;9;20;RECHAZADA;1;13394
202619;F;9;20;ACREDITADO;26;6029862.45
202619;F;9;20;RECHAZADA;1;119093.60
202619;J;4;90;ACREDITADO;1972;537539058.76
202619;J;4;90;RECHAZADA;79;26711527.81
202619;J;6;90;ACREDITADO;1151;295330524.94
202619;J;6;90;RECHAZADA;250;96374312.49
202619;K;1;40;ACREDITADO;1;667670.88
202619;K;4;90;ACREDITADO;2640;670050009.39
202619;K;4;90;DEVUELTA;5;2153984.44
202619;K;4;90;RECHAZADA;124;45926796.68
202619;K;6;90;ACREDITADO;16;3761807.82
202619;K;6;90;RECHAZADA;5;691951.60
202619;K;7;20;ACREDITADO;1123;242027915.31
202619;K;7;20;RECHAZADA;90;39923476.99
202619;K;7;40;ACREDITADO;443;95396674.18
202619;K;7;90;ACREDITADO;2448;561690878.34
202619;K;7;90;RECHAZADA;484;166123789.03
202619;K;9;20;ACREDITADO;1984;475939648.21
202619;K;9;20;DEVUELTA;1;196087.04
202619;K;9;20;RECHAZADA;118;55938428.03
202619;MALA;6;60;RECHAZADA;2;1000
202619;MALA;6;80;ACREDITADO;2;1000
202619;N;9;20;ACREDITADO;4846;329444160.46
202619;N;9;20;RECHAZADA;53;8228877.13
202619;PMC;2;50;ACREDITADO;231289;20520136013.56
202619;Q;6;90;ACREDITADO;297;20561940.59
202619;Q;6;90;RECHAZADA;37;3133567.34
202619;R;9;20;ACREDITADO;26065;3037435554.81
202619;R;9;20;DEVUELTA;76;20443877.56
202619;R;9;20;RECHAZADA;580;188857511.13
202619;U;4;60;ACREDITADO;6;926502.01
202619;U;4;90;ACREDITADO;146;18417902.16
202619;U;4;90;RECHAZADA;35;5886846.02
202619;U;6;90;ACREDITADO;173;29532049.64
202619;U;6;90;RECHAZADA;45;5515380.32
202619;V;9;20;ACREDITADO;1300;138216965.06
202619;V;9;20;RECHAZADA;86;29129847.82
202619;VIRG;9;20;ACREDITADO;147;5246352.53
202619;VIRG;9;20;RECHAZADA;6;112750
202619;W;9;20;ACREDITADO;3258;763973968.60
202619;W;9;20;RECHAZADA;24;7589167.09
202619;Y;6;90;ACREDITADO;1196;155463259.57
202619;Y;6;90;RECHAZADA;272;56276077.88
202620;6;1;40;ACREDITADO;37;3466505.95
202620;6;6;60;ACREDITADO;17;1542386.24
202620;6;6;60;RECHAZADA;19;1640313.78
202620;6;6;80;ACREDITADO;190;18690382.53
202620;6;6;80;RECHAZADA;127;43473303.43
202620;6;6;90;ACREDITADO;2846;191834364.54
202620;6;6;90;RECHAZADA;563;104154109.07
202620;7;4;80;RECHAZADA;1;325.66
202620;7;7;40;ACREDITADO;3;430000
202620;7;7;80;RECHAZADA;1;1199999.52
202620;7;9;20;ACREDITADO;5;600464.42
202620;A009;1;40;ACREDITADO;892;155491053.23
202620;A012;9;20;ACREDITADO;179;28976985.52
202620;A012;9;20;DEVUELTA;1;75228.67
202620;A012;9;20;RECHAZADA;2;230238
202620;A014;9;20;ACREDITADO;778;18035173.50
202620;A016;1;40;ACREDITADO;409;66709486.49
202620;A016;6;90;ACREDITADO;124;24229447.68
202620;A016;6;90;RECHAZADA;39;5243052.81
202620;A020;4;60;ACREDITADO;4;89300
202620;A020;4;80;ACREDITADO;9;269337
202620;A020;4;80;RECHAZADA;2;90000
202620;A020;4;90;ACREDITADO;68;1625177.03
202620;A020;4;90;RECHAZADA;2;49500
202620;A020;9;20;ACREDITADO;42;636025.83
202620;A022;9;20;ACREDITADO;53;367322
202620;A023;1;40;ACREDITADO;654;110326311.33
202620;A023;6;90;ACREDITADO;96;17504570.95
202620;A023;6;90;RECHAZADA;25;6342451.76
202620;A024;1;40;ACREDITADO;923;175017979.52
202620;A024;6;80;ACREDITADO;76;17230360
202620;A024;6;80;RECHAZADA;107;28678640
202620;A024;6;90;ACREDITADO;97;19762160
202620;A024;6;90;RECHAZADA;28;7879140
202620;A025;1;40;ACREDITADO;222;45100998.69
202620;A025;6;90;ACREDITADO;69;14261441.96
202620;A025;6;90;RECHAZADA;26;5865155.57
202620;A026;9;20;ACREDITADO;1;1300
202620;A027;9;20;ACREDITADO;10839;999516240
202620;A027;9;20;DEVUELTA;17;1727842
202620;A027;9;20;RECHAZADA;116;18436042
202620;A031;1;40;ACREDITADO;177;2848684.72
202620;A032;1;40;ACREDITADO;2;3.74
202620;A032;4;80;DEVUELTA;1;120
202620;A032;4;90;DEVUELTA;1;15
202620;A032;7;40;DEVUELTA;3;5
202620;A032;9;20;ACREDITADO;1;2
202620;A035;6;90;ACREDITADO;317;84907170.47
202620;A035;6;90;RECHAZADA;61;38174833.17
202620;A036;9;20;ACREDITADO;283;65822856.39
202620;A036;9;20;DEVUELTA;1;100
202620;A036;9;20;RECHAZADA;2;183529.01
202620;A037;6;90;ACREDITADO;47;3727927.56
202620;A037;6;90;RECHAZADA;8;457706
202620;A038;1;40;ACREDITADO;11141;2990794435.40
202620;A038;6;80;ACREDITADO;1024;208246465.93
202620;A038;6;80;RECHAZADA;1352;456412536.54
202620;A038;9;20;ACREDITADO;2;68
202620;A039;1;40;ACREDITADO;1375;38544548.10
202620;A039;4;60;ACREDITADO;1379;22196775.21
202620;A039;4;60;RECHAZADA;93;2572990.74
202620;A039;4;80;ACREDITADO;1539;42054771.40
202620;A039;4;80;DEVUELTA;1;32100
202620;A039;4;80;RECHAZADA;183;11202395.47
202620;A039;4;90;ACREDITADO;9524;175404285.88
202620;A039;4;90;DEVUELTA;4;122098
202620;A039;4;90;RECHAZADA;236;7697326.11
202620;A039;6;80;ACREDITADO;1;55000
202620;A039;6;90;ACREDITADO;1;55000
202620;A039;9;20;ACREDITADO;9942;194288922.03
202620;A039;9;20;RECHAZADA;36;520530
202620;A040;1;40;ACREDITADO;1119;249128405.83
202620;A041;9;20;ACREDITADO;3;251599.06
202620;A042;9;20;ACREDITADO;3326;196521923.88
202620;A042;9;20;DEVUELTA;6;1378025.81
202620;A042;9;20;RECHAZADA;37;5141672.97
202620;A045;1;40;ACREDITADO;13087;1566196148.53
202620;A046;4;80;ACREDITADO;30;1106000
202620;A046;4;80;RECHAZADA;2;69000
202620;A046;4;90;ACREDITADO;153;4730000
202620;A046;4;90;RECHAZADA;5;161000
202620;A046;9;20;ACREDITADO;1319;62524600
202620;A046;9;20;RECHAZADA;14;679000
202620;A051;1;40;ACREDITADO;19;22328885
202620;A051;6;80;ACREDITADO;22;22950530
202620;A051;6;80;RECHAZADA;10;4372959
202620;A051;6;90;ACREDITADO;4;659389
202620;A051;6;90;RECHAZADA;5;665232
202620;A052;1;40;ACREDITADO;269;45078203.66
202620;A060;9;20;ACREDITADO;432;87451695.09
202620;A061;1;40;ACREDITADO;1658;347023131.06
202620;A062;4;80;ACREDITADO;1;36000
202620;A062;4;90;ACREDITADO;5;74000
202620;A063;9;20;ACREDITADO;138;3792700
202620;A063;9;20;RECHAZADA;1;15000
202620;A064;1;40;ACREDITADO;83;2133100
202620;A065;4;10;ACREDITADO;1;700000
202620;A066;9;20;ACREDITADO;4207;294434483.26
202620;A066;9;20;RECHAZADA;82;12767050.20
202620;A069;1;40;ACREDITADO;13871;1186578555.33
202620;A070;9;20;ACREDITADO;2583;372517770
202620;A070;9;20;DEVUELTA;56;10595130
202620;A070;9;20;RECHAZADA;42;8104740
202620;A071;6;60;RECHAZADA;1;175692
202620;A071;6;80;ACREDITADO;66;9743404
202620;A071;6;80;RECHAZADA;14;2223496
202620;A071;6;90;ACREDITADO;40;5478275
202620;A071;6;90;RECHAZADA;8;1049796
202620;A072;7;20;ACREDITADO;381;51988500
202620;A072;7;40;ACREDITADO;157;21741260
202620;A072;7;80;ACREDITADO;518;79843110
202620;A072;7;80;RECHAZADA;262;48833830
202620;A072;7;90;ACREDITADO;326;45014780
202620;A072;7;90;RECHAZADA;43;6228146
202620;A073;9;20;ACREDITADO;108;12824064
202620;A073;9;20;RECHAZADA;1;58080
202620;A074;1;40;ACREDITADO;11;7270718.88
202620;A074;9;20;ACREDITADO;2;1326704.85
202620;A076;9;20;ACREDITADO;36;6030789.50
202620;A077;6;80;ACREDITADO;2;1583333
202620;A077;6;80;RECHAZADA;12;7231965
202620;A081;1;40;ACREDITADO;18;1393758.35
202620;A082;9;20;ACREDITADO;204;38510980
202620;A082;9;20;RECHAZADA;23;5208000
202620;A084;1;40;ACREDITADO;4034;533112850.23
202620;A086;1;40;ACREDITADO;148;26079839.64
202620;A087;1;40;ACREDITADO;1;120100
202620;A088;1;40;ACREDITADO;11363;281152428.91
202620;A090;1;40;ACREDITADO;7896;1865222930.97
202620;A094;9;20;ACREDITADO;953;15582539.55
202620;A094;9;20;RECHAZADA;1;7100
202620;A095;1;40;ACREDITADO;8631;218750706.21
202620;A096;1;40;ACREDITADO;2081;34089303.21
202620;A098;1;40;ACREDITADO;6888;908531234.64
202620;A099;1;40;ACREDITADO;84;16283902
202620;A100;2;80;ACREDITADO;25;51818.15
202620;A100;2;90;ACREDITADO;1;1500
202620;A101;1;40;ACREDITADO;1056;100886054.09
202620;A103;1;40;ACREDITADO;13;660040
202620;A103;7;20;ACREDITADO;22;1039863.69
202620;A103;7;60;ACREDITADO;2;49619
202620;A103;7;60;RECHAZADA;1;18100
202620;A103;7;80;ACREDITADO;6;195150
202620;A103;7;80;RECHAZADA;8;1045224.77
202620;A103;7;90;ACREDITADO;7;293100
202620;A103;7;90;RECHAZADA;1;29070.90
202620;A103;9;20;ACREDITADO;13982;247142720.47
202620;A103;9;20;RECHAZADA;63;1303049.41
202620;A104;7;20;ACREDITADO;3026;71131941.81
202620;A104;7;20;RECHAZADA;4;143629.58
202620;A104;7;40;ACREDITADO;4176;116600869.84
202620;A105;1;40;ACREDITADO;535;73700959
202620;A107;1;40;ACREDITADO;291;167100703.70
202620;A108;9;20;ACREDITADO;36126;639500759.78
202620;A108;9;20;RECHAZADA;200;6912464.45
202620;A111;9;20;ACREDITADO;3;1390838
202620;A112;1;40;ACREDITADO;123;2901063.53
202620;A114;1;40;ACREDITADO;96;5612420
202620;A116;1;40;ACREDITADO;52;7785142
202620;A117;7;90;ACREDITADO;1;75300
202620;A117;7;90;RECHAZADA;1;75300
202620;A117;9;20;ACREDITADO;1900;33005412.22
202620;A117;9;20;RECHAZADA;14;354250
202620;A121;1;40;ACREDITADO;2;208870
202620;A123;1;40;ACREDITADO;21;3008040
202620;A127;7;20;ACREDITADO;8;127966.51
202620;A127;7;20;DEVUELTA;1;3442.45
202620;A127;7;40;ACREDITADO;8;162153
202620;A127;7;40;DEVUELTA;1;115983.34
202620;A127;7;60;RECHAZADA;3;11979
202620;A127;7;80;ACREDITADO;4;507244.10
202620;A127;7;90;ACREDITADO;1;17787
202620;A131;1;40;ACREDITADO;20;1110158
202620;A132;6;80;ACREDITADO;5550;553779626.95
202620;A132;6;80;RECHAZADA;2775;672882351.56
202620;A132;6;90;ACREDITADO;11061;823182189.25
202620;A132;6;90;RECHAZADA;1807;220667962.62
202620;A132;9;20;ACREDITADO;4845;477087818.55
202620;A132;9;20;RECHAZADA;115;39046425.17
202620;A134;1;40;ACREDITADO;1;1000
202620;A134;4;60;ACREDITADO;1;15000
202620;A134;4;80;ACREDITADO;12;781450
202620;A134;4;80;RECHAZADA;3;54000
202620;A134;4;90;ACREDITADO;22;923400
202620;A134;9;20;ACREDITADO;157;3008800
202620;A134;9;20;RECHAZADA;4;113500
202620;A135;9;20;ACREDITADO;5;641
202620;A136;7;40;ACREDITADO;13;256000
202620;A136;7;80;ACREDITADO;1;15000
202620;A136;7;80;RECHAZADA;1;21000
202620;A136;7;90;ACREDITADO;1;15000
202620;A136;7;90;RECHAZADA;1;15000
202620;A138;9;20;ACREDITADO;30;2904319.36
202620;A145;1;40;ACREDITADO;44;1560971
202620;A146;1;40;ACREDITADO;12;1213877
202620;A149;9;20;ACREDITADO;2;1001
202620;B;4;10;RECHAZADA;1;35000
202620;B;4;60;ACREDITADO;63;324280.91
202620;B;4;60;RECHAZADA;1;45000
202620;B;4;80;ACREDITADO;87;3432074.41
202620;B;4;80;RECHAZADA;6;508601.24
202620;B;4;90;ACREDITADO;439;11754645.87
202620;B;4;90;DEVUELTA;2;142032.29
202620;B;4;90;RECHAZADA;7;551682.81
202620;B;6;80;DEVUELTA;2;240
202620;B;6;80;RECHAZADA;1;120
202620;B;9;20;ACREDITADO;2957;239524257.36
202620;B;9;20;DEVUELTA;1;4.40
202620;B;9;20;RECHAZADA;10;692337.98
202620;C;9;20;ACREDITADO;33948;4053909257.14
202620;C;9;20;DEVUELTA;17;1616535.79
202620;C;9;20;RECHAZADA;285;50889782.71
202620;D;9;20;ACREDITADO;7642;2027682956.72
202620;D;9;20;RECHAZADA;151;65003543.96
202620;E;9;20;ACREDITADO;168;1631196.87
202620;E;9;20;RECHAZADA;2;4730
202620;F;9;20;ACREDITADO;27;6770782.54
202620;F;9;20;RECHAZADA;3;1867167.32
202620;J;4;90;ACREDITADO;1835;440957956.98
202620;J;4;90;DEVUELTA;1;408250
202620;J;4;90;RECHAZADA;85;26404351.35
202620;J;6;90;ACREDITADO;1027;249943254.49
202620;J;6;90;RECHAZADA;248;85801292.78
202620;K;4;90;ACREDITADO;2890;640914082.85
202620;K;4;90;DEVUELTA;4;802406.39
202620;K;4;90;RECHAZADA;199;51749660.34
202620;K;6;90;ACREDITADO;5;859125.65
202620;K;6;90;RECHAZADA;1;32269.49
202620;K;7;20;ACREDITADO;1019;197424782.92
202620;K;7;20;RECHAZADA;70;31426013.71
202620;K;7;40;ACREDITADO;561;102347560.42
202620;K;7;90;ACREDITADO;1954;415449422.50
202620;K;7;90;RECHAZADA;391;115624037.32
202620;K;9;20;ACREDITADO;2299;520225676.33
202620;K;9;20;DEVUELTA;2;135800
202620;K;9;20;RECHAZADA;144;55440260.77
202620;MALA;6;80;ACREDITADO;1;500
202620;MALA;9;20;ACREDITADO;4;405
202620;N;9;20;ACREDITADO;4628;325416246.59
202620;N;9;20;RECHAZADA;39;9507787.88
202620;PMC;2;50;ACREDITADO;204492;24578196478.52
202620;Q;6;90;ACREDITADO;265;16638143.95
202620;Q;6;90;RECHAZADA;34;2612731.80
202620;R;9;20;ACREDITADO;23305;2718126232.84
202620;R;9;20;DEVUELTA;32;5726669.22
202620;R;9;20;RECHAZADA;639;401724084.22
202620;T;9;20;DEVUELTA;1;11.50
202620;U;4;60;ACREDITADO;13;2107705.45
202620;U;4;90;ACREDITADO;176;26060239.62
202620;U;4;90;RECHAZADA;22;4290870.35
202620;U;6;90;ACREDITADO;259;45107764.50
202620;U;6;90;RECHAZADA;91;17534693.74
202620;U;9;20;ACREDITADO;2;176072.52
202620;V;9;20;ACREDITADO;1181;142148245.31
202620;V;9;20;RECHAZADA;40;12863519.42
202620;VIRG;9;20;ACREDITADO;150;2331905.03
202620;VIRG;9;20;RECHAZADA;2;36000
202620;W;9;20;ACREDITADO;3541;840047625.79
202620;W;9;20;RECHAZADA;31;6109606.52
202620;Y;6;90;ACREDITADO;914;122922220.22
202620;Y;6;90;RECHAZADA;231;42067808.69
202621;6;1;40;ACREDITADO;132;7560502
202621;6;6;60;ACREDITADO;27;2671929.89
202621;6;6;60;RECHAZADA;43;6518106.33
202621;6;6;80;ACREDITADO;242;23915607.15
202621;6;6;80;RECHAZADA;156;37964419.77
202621;6;6;90;ACREDITADO;2134;125591637.73
202621;6;6;90;RECHAZADA;1062;84919381.75
202621;7;7;20;ACREDITADO;1;379500
202621;7;7;40;ACREDITADO;8;5631974.80
202621;7;7;80;RECHAZADA;4;4602312.56
202621;7;7;90;RECHAZADA;2;2000000
202621;7;9;20;ACREDITADO;4;55.79
202621;7;9;20;DEVUELTA;3;1715
202621;A009;1;40;ACREDITADO;361;54918657.47
202621;A012;9;20;ACREDITADO;58;9324120.16
202621;A012;9;20;RECHAZADA;6;410961
202621;A016;1;40;ACREDITADO;175;24270553.97
202621;A016;6;90;ACREDITADO;27;2833624.21
202621;A016;6;90;RECHAZADA;20;2903569.52
202621;A020;4;60;ACREDITADO;7;102340
202621;A020;4;80;ACREDITADO;9;169821.95
202621;A020;4;80;RECHAZADA;1;4500
202621;A020;4;90;ACREDITADO;51;1129807.35
202621;A020;9;20;ACREDITADO;26;384469.02
202621;A022;9;20;ACREDITADO;58;367913
202621;A023;1;40;ACREDITADO;361;62401721.11
202621;A023;6;90;ACREDITADO;9;1383596.58
202621;A023;6;90;RECHAZADA;6;1658764.66
202621;A024;1;40;ACREDITADO;574;117457776.68
202621;A024;6;80;ACREDITADO;27;6171110
202621;A024;6;80;RECHAZADA;44;13863460
202621;A024;6;90;ACREDITADO;62;13143100
202621;A024;6;90;RECHAZADA;37;10117390
202621;A025;1;40;ACREDITADO;102;26054964.10
202621;A025;6;90;ACREDITADO;23;3591273.86
202621;A025;6;90;RECHAZADA;10;1588893.09
202621;A026;9;20;ACREDITADO;2;38
202621;A027;9;20;ACREDITADO;9619;1045948564
202621;A027;9;20;RECHAZADA;138;24384869
202621;A031;1;40;ACREDITADO;206;2679015.59
202621;A035;6;90;ACREDITADO;84;27416308.98
202621;A035;6;90;RECHAZADA;55;21103400.81
202621;A036;9;20;ACREDITADO;118;24878106.87
202621;A037;6;90;ACREDITADO;5;431584.18
202621;A037;6;90;RECHAZADA;4;255740
202621;A038;1;40;ACREDITADO;6416;1809725811.78
202621;A038;6;80;ACREDITADO;253;67820519.91
202621;A038;6;80;RECHAZADA;536;220117773.82
202621;A039;1;40;ACREDITADO;1339;38698430.10
202621;A039;4;60;ACREDITADO;1309;23255609.49
202621;A039;4;60;RECHAZADA;95;2668451.49
202621;A039;4;80;ACREDITADO;2001;66973522.24
202621;A039;4;80;DEVUELTA;1;64000
202621;A039;4;80;RECHAZADA;733;48029319.99
202621;A039;4;90;ACREDITADO;8657;160486050.54
202621;A039;4;90;DEVUELTA;2;69400
202621;A039;4;90;RECHAZADA;331;10146004.59
202621;A039;6;80;ACREDITADO;1;25000
202621;A039;6;80;RECHAZADA;1;25000
202621;A039;6;90;ACREDITADO;1;65000
202621;A039;9;20;ACREDITADO;9035;175532655.09
202621;A039;9;20;RECHAZADA;44;820850
202621;A040;1;40;ACREDITADO;1340;316285039.12
202621;A041;9;20;ACREDITADO;1;75616.53
202621;A042;9;20;ACREDITADO;3266;208402209.29
202621;A042;9;20;DEVUELTA;5;29554.23
202621;A042;9;20;RECHAZADA;60;5649922.12
202621;A045;1;40;ACREDITADO;5682;704112246.30
202621;A046;4;80;ACREDITADO;35;1567000
202621;A046;4;80;RECHAZADA;2;138000
202621;A046;4;90;ACREDITADO;123;3752000
202621;A046;4;90;DEVUELTA;1;46000
202621;A046;4;90;RECHAZADA;10;276000
202621;A046;9;20;ACREDITADO;1411;66350984.90
202621;A046;9;20;RECHAZADA;2;53000
202621;A051;1;40;ACREDITADO;16;17979983
202621;A051;6;80;ACREDITADO;18;6126271
202621;A051;6;80;RECHAZADA;21;12377927
202621;A052;1;40;ACREDITADO;266;49840666.55
202621;A060;9;20;ACREDITADO;387;96771255.70
202621;A060;9;20;DEVUELTA;2;50023.33
202621;A060;9;20;RECHAZADA;6;666348.42
202621;A061;1;40;ACREDITADO;648;94140329.87
202621;A063;9;20;ACREDITADO;171;4978120
202621;A064;1;40;ACREDITADO;40;591000
202621;A066;9;20;ACREDITADO;2088;152318518.74
202621;A066;9;20;RECHAZADA;33;6698433.70
202621;A069;1;40;ACREDITADO;13119;1129487205
202621;A070;9;20;ACREDITADO;2305;296709910
202621;A070;9;20;DEVUELTA;66;12992800
202621;A070;9;20;RECHAZADA;54;9899430
202621;A071;6;60;ACREDITADO;1;58080
202621;A071;6;60;RECHAZADA;4;326700
202621;A071;6;80;ACREDITADO;48;6756035
202621;A071;6;80;RECHAZADA;49;7430065.50
202621;A071;6;90;ACREDITADO;21;2542210
202621;A071;6;90;RECHAZADA;8;931700
202621;A072;7;20;ACREDITADO;246;30875196
202621;A072;7;40;ACREDITADO;65;8561200
202621;A072;7;80;ACREDITADO;273;39163264
202621;A072;7;80;RECHAZADA;202;33124362
202621;A072;7;90;ACREDITADO;129;19734200
202621;A072;7;90;RECHAZADA;55;8259380
202621;A073;9;20;ACREDITADO;126;14808403.50
202621;A076;9;20;ACREDITADO;2;354605.90
202621;A077;6;80;ACREDITADO;3;206500
202621;A077;6;80;RECHAZADA;1;276225
202621;A077;6;90;ACREDITADO;1;20000
202621;A077;6;90;RECHAZADA;1;20000
202621;A081;1;40;ACREDITADO;13;1216198.24
202621;A082;9;20;ACREDITADO;145;30750895.16
202621;A082;9;20;RECHAZADA;8;3943600
202621;A084;1;40;ACREDITADO;2338;265393588.95
202621;A086;1;40;ACREDITADO;71;12550940.59
202621;A088;1;40;ACREDITADO;11584;259096550.67
202621;A090;1;40;ACREDITADO;3016;623973373.61
202621;A094;9;20;ACREDITADO;909;15339770
202621;A094;9;20;RECHAZADA;10;852100
202621;A095;1;40;ACREDITADO;8084;169765085.98
202621;A096;1;40;ACREDITADO;1938;31750578.62
202621;A098;1;40;ACREDITADO;7769;920164486.76
202621;A099;1;40;ACREDITADO;7;1042500
202621;A100;2;80;ACREDITADO;50;126696.77
202621;A101;1;40;ACREDITADO;329;27495210.01
202621;A102;9;20;ACREDITADO;2;51758.34
202621;A103;1;40;ACREDITADO;8;607257
202621;A103;7;20;ACREDITADO;4;151440.48
202621;A103;7;60;RECHAZADA;1;21450
202621;A103;7;80;ACREDITADO;5;163510
202621;A103;7;90;ACREDITADO;6;159598.50
202621;A103;7;90;RECHAZADA;1;86100
202621;A103;9;20;ACREDITADO;13063;217897947.01
202621;A103;9;20;RECHAZADA;36;696582
202621;A104;7;20;ACREDITADO;2845;72811812.99
202621;A104;7;20;RECHAZADA;7;166660.59
202621;A104;7;40;ACREDITADO;3746;105753578.35
202621;A105;1;40;ACREDITADO;206;27319100
202621;A107;1;40;ACREDITADO;287;129801263.24
202621;A108;9;20;ACREDITADO;38294;643486294.53
202621;A108;9;20;RECHAZADA;167;3965891.94
202621;A112;1;40;ACREDITADO;11;258565.13
202621;A114;1;40;ACREDITADO;125;7676561
202621;A116;1;40;ACREDITADO;111;7244679
202621;A117;7;90;RECHAZADA;1;10
202621;A117;9;20;ACREDITADO;1819;30791456.51
202621;A117;9;20;RECHAZADA;6;98500
202621;A123;1;40;ACREDITADO;45;5313360.48
202621;A127;7;20;ACREDITADO;12;724139
202621;A127;7;20;DEVUELTA;1;14650.68
202621;A127;7;40;ACREDITADO;6;142396.43
202621;A127;7;60;ACREDITADO;1;20207
202621;A127;7;60;RECHAZADA;3;28814.94
202621;A127;7;80;ACREDITADO;8;394643.94
202621;A127;7;80;DEVUELTA;1;10981.96
202621;A127;7;80;RECHAZADA;5;445717.88
202621;A131;1;40;ACREDITADO;9;521820
202621;A132;6;80;ACREDITADO;5185;546147439.50
202621;A132;6;80;RECHAZADA;3935;762268603.91
202621;A132;6;90;ACREDITADO;8034;615250649.92
202621;A132;6;90;RECHAZADA;4162;432037991.52
202621;A132;9;20;ACREDITADO;4684;473833381.25
202621;A132;9;20;RECHAZADA;62;33069706.22
202621;A134;4;80;ACREDITADO;5;493585
202621;A134;4;90;ACREDITADO;1;78752
202621;A134;4;90;RECHAZADA;2;379850
202621;A134;9;20;ACREDITADO;180;4273585
202621;A136;7;40;ACREDITADO;11;211000
202621;A136;7;60;ACREDITADO;1;19000
202621;A136;7;80;ACREDITADO;4;74000
202621;A136;7;90;ACREDITADO;2;38000
202621;A136;7;90;RECHAZADA;1;19000
202621;A138;9;20;ACREDITADO;39;7025639.06
202621;A138;9;20;RECHAZADA;1;2127094.61
202621;A143;6;80;ACREDITADO;1;150089.55
202621;A143;6;90;ACREDITADO;2;133864.91
202621;A145;1;40;ACREDITADO;102;3507483
202621;A146;1;40;ACREDITADO;2;1500
202621;A147;1;40;ACREDITADO;18;20181
202621;A149;9;20;ACREDITADO;1;200
202621;B;4;10;ACREDITADO;2;300000
202621;B;4;60;ACREDITADO;56;459275.04
202621;B;4;60;RECHAZADA;3;51299.82
202621;B;4;80;ACREDITADO;86;3255193.17
202621;B;4;80;DEVUELTA;1;100
202621;B;4;80;RECHAZADA;4;40200
202621;B;4;90;ACREDITADO;433;9744753.32
202621;B;4;90;DEVUELTA;1;100
202621;B;4;90;RECHAZADA;14;193103.56
202621;B;6;80;DEVUELTA;2;240
202621;B;6;80;RECHAZADA;1;120
202621;B;9;20;ACREDITADO;2938;243002094.49
202621;B;9;20;DEVUELTA;1;4.40
202621;B;9;20;RECHAZADA;16;947406.50
202621;C;9;20;ACREDITADO;25716;2655576372.69
202621;C;9;20;DEVUELTA;4;120595.45
202621;C;9;20;RECHAZADA;199;31408781.30
202621;D;9;20;ACREDITADO;3505;852525849.38
202621;D;9;20;RECHAZADA;79;24250415.49
202621;E;9;20;ACREDITADO;128;1292573
202621;F;9;20;ACREDITADO;18;5646679.27
202621;F;9;20;RECHAZADA;2;498493.58
202621;J;4;90;ACREDITADO;699;170435859.81
202621;J;4;90;RECHAZADA;53;16616177.64
202621;J;6;90;ACREDITADO;369;82943271.98
202621;J;6;90;RECHAZADA;171;52730704.52
202621;K;4;90;ACREDITADO;2249;474567788.38
202621;K;4;90;DEVUELTA;1;115588.39
202621;K;4;90;RECHAZADA;189;44733416.67
202621;K;6;90;ACREDITADO;2;110549.46
202621;K;7;20;ACREDITADO;818;150066374.10
202621;K;7;20;RECHAZADA;37;16596476.80
202621;K;7;40;ACREDITADO;549;96520403.71
202621;K;7;90;ACREDITADO;1242;245327681.39
202621;K;7;90;RECHAZADA;698;159422058.56
202621;K;9;20;ACREDITADO;1854;393096449.88
202621;K;9;20;DEVUELTA;1;496800
202621;K;9;20;RECHAZADA;78;33110689.90
202621;MALA;4;80;ACREDITADO;2;300
202621;MALA;4;90;ACREDITADO;2;300
202621;MALA;9;20;ACREDITADO;4;570
202621;N;9;20;ACREDITADO;3643;272348472.48
202621;N;9;20;RECHAZADA;35;3183644.24
202621;PMC;2;50;ACREDITADO;163229;13240336125.23
202621;Q;6;90;ACREDITADO;127;7732337.73
202621;Q;6;90;RECHAZADA;37;3709619.29
202621;R;9;20;ACREDITADO;17510;2061565721.67
202621;R;9;20;DEVUELTA;19;3676898.30
202621;R;9;20;RECHAZADA;318;104723941.62
202621;U;4;60;ACREDITADO;6;1038903.86
202621;U;4;90;ACREDITADO;67;9923667.51
202621;U;4;90;RECHAZADA;11;1048950.41
202621;U;6;90;ACREDITADO;74;11024542.12
202621;U;6;90;RECHAZADA;44;7765215.19
202621;V;9;20;ACREDITADO;675;73321306.97
202621;V;9;20;RECHAZADA;27;13167540.72
202621;VIRG;9;20;ACREDITADO;199;2688111.50
202621;W;9;20;ACREDITADO;1447;308543298.09
202621;W;9;20;RECHAZADA;9;2717018.33
202621;Y;6;90;ACREDITADO;334;44175853.53
202621;Y;6;90;RECHAZADA;184;33866216.12
202622;6;1;40;ACREDITADO;27;4391400
202622;6;6;60;ACREDITADO;36;4841018.65
202622;6;6;60;RECHAZADA;34;5185442.14
202622;6;6;80;ACREDITADO;340;35582914.78
202622;6;6;80;RECHAZADA;137;25649634.04
202622;6;6;90;ACREDITADO;3544;205182920.40
202622;6;6;90;RECHAZADA;855;69987225.01
202622;6;9;20;ACREDITADO;1;1
202622;7;7;40;ACREDITADO;1;300000
202622;7;7;40;DEVUELTA;1;2
202622;7;7;80;ACREDITADO;1;700000
202622;7;7;90;RECHAZADA;1;34361.45
202622;A009;1;40;ACREDITADO;240;38998430.89
202622;A012;9;20;ACREDITADO;66;9684856.04
202622;A016;1;40;ACREDITADO;147;19791513.21
202622;A016;6;90;ACREDITADO;28;4272186.12
202622;A016;6;90;RECHAZADA;9;1115542.64
202622;A020;4;10;ACREDITADO;1;25000
202622;A020;4;10;RECHAZADA;1;25000
202622;A020;4;60;ACREDITADO;5;55500
202622;A020;4;80;ACREDITADO;8;194310.93
202622;A020;4;90;ACREDITADO;51;998367.31
202622;A020;4;90;RECHAZADA;5;66250.99
202622;A020;9;20;ACREDITADO;21;300044
202622;A022;9;20;ACREDITADO;98;605092
202622;A022;9;20;RECHAZADA;2;14290
202622;A023;1;40;ACREDITADO;188;37729244.37
202622;A023;6;90;ACREDITADO;17;3147072.51
202622;A023;6;90;RECHAZADA;4;768815.48
202622;A024;1;40;ACREDITADO;526;114583066.03
202622;A024;6;80;ACREDITADO;27;5000370
202622;A024;6;80;RECHAZADA;32;10718310
202622;A024;6;90;ACREDITADO;50;14614360
202622;A024;6;90;RECHAZADA;28;10500310
202622;A025;1;40;ACREDITADO;69;16661207.03
202622;A025;6;90;ACREDITADO;16;3756857.11
202622;A025;6;90;RECHAZADA;9;4289641.11
202622;A026;9;20;ACREDITADO;1;13000
202622;A027;9;20;ACREDITADO;9281;997930225
202622;A027;9;20;RECHAZADA;70;13424430
202622;A031;1;40;ACREDITADO;157;2054001.48
202622;A032;1;40;ACREDITADO;10;20
202622;A032;4;80;DEVUELTA;1;120
202622;A032;4;90;DEVUELTA;1;15
202622;A032;9;20;ACREDITADO;1;2
202622;A035;6;90;ACREDITADO;42;11000553.16
202622;A035;6;90;RECHAZADA;2;337062.49
202622;A036;9;20;ACREDITADO;57;7788760.01
202622;A036;9;20;RECHAZADA;1;654961
202622;A037;6;90;ACREDITADO;5;221370.50
202622;A038;1;40;ACREDITADO;5211;1548386115.22
202622;A038;6;80;ACREDITADO;238;62277721.76
202622;A038;6;80;RECHAZADA;342;120687483.97
202622;A039;1;40;ACREDITADO;1181;33560134.41
202622;A039;4;60;ACREDITADO;1468;22785107.67
202622;A039;4;60;RECHAZADA;69;1331152.38
202622;A039;4;80;ACREDITADO;2017;57556738.31
202622;A039;4;80;DEVUELTA;2;92000
202622;A039;4;80;RECHAZADA;740;32723763.56
202622;A039;4;90;ACREDITADO;8817;166654764.61
202622;A039;4;90;DEVUELTA;6;79723.19
202622;A039;4;90;RECHAZADA;404;14220711.14
202622;A039;6;80;ACREDITADO;2;100000
202622;A039;6;80;RECHAZADA;2;86000
202622;A039;9;20;ACREDITADO;10424;206710763.22
202622;A039;9;20;RECHAZADA;72;1585100
202622;A040;1;40;ACREDITADO;1194;268755436.78
202622;A041;9;20;ACREDITADO;4;2682243
202622;A042;9;20;ACREDITADO;3297;219705710.95
202622;A042;9;20;DEVUELTA;12;1405475.19
202622;A042;9;20;RECHAZADA;21;2144265.11
202622;A045;1;40;ACREDITADO;1772;160986185.59
202622;A046;4;80;ACREDITADO;30;1208000
202622;A046;4;80;RECHAZADA;2;153000
202622;A046;4;90;ACREDITADO;126;4196000.05
202622;A046;4;90;DEVUELTA;1;49000
202622;A046;4;90;RECHAZADA;6;186000
202622;A046;9;20;ACREDITADO;1164;59594692
202622;A046;9;20;RECHAZADA;3;69000
202622;A051;1;40;ACREDITADO;31;24780932
202622;A051;6;80;ACREDITADO;10;2133302
202622;A051;6;80;RECHAZADA;15;4442326
202622;A051;6;90;ACREDITADO;5;404664
202622;A052;1;40;ACREDITADO;212;39582835.25
202622;A060;9;20;ACREDITADO;402;67656713.73
202622;A060;9;20;RECHAZADA;14;2346330.62
202622;A061;1;40;ACREDITADO;408;107381715.12
202622;A063;9;20;ACREDITADO;158;5590400
202622;A064;1;40;ACREDITADO;38;598500
202622;A066;9;20;ACREDITADO;1605;101655201.37
202622;A066;9;20;ENPROCESO;1;29432
202622;A066;9;20;RECHAZADA;29;5141403.14
202622;A069;1;40;ACREDITADO;12309;1004521311.15
202622;A070;9;20;ACREDITADO;2158;269662450
202622;A070;9;20;DEVUELTA;71;16090300
202622;A070;9;20;RECHAZADA;46;6947370
202622;A071;6;60;ACREDITADO;2;174240
202622;A071;6;60;RECHAZADA;1;58080
202622;A071;6;80;ACREDITADO;49;6934631
202622;A071;6;80;RECHAZADA;11;1884454
202622;A071;6;90;ACREDITADO;40;4876058
202622;A071;6;90;RECHAZADA;4;609235
202622;A072;7;20;ACREDITADO;161;20182612
202622;A072;7;80;ACREDITADO;190;23485296
202622;A072;7;80;RECHAZADA;59;8720750
202622;A072;7;90;ACREDITADO;98;10696260
202622;A072;7;90;RECHAZADA;10;1180650
202622;A073;9;20;ACREDITADO;105;11908517.50
202622;A073;9;20;RECHAZADA;1;70180
202622;A076;9;20;ACREDITADO;2;354605.90
202622;A077;6;80;ACREDITADO;3;2333333
202622;A077;6;80;RECHAZADA;3;2499999
202622;A077;6;90;ACREDITADO;2;40000
202622;A081;1;40;ACREDITADO;21;1978010.38
202622;A082;9;20;ACREDITADO;144;27383502.35
202622;A082;9;20;RECHAZADA;3;1000000
202622;A084;1;40;ACREDITADO;2708;340673726.95
202622;A086;1;40;ACREDITADO;48;12218661.58
202622;A088;1;40;ACREDITADO;11303;272540040.93
202622;A090;1;40;ACREDITADO;2006;438255827.16
202622;A094;9;20;ACREDITADO;835;13395510
202622;A094;9;20;RECHAZADA;4;59500
202622;A095;1;40;ACREDITADO;7565;168122798.68
202622;A096;1;40;ACREDITADO;1776;27321982.26
202622;A098;1;40;ACREDITADO;7138;1087063248.36
202622;A099;1;40;ACREDITADO;8;1675000
202622;A100;2;80;ACREDITADO;11;27779.54
202622;A100;2;90;ACREDITADO;1;2912.27
202622;A101;1;40;ACREDITADO;429;40379612.79
202622;A103;1;40;ACREDITADO;10;795205.43
202622;A103;7;20;ACREDITADO;10;555643.91
202622;A103;7;80;ACREDITADO;2;104598
202622;A103;7;80;RECHAZADA;2;86400
202622;A103;7;90;ACREDITADO;9;261297
202622;A103;7;90;RECHAZADA;2;85899
202622;A103;9;20;ACREDITADO;11658;198174661.55
202622;A103;9;20;RECHAZADA;44;952329
202622;A104;7;20;ACREDITADO;2540;67308616.68
202622;A104;7;20;RECHAZADA;25;667444.56
202622;A104;7;40;ACREDITADO;3920;101097006.56
202622;A105;1;40;ACREDITADO;151;19543169.02
202622;A107;1;40;ACREDITADO;266;124742449.05
202622;A108;9;20;ACREDITADO;39708;687959198.39
202622;A108;9;20;ENPROCESO;1;19754
202622;A108;9;20;RECHAZADA;173;3494875.95
202622;A112;1;40;ACREDITADO;5;96848
202622;A114;1;40;ACREDITADO;51;3186294
202622;A116;1;40;ACREDITADO;102;6830389
202622;A117;9;20;ACREDITADO;1706;29820057.65
202622;A117;9;20;RECHAZADA;3;38800
202622;A123;1;40;ACREDITADO;19;2069444
202622;A127;7;20;ACREDITADO;12;460179.11
202622;A127;7;40;ACREDITADO;9;231486.60
202622;A127;7;60;ACREDITADO;3;51617.39
202622;A127;7;80;ACREDITADO;5;610592.65
202622;A127;7;80;RECHAZADA;1;280050
202622;A127;7;90;ACREDITADO;4;354812
202622;A127;7;90;DEVUELTA;1;7036.15
202622;A128;9;20;ACREDITADO;7;270.20
202622;A130;9;20;ACREDITADO;2;51
202622;A131;1;40;ACREDITADO;4;109200
202622;A132;6;80;ACREDITADO;5788;577517813.67
202622;A132;6;80;RECHAZADA;1861;432516950.47
202622;A132;6;90;ACREDITADO;8294;670749465.82
202622;A132;6;90;RECHAZADA;1273;174426067.67
202622;A132;9;20;ACREDITADO;4486;465796633.36
202622;A132;9;20;RECHAZADA;110;50977422.61
202622;A134;4;80;ACREDITADO;4;312565
202622;A134;4;90;ACREDITADO;1;30500
202622;A134;9;20;ACREDITADO;183;3421570
202622;A134;9;20;RECHAZADA;3;62900
202622;A136;7;40;ACREDITADO;23;454000
202622;A136;7;80;ACREDITADO;3;61000
202622;A136;7;90;ACREDITADO;3;57000
202622;A136;7;90;RECHAZADA;1;19000
202622;A138;9;20;ACREDITADO;39;1228833.89
202622;A143;6;80;ACREDITADO;2641;455497622.26
202622;A143;6;80;RECHAZADA;1259;283279180.54
202622;A143;6;90;ACREDITADO;2525;395905419.76
202622;A143;6;90;RECHAZADA;575;113828607.43
202622;A143;9;20;ACREDITADO;901;158087825.47
202622;A143;9;20;RECHAZADA;13;2717249.53
202622;A145;1;40;ACREDITADO;8;442990
202622;A146;1;40;ACREDITADO;3;637000
202622;A147;1;40;ACREDITADO;11;22191
202622;A149;9;20;ACREDITADO;6;1082187
202622;A150;1;40;ACREDITADO;1;25
202622;A153;1;40;ACREDITADO;1;10
202622;B;4;10;ACREDITADO;2;270000
202622;B;4;60;ACREDITADO;65;573987.80
202622;B;4;60;RECHAZADA;2;35200
202622;B;4;80;ACREDITADO;71;2964955.43
202622;B;4;80;RECHAZADA;7;92656.77
202622;B;4;90;ACREDITADO;376;8288362.51
202622;B;4;90;RECHAZADA;6;496155.93
202622;B;6;80;DEVUELTA;4;480
202622;B;6;80;RECHAZADA;2;240
202622;B;9;20;ACREDITADO;2652;200326597.88
202622;B;9;20;DEVUELTA;1;4.40
202622;B;9;20;RECHAZADA;14;1077422.48
202622;C;9;20;ACREDITADO;20369;2197468413.99
202622;C;9;20;RECHAZADA;186;37988643.30
202622;D;9;20;ACREDITADO;3233;829236920.97
202622;D;9;20;RECHAZADA;112;41278590.46
202622;E;9;20;ACREDITADO;77;659157
202622;F;9;20;ACREDITADO;7;1784312.13
202622;F;9;20;RECHAZADA;5;1586301.97
202622;J;4;90;ACREDITADO;736;175560304.76
202622;J;4;90;RECHAZADA;41;18744642.08
202622;J;6;90;ACREDITADO;223;49665666.20
202622;J;6;90;RECHAZADA;66;29851186.53
202622;K;4;90;ACREDITADO;1658;386014976.20
202622;K;4;90;RECHAZADA;131;37029146.65
202622;K;6;90;ACREDITADO;1;254397.32
202622;K;7;20;ACREDITADO;541;108669494.41
202622;K;7;20;RECHAZADA;23;16551122.09
202622;K;7;40;ACREDITADO;357;64892641.62
202622;K;7;90;ACREDITADO;963;221660489.06
202622;K;7;90;RECHAZADA;201;55963511.71
202622;K;9;20;ACREDITADO;1143;235530815.11
202622;K;9;20;RECHAZADA;55;21473011.44
202622;N;9;20;ACREDITADO;3054;208165327.97
202622;N;9;20;RECHAZADA;30;8155165.18
202622;PMC;2;50;ACREDITADO;133057;8029601718.81
202622;Q;6;90;ACREDITADO;113;10026775.83
202622;Q;6;90;RECHAZADA;42;5654321.21
202622;R;9;20;ACREDITADO;14055;1597014025.61
202622;R;9;20;DEVUELTA;17;3424270.87
202622;R;9;20;RECHAZADA;292;95216114.78
202622;T;9;20;ACREDITADO;2;2002
202622;U;4;60;ACREDITADO;3;421000
202622;U;4;90;ACREDITADO;63;9684653.26
202622;U;4;90;RECHAZADA;11;1514403.19
202622;U;6;90;ACREDITADO;70;9544603.33
202622;U;6;90;RECHAZADA;58;6267923.26
202622;V;9;20;ACREDITADO;636;84069723.81
202622;V;9;20;RECHAZADA;51;19695220.77
202622;VIRG;9;20;ACREDITADO;142;1872582.32
202622;W;9;20;ACREDITADO;872;195024472.11
202622;W;9;20;ENPROCESO;1;49571.52
202622;W;9;20;RECHAZADA;8;2309473.40
202622;Y;6;90;ACREDITADO;364;49743556.77
202622;Y;6;90;RECHAZADA;109;14297635.23
202623;3;6;80;ACREDITADO;1;64399
202623;6;1;40;ACREDITADO;57;9739315.07
202623;6;6;60;ACREDITADO;27;1849727.19
202623;6;6;60;RECHAZADA;52;6369944.69
202623;6;6;80;ACREDITADO;471;47439113.07
202623;6;6;80;RECHAZADA;145;27393100.75
202623;6;6;90;ACREDITADO;2760;183708929.83
202623;6;6;90;RECHAZADA;469;85413574.98
202623;7;7;20;DEVUELTA;1;100
202623;7;7;40;ACREDITADO;2;380000
202623;7;7;80;ACREDITADO;4;2509099.30
202623;7;7;80;RECHAZADA;4;5643808.68
202623;A009;1;40;ACREDITADO;527;94405356.77
202623;A012;9;20;ACREDITADO;141;27056384.41
202623;A012;9;20;RECHAZADA;1;260319
202623;A016;1;40;ACREDITADO;263;44789272.12
202623;A016;6;90;ACREDITADO;108;22950294.95
202623;A016;6;90;RECHAZADA;9;3472081.83
202623;A020;4;10;ACREDITADO;2;135700
202623;A020;4;60;ACREDITADO;4;23876
202623;A020;4;80;ACREDITADO;7;333760
202623;A020;4;90;ACREDITADO;44;1092879.43
202623;A020;9;20;ACREDITADO;2;49789.53
202623;A022;9;20;ACREDITADO;55;399117
202623;A023;1;40;ACREDITADO;386;65771825.07
202623;A023;6;90;ACREDITADO;56;14386781.45
202623;A023;6;90;RECHAZADA;10;4779977.82
202623;A024;1;40;ACREDITADO;1830;402058103.03
202623;A024;6;80;ACREDITADO;89;22674470
202623;A024;6;80;RECHAZADA;114;34932940
202623;A024;6;90;ACREDITADO;222;42686490
202623;A024;6;90;RECHAZADA;63;15919520
202623;A025;1;40;ACREDITADO;422;103914405.36
202623;A025;6;90;ACREDITADO;72;16232025.07
202623;A025;6;90;RECHAZADA;16;10072715.16
202623;A026;9;20;ACREDITADO;1;2162018.38
202623;A027;9;20;ACREDITADO;11396;1231399459
202623;A027;9;20;ENPROCESO;1;39825
202623;A027;9;20;RECHAZADA;127;23337765
202623;A031;1;40;ACREDITADO;194;2733102.87
202623;A032;1;40;ACREDITADO;1;2
202623;A032;4;80;DEVUELTA;3;360
202623;A032;4;90;DEVUELTA;1;15
202623;A032;9;20;ACREDITADO;2;17
202623;A035;6;90;ACREDITADO;431;127439455.17
202623;A035;6;90;RECHAZADA;56;21709226.55
202623;A036;9;20;ACREDITADO;358;95952859.17
202623;A036;9;20;RECHAZADA;5;1239605.57
202623;A037;6;90;ACREDITADO;26;1551876.62
202623;A037;6;90;RECHAZADA;1;37386
202623;A038;1;40;ACREDITADO;13665;4106434769.83
202623;A038;6;80;ACREDITADO;115;39690370.29
202623;A038;6;80;RECHAZADA;250;134853159.15
202623;A039;1;40;ACREDITADO;1523;44695890.02
202623;A039;4;60;ACREDITADO;1576;24173281.74
202623;A039;4;60;RECHAZADA;56;1046615.29
202623;A039;4;80;ACREDITADO;1761;47533687.24
202623;A039;4;80;DEVUELTA;1;15100
202623;A039;4;80;RECHAZADA;347;19435030.92
202623;A039;4;90;ACREDITADO;9193;177106429.67
202623;A039;4;90;DEVUELTA;5;133800
202623;A039;4;90;RECHAZADA;310;14383993.26
202623;A039;6;80;ACREDITADO;1;55000
202623;A039;9;20;ACREDITADO;10007;212948029.27
202623;A039;9;20;RECHAZADA;81;1526198.22
202623;A040;1;40;ACREDITADO;900;223888511.65
202623;A041;9;20;ACREDITADO;3;642007.13
202623;A042;9;20;ACREDITADO;3340;194886942.10
202623;A042;9;20;DEVUELTA;6;302962.89
202623;A042;9;20;RECHAZADA;28;5088499.21
202623;A045;1;40;ACREDITADO;13213;1531255937.09
202623;A046;4;80;ACREDITADO;30;1134500
202623;A046;4;80;RECHAZADA;1;25000
202623;A046;4;90;ACREDITADO;126;4309262
202623;A046;4;90;DEVUELTA;1;23000
202623;A046;4;90;RECHAZADA;5;117000
202623;A046;9;20;ACREDITADO;1303;65903058.96
202623;A046;9;20;RECHAZADA;5;189000
202623;A051;1;40;ACREDITADO;16;2095066
202623;A051;6;80;ACREDITADO;10;2744476
202623;A051;6;80;RECHAZADA;1;105467
202623;A051;6;90;ACREDITADO;4;572888
202623;A052;1;40;ACREDITADO;255;45705802.46
202623;A053;4;80;ACREDITADO;2;150
202623;A053;4;80;RECHAZADA;3;1250
202623;A060;9;20;ACREDITADO;495;86553396.13
202623;A060;9;20;RECHAZADA;2;460927.34
202623;A061;1;40;ACREDITADO;975;173362718.54
202623;A063;9;20;ACREDITADO;191;5266400
202623;A064;1;40;ACREDITADO;28;612300
202623;A066;9;20;ACREDITADO;4835;341557140.32
202623;A066;9;20;ENPROCESO;1;29432
202623;A066;9;20;RECHAZADA;71;22278875.50
202623;A069;1;40;ACREDITADO;13759;1191753703.99
202623;A070;9;20;ACREDITADO;2906;413523180
202623;A070;9;20;DEVUELTA;72;11890100
202623;A070;9;20;RECHAZADA;41;9630370
202623;A071;6;80;ACREDITADO;68;9516045
202623;A071;6;80;RECHAZADA;16;2290772
202623;A071;6;90;ACREDITADO;35;4454857
202623;A071;6;90;RECHAZADA;3;312180
202623;A072;7;20;ACREDITADO;499;61312272
202623;A072;7;20;RECHAZADA;5;761920
202623;A072;7;80;ACREDITADO;564;77387360
202623;A072;7;80;RECHAZADA;173;33403270
202623;A072;7;90;ACREDITADO;404;49512378
202623;A072;7;90;RECHAZADA;30;3633520
202623;A073;9;20;ACREDITADO;131;15393075.50
202623;A074;1;40;ACREDITADO;9;6179883.65
202623;A076;9;20;ACREDITADO;75;24091285.90
202623;A076;9;20;RECHAZADA;2;635540
202623;A077;6;80;ACREDITADO;7;4604890
202623;A077;6;80;RECHAZADA;37;25006016
202623;A077;6;90;ACREDITADO;4;1195333
202623;A077;6;90;RECHAZADA;2;1666666
202623;A081;1;40;ACREDITADO;28;4670562.72
202623;A082;9;20;ACREDITADO;142;33173331.43
202623;A082;9;20;RECHAZADA;3;466200
202623;A084;1;40;ACREDITADO;3258;453298990.49
202623;A086;1;40;ACREDITADO;235;43783399.67
202623;A088;1;40;ACREDITADO;13365;368177048.02
202623;A090;1;40;ACREDITADO;5220;1273696443.75
202623;A094;9;20;ACREDITADO;953;16201046
202623;A094;9;20;RECHAZADA;4;18600
202623;A095;1;40;ACREDITADO;7564;166766779.57
202623;A096;1;40;ACREDITADO;2099;46138427.77
202623;A098;1;40;ACREDITADO;7204;1027925922.38
202623;A099;1;40;ACREDITADO;179;35986101
202623;A100;2;80;ACREDITADO;10;29446.54
202623;A100;2;90;ACREDITADO;2;3750
202623;A101;1;40;ACREDITADO;1756;248258289.80
202623;A103;1;40;ACREDITADO;15;1346289.98
202623;A103;7;20;ACREDITADO;10;207900
202623;A103;7;20;RECHAZADA;2;13200
202623;A103;7;60;RECHAZADA;4;159700
202623;A103;7;80;ACREDITADO;8;286670.63
202623;A103;7;80;RECHAZADA;3;76900
202623;A103;7;90;ACREDITADO;5;132499
202623;A103;9;20;ACREDITADO;15269;288178543.17
202623;A103;9;20;ENPROCESO;1;10700
202623;A103;9;20;RECHAZADA;53;1215689
202623;A104;7;20;ACREDITADO;3222;84463159.42
202623;A104;7;20;RECHAZADA;7;116515.20
202623;A104;7;40;ACREDITADO;4306;109518960.96
202623;A105;1;40;ACREDITADO;493;61903464
202623;A107;1;40;ACREDITADO;2872;903798939.30
202623;A108;9;20;ACREDITADO;46804;860192934.55
202623;A108;9;20;RECHAZADA;233;3873004
202623;A111;9;20;ACREDITADO;2;344.10
202623;A112;1;40;ACREDITADO;245;5259712.42
202623;A114;1;40;ACREDITADO;150;9198965.80
202623;A116;1;40;ACREDITADO;58;6534431
202623;A117;7;20;ACREDITADO;1;64561.80
202623;A117;7;90;ACREDITADO;1;58400
202623;A117;9;20;ACREDITADO;2103;40146071.70
202623;A117;9;20;RECHAZADA;18;880550
202623;A121;1;40;ACREDITADO;6;997109
202623;A123;1;40;ACREDITADO;60;9105619
202623;A125;1;40;ACREDITADO;1;300000
202623;A127;7;20;ACREDITADO;7;85063
202623;A127;7;40;ACREDITADO;9;427570.87
202623;A127;7;40;DEVUELTA;3;235708
202623;A127;7;80;ACREDITADO;4;503340.70
202623;A127;7;80;RECHAZADA;1;323969
202623;A127;7;90;ACREDITADO;1;36593
202623;A128;9;20;ACREDITADO;3;264577.60
202623;A130;9;20;ACREDITADO;4;100
202623;A130;9;20;DEVUELTA;2;100
202623;A131;1;40;ACREDITADO;9;380505
202623;A132;6;80;ACREDITADO;7623;745052082.62
202623;A132;6;80;RECHAZADA;2337;560899044.29
202623;A132;6;90;ACREDITADO;17361;1276906409.88
202623;A132;6;90;RECHAZADA;2331;250109339.56
202623;A132;9;20;ACREDITADO;7643;691391650.78
202623;A132;9;20;RECHAZADA;142;58448544.63
202623;A134;4;90;ACREDITADO;11;294200
202623;A134;9;20;ACREDITADO;82;2454500
202623;A136;7;40;ACREDITADO;15;293000
202623;A136;7;60;RECHAZADA;1;15000
202623;A136;7;80;ACREDITADO;3;57000
202623;A136;7;90;ACREDITADO;3;59000
202623;A138;9;20;ACREDITADO;230;9095844.87
202623;A138;9;20;RECHAZADA;2;23367.01
202623;A140;9;20;ACREDITADO;4;3400
202623;A142;1;40;ACREDITADO;1;100
202623;A143;6;80;ACREDITADO;7266;1238336001.85
202623;A143;6;80;RECHAZADA;3570;943092230.85
202623;A143;6;90;ACREDITADO;10190;1423754060.81
202623;A143;6;90;RECHAZADA;2212;423821582.29
202623;A143;9;20;ACREDITADO;2647;439594505.21
202623;A143;9;20;RECHAZADA;35;9935825.80
202623;A145;1;40;ACREDITADO;28;1270309.17
202623;A146;1;40;ACREDITADO;21;1932911
202623;A149;9;20;ACREDITADO;43;10345956.83
202623;A150;1;40;ACREDITADO;12;835000
202623;A151;6;80;ACREDITADO;13;8202137.22
202623;A151;6;80;RECHAZADA;12;10810855.71
202623;A151;6;90;ACREDITADO;1;105589
202623;A153;1;40;ACREDITADO;6;31.50
202623;B;4;10;ACREDITADO;1;90000
202623;B;4;60;ACREDITADO;68;532174.57
202623;B;4;60;RECHAZADA;4;97795.52
202623;B;4;80;ACREDITADO;78;3144182.28
202623;B;4;80;RECHAZADA;5;345147.47
202623;B;4;90;ACREDITADO;524;10734001.60
202623;B;4;90;DEVUELTA;1;151609.91
202623;B;4;90;RECHAZADA;7;84900
202623;B;6;80;DEVUELTA;2;240
202623;B;6;80;RECHAZADA;1;120
202623;B;9;20;ACREDITADO;3222;252162902.97
202623;B;9;20;DEVUELTA;2;8.80
202623;B;9;20;RECHAZADA;19;1747114.48
202623;C;9;20;ACREDITADO;31610;3890433143.25
202623;C;9;20;DEVUELTA;9;1546441.34
202623;C;9;20;ENPROCESO;1;1000
202623;C;9;20;RECHAZADA;317;55065219.26
202623;D;9;20;ACREDITADO;17337;5206561499.86
202623;D;9;20;ENPROCESO;1;578169
202623;D;9;20;RECHAZADA;353;157015861.77
202623;E;9;20;ACREDITADO;111;1058671.77
202623;F;9;20;ACREDITADO;14;3973122.05
202623;F;9;20;RECHAZADA;1;430042.02
202623;J;4;90;ACREDITADO;1445;382030099.47
202623;J;4;90;RECHAZADA;104;35887810.88
202623;J;6;90;ACREDITADO;902;238807676.51
202623;J;6;90;RECHAZADA;134;52097666.65
202623;K;4;90;ACREDITADO;2207;554408482.80
202623;K;4;90;DEVUELTA;3;104012.64
202623;K;4;90;RECHAZADA;112;43598179.50
202623;K;7;20;ACREDITADO;812;160733414.83
202623;K;7;20;RECHAZADA;54;27563460.86
202623;K;7;40;ACREDITADO;582;126171968.16
202623;K;7;90;ACREDITADO;1848;427543539.48
202623;K;7;90;RECHAZADA;375;108489176.02
202623;K;9;20;ACREDITADO;1501;347720292.49
202623;K;9;20;DEVUELTA;1;246622.69
202623;K;9;20;RECHAZADA;79;36085676.04
202623;N;9;20;ACREDITADO;5152;344787244.26
202623;N;9;20;RECHAZADA;33;2552845.95
202623;PMC;2;50;ACREDITADO;200839;17076483246.50
202623;Q;6;90;ACREDITADO;249;18789878.16
202623;Q;6;90;RECHAZADA;91;5166548.60
202623;R;9;20;ACREDITADO;25074;2883378450.84
202623;R;9;20;DEVUELTA;36;8905016.85
202623;R;9;20;ENPROCESO;1;17165.99
202623;R;9;20;RECHAZADA;581;184698963.60
202623;T;9;20;ACREDITADO;1;16.30
202623;T;9;20;DEVUELTA;1;100
202623;U;4;60;ACREDITADO;4;691497.49
202623;U;4;90;ACREDITADO;109;13456508.22
202623;U;4;90;RECHAZADA;19;3139880.16
202623;U;6;90;ACREDITADO;146;24193915.37
202623;U;6;90;RECHAZADA;51;7312063.28
202623;U;9;20;ACREDITADO;5;698936.41
202623;V;9;20;ACREDITADO;881;121631773.15
202623;V;9;20;RECHAZADA;47;11694752.65
202623;VIRG;9;20;ACREDITADO;312;6295688.57
202623;VIRG;9;20;RECHAZADA;3;23400
202623;W;9;20;ACREDITADO;2420;588553625.61
202623;W;9;20;RECHAZADA;19;7150324.06
202623;Y;6;90;ACREDITADO;1031;140841975.55
202623;Y;6;90;RECHAZADA;171;36816562.09
202624;6;1;40;ACREDITADO;44;7260000
202624;6;6;60;ACREDITADO;177;10881852.76
202624;6;6;60;RECHAZADA;98;10040826.51
202624;6;6;80;ACREDITADO;393;44318609.72
202624;6;6;80;RECHAZADA;190;82995952.30
202624;6;6;90;ACREDITADO;3097;193616715.69
202624;6;6;90;RECHAZADA;888;179887890.91
202624;7;6;90;ACREDITADO;3;1607990.12
202624;7;7;40;ACREDITADO;1;500000
202624;7;7;80;RECHAZADA;1;500000
202624;7;9;20;ACREDITADO;16;4901
202624;A009;1;40;ACREDITADO;969;166132650.97
202624;A012;9;20;ACREDITADO;232;41140826.34
202624;A012;9;20;RECHAZADA;11;3141572.60
202624;A016;1;40;ACREDITADO;446;76475201.95
202624;A016;6;90;ACREDITADO;138;28397158.22
202624;A016;6;90;RECHAZADA;26;6532067.83
202624;A020;4;60;ACREDITADO;4;51200
202624;A020;4;80;ACREDITADO;5;201700
202624;A020;4;90;ACREDITADO;58;1513014.11
202624;A020;4;90;RECHAZADA;1;8000
202624;A020;9;20;ACREDITADO;12;186025
202624;A020;9;20;RECHAZADA;3;18000
202624;A022;9;20;ACREDITADO;45;335759
202624;A023;1;40;ACREDITADO;733;122801351.86
202624;A023;6;90;ACREDITADO;98;20928068.95
202624;A023;6;90;RECHAZADA;55;13571805.08
202624;A024;1;40;ACREDITADO;1197;235856078.65
202624;A024;6;80;ACREDITADO;75;16298800
202624;A024;6;80;RECHAZADA;136;42697560
202624;A024;6;90;ACREDITADO;140;26585800
202624;A024;6;90;RECHAZADA;45;11065750
202624;A025;1;40;ACREDITADO;432;114628431.06
202624;A025;6;90;ACREDITADO;72;15013272.59
202624;A025;6;90;RECHAZADA;22;3903396.41
202624;A027;9;20;ACREDITADO;11354;1092681992
202624;A027;9;20;RECHAZADA;102;16667735
202624;A031;1;40;ACREDITADO;166;2159804.93
202624;A032;1;40;ACREDITADO;9;18
202624;A032;9;20;ACREDITADO;1;10
202624;A035;6;90;ACREDITADO;429;160273650.52
202624;A035;6;90;RECHAZADA;122;95364584.60
202624;A036;9;20;ACREDITADO;494;141086351.64
202624;A036;9;20;RECHAZADA;4;3217870.15
202624;A037;6;90;ACREDITADO;58;4537663.71
202624;A037;6;90;RECHAZADA;20;1665014.16
202624;A038;1;40;ACREDITADO;15420;4243223679.53
202624;A038;6;80;ACREDITADO;454;72000429.08
202624;A038;6;80;RECHAZADA;563;180118443.94
202624;A039;1;40;ACREDITADO;1751;47070579.92
202624;A039;4;60;ACREDITADO;1603;26352765.62
202624;A039;4;60;DEVUELTA;1;18500
202624;A039;4;60;RECHAZADA;75;2189377
202624;A039;4;80;ACREDITADO;1862;61604168.85
202624;A039;4;80;RECHAZADA;367;30913017.58
202624;A039;4;90;ACREDITADO;9657;186398531.78
202624;A039;4;90;DEVUELTA;5;191741
202624;A039;4;90;RECHAZADA;290;11409006.07
202624;A039;6;80;ACREDITADO;1;55000
202624;A039;6;90;ACREDITADO;1;45000
202624;A039;9;20;ACREDITADO;10494;220953460.14
202624;A039;9;20;ENPROCESO;1;44400
202624;A039;9;20;RECHAZADA;81;1677482
202624;A040;1;40;ACREDITADO;1365;333089073.99
202624;A041;9;20;ACREDITADO;4;1220572.68
202624;A042;9;20;ACREDITADO;3213;206490828.32
202624;A042;9;20;DEVUELTA;22;322124.68
202624;A042;9;20;ENPROCESO;1;14268.71
202624;A042;9;20;RECHAZADA;24;4385649.40
202624;A045;1;40;ACREDITADO;15179;1813829164.82
202624;A046;4;80;ACREDITADO;29;1037500
202624;A046;4;90;ACREDITADO;153;5460000
202624;A046;4;90;DEVUELTA;1;25000
202624;A046;4;90;RECHAZADA;3;75000
202624;A046;9;20;ACREDITADO;1405;72119506.11
202624;A046;9;20;RECHAZADA;10;276000
202624;A051;1;40;ACREDITADO;26;10386352
202624;A051;6;80;ACREDITADO;12;3757200
202624;A051;6;80;RECHAZADA;7;6201162
202624;A051;6;90;ACREDITADO;3;580036
202624;A051;6;90;RECHAZADA;1;4000000
202624;A052;1;40;ACREDITADO;201;45821120.43
202624;A060;9;20;ACREDITADO;585;97959623.12
202624;A060;9;20;RECHAZADA;3;48285
202624;A061;1;40;ACREDITADO;1447;229914160.78
202624;A063;9;20;ACREDITADO;117;3842715
202624;A064;1;40;ACREDITADO;2;120000
202624;A066;9;20;ACREDITADO;6369;446049934.36
202624;A066;9;20;RECHAZADA;89;9373327.95
202624;A069;1;40;ACREDITADO;14559;1259737133.91
202624;A070;9;20;ACREDITADO;2939;445302300
202624;A070;9;20;DEVUELTA;83;12595560
202624;A070;9;20;RECHAZADA;48;9213700
202624;A071;6;80;ACREDITADO;64;8458565.50
202624;A071;6;80;RECHAZADA;29;4040190
202624;A071;6;90;ACREDITADO;38;4538589
202624;A071;6;90;RECHAZADA;7;876887
202624;A072;7;20;ACREDITADO;666;82153602
202624;A072;7;20;RECHAZADA;1;100000
202624;A072;7;40;ACREDITADO;1;145600
202624;A072;7;80;ACREDITADO;659;87247712
202624;A072;7;80;RECHAZADA;280;46063310
202624;A072;7;90;ACREDITADO;521;67375716
202624;A072;7;90;RECHAZADA;136;18304000
202624;A073;9;20;ACREDITADO;113;13903920.50
202624;A073;9;20;RECHAZADA;1;104060
202624;A074;1;40;ACREDITADO;18;11516194.91
202624;A074;9;20;ACREDITADO;3;1665664.57
202624;A076;9;20;ACREDITADO;89;32619097.68
202624;A076;9;20;RECHAZADA;8;5467834.48
202624;A077;6;80;ACREDITADO;3;604725
202624;A077;6;80;RECHAZADA;5;1381125
202624;A077;6;90;ACREDITADO;1;166500
202624;A081;1;40;ACREDITADO;16;1323599.10
202624;A082;9;20;ACREDITADO;130;31115982.74
202624;A082;9;20;RECHAZADA;11;7859000
202624;A084;1;40;ACREDITADO;4255;579081937.59
202624;A086;1;40;ACREDITADO;362;68056233.26
202624;A088;1;40;ACREDITADO;13363;333609988.76
202624;A090;1;40;ACREDITADO;9168;2269844124.78
202624;A093;6;80;RECHAZADA;1;101
202624;A093;6;90;ACREDITADO;1;140
202624;A094;9;20;ACREDITADO;951;18791613.58
202624;A094;9;20;RECHAZADA;9;247600
202624;A095;1;40;ACREDITADO;8995;244099477.71
202624;A096;1;40;ACREDITADO;2217;47838487.52
202624;A098;1;40;ACREDITADO;5435;848479576.24
202624;A099;1;40;ACREDITADO;126;24078303
202624;A100;2;80;ACREDITADO;3;9992
202624;A101;1;40;ACREDITADO;2592;405352538.17
202624;A103;1;40;ACREDITADO;14;1036786.65
202624;A103;7;20;ACREDITADO;11;625460.04
202624;A103;7;60;RECHAZADA;2;35500
202624;A103;7;80;ACREDITADO;10;509411
202624;A103;7;80;RECHAZADA;2;42050
202624;A103;7;90;ACREDITADO;8;452457.15
202624;A103;7;90;RECHAZADA;3;141550
202624;A103;9;20;ACREDITADO;14009;282944309.71
202624;A103;9;20;RECHAZADA;116;2506552
202624;A104;7;20;ACREDITADO;3307;84192150.10
202624;A104;7;20;RECHAZADA;16;223783.35
202624;A104;7;40;ACREDITADO;3441;86809016.10
202624;A105;1;40;ACREDITADO;443;70772198
202624;A107;1;40;ACREDITADO;2592;546874151.42
202624;A108;9;20;ACREDITADO;21645;431878025.11
202624;A108;9;20;RECHAZADA;106;6368733.36
202624;A111;9;20;ACREDITADO;8;370.70
202624;A111;9;20;DEVUELTA;1;16.98
202624;A112;1;40;ACREDITADO;171;3543820.74
202624;A114;1;40;ACREDITADO;143;9481861.99
202624;A116;1;40;ACREDITADO;217;46348218
202624;A117;9;20;ACREDITADO;1866;37016782.06
202624;A117;9;20;RECHAZADA;14;227200
202624;A121;1;40;ACREDITADO;8;629342
202624;A123;1;40;ACREDITADO;102;13056567
202624;A124;6;80;RECHAZADA;1;25000
202624;A124;6;90;ACREDITADO;1;100
202624;A125;1;40;ACREDITADO;2;500000
202624;A127;7;20;ACREDITADO;4;147900.85
202624;A127;7;40;ACREDITADO;9;459654.80
202624;A127;7;40;DEVUELTA;1;32927.61
202624;A127;7;60;ACREDITADO;1;10018.80
202624;A127;7;80;ACREDITADO;5;430534.30
202624;A127;7;80;RECHAZADA;1;141126.81
202624;A128;9;20;ACREDITADO;15;3301135.82
202624;A128;9;20;RECHAZADA;2;174408.60
202624;A130;9;20;ACREDITADO;18;307
202624;A130;9;20;DEVUELTA;6;100
202624;A131;1;40;ACREDITADO;18;1151947.87
202624;A132;6;80;ACREDITADO;6341;615703891.61
202624;A132;6;80;RECHAZADA;3440;829788869.75
202624;A132;6;90;ACREDITADO;12596;964101383.86
202624;A132;6;90;RECHAZADA;3172;343574487.09
202624;A132;9;20;ACREDITADO;6757;693078520.07
202624;A132;9;20;RECHAZADA;163;60373647.28
202624;A136;6;80;ACREDITADO;1;17000
202624;A136;7;40;ACREDITADO;9;158800
202624;A136;7;80;ACREDITADO;3;71000
202624;A136;7;80;RECHAZADA;1;26000
202624;A138;9;20;ACREDITADO;298;14645399.35
202624;A138;9;20;RECHAZADA;1;13968.60
202624;A140;9;20;ACREDITADO;3;9469.15
202624;A142;1;40;ACREDITADO;2;1580000
202624;A143;6;80;ACREDITADO;5950;1059130256.55
202624;A143;6;80;RECHAZADA;4434;1262134808.47
202624;A143;6;90;ACREDITADO;8468;1191743823.92
202624;A143;6;90;RECHAZADA;2862;570653841.11
202624;A143;9;20;ACREDITADO;2581;456971917.08
202624;A143;9;20;RECHAZADA;40;7149758.79
202624;A145;1;40;ACREDITADO;42;1640283
202624;A146;1;40;ACREDITADO;40;4302538
202624;A147;1;40;ACREDITADO;16;2024500
202624;A149;9;20;ACREDITADO;62;12691029.94
202624;A149;9;20;RECHAZADA;3;382506
202624;A150;1;40;ACREDITADO;36;2523909.75
202624;A151;6;80;ACREDITADO;19;15372055.03
202624;A151;6;80;RECHAZADA;28;25913501.72
202624;A152;6;80;ACREDITADO;1;106693.91
202624;A152;6;80;RECHAZADA;2;213387.82
202624;A152;9;20;ACREDITADO;2;11
202624;A153;1;40;ACREDITADO;1302;102339695.71
202624;A155;9;20;ACREDITADO;2;30.52
202624;A155;9;20;RECHAZADA;2;2
202624;B;4;10;ACREDITADO;2;252600
202624;B;4;60;ACREDITADO;83;637136.39
202624;B;4;60;RECHAZADA;1;2300
202624;B;4;80;ACREDITADO;77;2378057.74
202624;B;4;80;RECHAZADA;9;472890
202624;B;4;90;ACREDITADO;553;12488691.99
202624;B;4;90;RECHAZADA;9;501889.26
202624;B;6;80;DEVUELTA;10;1200
202624;B;6;80;RECHAZADA;27;3240
202624;B;9;20;ACREDITADO;3216;243688329.77
202624;B;9;20;RECHAZADA;23;11365624.99
202624;C;9;20;ACREDITADO;37655;4873185972.63
202624;C;9;20;DEVUELTA;11;1989343.75
202624;C;9;20;RECHAZADA;385;67583312.61
202624;D;9;20;ACREDITADO;13909;4123447099.86
202624;D;9;20;RECHAZADA;303;116973252.73
202624;E;9;20;ACREDITADO;145;1539045
202624;E;9;20;RECHAZADA;5;60838
202624;F;9;20;ACREDITADO;23;5790788.88
202624;J;4;60;ACREDITADO;1;299171.89
202624;J;4;90;ACREDITADO;2384;593945280.01
202624;J;4;90;RECHAZADA;125;41568847.38
202624;J;6;90;ACREDITADO;1189;307890617.16
202624;J;6;90;RECHAZADA;340;119295267.05
202624;K;4;90;ACREDITADO;3384;829235748.34
202624;K;4;90;DEVUELTA;1;106098.73
202624;K;4;90;RECHAZADA;201;73196337.85
202624;K;7;20;ACREDITADO;1237;259696350.80
202624;K;7;20;RECHAZADA;94;40705799.97
202624;K;7;40;ACREDITADO;710;146862416.21
202624;K;7;90;ACREDITADO;2293;514669236.02
202624;K;7;90;RECHAZADA;744;217170600.32
202624;K;9;20;ACREDITADO;2538;591980477.66
202624;K;9;20;DEVUELTA;1;374717
202624;K;9;20;RECHAZADA;171;71859586.96
202624;N;9;20;ACREDITADO;4962;330253583.17
202624;N;9;20;RECHAZADA;58;13748474.60
202624;PMC;2;50;ACREDITADO;225377;22044392247.52
202624;Q;6;90;ACREDITADO;308;18690472.98
202624;Q;6;90;RECHAZADA;204;7501223.01
202624;R;9;20;ACREDITADO;28206;3280543623.94
202624;R;9;20;DEVUELTA;18;3624688.04
202624;R;9;20;RECHAZADA;844;238105857.44
202624;U;4;60;ACREDITADO;16;2832270.31
202624;U;4;60;RECHAZADA;1;272960
202624;U;4;90;ACREDITADO;173;24935926.78
202624;U;4;90;RECHAZADA;26;4690756.67
202624;U;6;90;ACREDITADO;250;45242798.44
202624;U;6;90;RECHAZADA;52;7814269.26
202624;V;9;20;ACREDITADO;953;138570060.99
202624;V;9;20;DEVUELTA;1;28000
202624;V;9;20;RECHAZADA;48;17358972.91
202624;VIRG;9;20;ACREDITADO;193;10629589.25
202624;W;9;20;ACREDITADO;4490;1112141769.96
202624;W;9;20;RECHAZADA;52;12451252.53
202624;Y;6;90;ACREDITADO;980;133828454.29
202624;Y;6;90;RECHAZADA;368;79077992.53
202625;6;1;40;ACREDITADO;63;14539800
202625;6;6;60;ACREDITADO;120;9173053.47
202625;6;6;60;RECHAZADA;131;39751603.39
202625;6;6;80;ACREDITADO;439;36482232.47
202625;6;6;80;RECHAZADA;184;50849257.76
202625;6;6;90;ACREDITADO;2175;136834414.43
202625;6;6;90;RECHAZADA;385;34130851.45
202625;7;7;40;ACREDITADO;2;4100000
202625;7;7;80;RECHAZADA;1;500000
202625;A009;1;40;ACREDITADO;528;87299986.69
202625;A012;9;20;ACREDITADO;70;11434044.11
202625;A016;1;40;ACREDITADO;165;25281608.67
202625;A016;6;90;ACREDITADO;20;2177201.56
202625;A016;6;90;RECHAZADA;3;141581.49
202625;A020;4;60;ACREDITADO;5;69000
202625;A020;4;80;ACREDITADO;4;113378
202625;A020;4;90;ACREDITADO;45;1200719.44
202625;A020;4;90;RECHAZADA;1;2000
202625;A020;9;20;ACREDITADO;5;122672
202625;A022;9;20;ACREDITADO;25;181658
202625;A023;1;40;ACREDITADO;444;77130829.65
202625;A023;6;90;ACREDITADO;38;6174359.23
202625;A023;6;90;RECHAZADA;8;1001606.06
202625;A024;1;40;ACREDITADO;623;119292894.03
202625;A024;6;80;ACREDITADO;28;5271640
202625;A024;6;80;RECHAZADA;57;15449240
202625;A024;6;90;ACREDITADO;68;12958540
202625;A024;6;90;RECHAZADA;15;1860520
202625;A025;1;40;ACREDITADO;164;43528401.75
202625;A025;6;90;ACREDITADO;30;5602916.92
202625;A025;6;90;RECHAZADA;5;1093694.93
202625;A027;9;20;ACREDITADO;10506;996153112
202625;A027;9;20;ENPROCESO;1;45514
202625;A027;9;20;RECHAZADA;67;10186717
202625;A031;1;40;ACREDITADO;168;2336154.51
202625;A032;1;40;ACREDITADO;1;2
202625;A032;9;20;ACREDITADO;1;5
202625;A035;6;90;ACREDITADO;116;30711104.53
202625;A035;6;90;RECHAZADA;10;4561703.51
202625;A036;9;20;ACREDITADO;151;29387812.69
202625;A037;6;90;ACREDITADO;8;655232.10
202625;A037;6;90;RECHAZADA;1;75150.55
202625;A038;1;40;ACREDITADO;6556;1868276309.92
202625;A039;1;40;ACREDITADO;1335;43352466.54
202625;A039;4;60;ACREDITADO;1435;23916543.28
202625;A039;4;60;DEVUELTA;1;40200
202625;A039;4;60;RECHAZADA;109;2397039.50
202625;A039;4;80;ACREDITADO;1762;61480052.13
202625;A039;4;80;DEVUELTA;1;34800
202625;A039;4;80;RECHAZADA;362;28141281.57
202625;A039;4;90;ACREDITADO;9379;184296310.20
202625;A039;4;90;DEVUELTA;4;104000
202625;A039;4;90;RECHAZADA;423;13817669.70
202625;A039;9;20;ACREDITADO;10679;220750648.67
202625;A039;9;20;RECHAZADA;57;1478196
202625;A040;1;40;ACREDITADO;1244;286075258.19
202625;A042;9;20;ACREDITADO;3894;226318777.02
202625;A042;9;20;DEVUELTA;36;1805015.05
202625;A042;9;20;RECHAZADA;46;11702313.81
202625;A045;1;40;ACREDITADO;5530;664833166.61
202625;A046;4;80;ACREDITADO;34;1495000
202625;A046;4;80;RECHAZADA;1;75000
202625;A046;4;90;ACREDITADO;151;5417500
202625;A046;4;90;RECHAZADA;4;100000
202625;A046;9;20;ACREDITADO;1294;69014652.62
202625;A046;9;20;RECHAZADA;6;392000
202625;A051;1;40;ACREDITADO;30;192965031
202625;A051;6;80;ACREDITADO;5;621332
202625;A051;6;80;RECHAZADA;5;1676810
202625;A051;6;90;ACREDITADO;2;120508
202625;A052;1;40;ACREDITADO;199;50390509.77
202625;A060;9;20;ACREDITADO;601;111446269.59
202625;A060;9;20;RECHAZADA;7;1855291.44
202625;A061;1;40;ACREDITADO;572;102699365.56
202625;A063;9;20;ACREDITADO;132;3632760
202625;A064;1;40;ACREDITADO;3;300
202625;A066;9;20;ACREDITADO;3052;298077958.03
202625;A066;9;20;RECHAZADA;37;18009391.25
202625;A069;1;40;ACREDITADO;14129;1245611462.37
202625;A070;9;20;ACREDITADO;2475;335842370
202625;A070;9;20;DEVUELTA;61;11663180
202625;A070;9;20;RECHAZADA;45;10351990
202625;A071;6;60;RECHAZADA;7;750200
202625;A071;6;80;ACREDITADO;75;10891754.50
202625;A071;6;80;RECHAZADA;30;4648457
202625;A071;6;90;ACREDITADO;34;4172503.50
202625;A071;6;90;RECHAZADA;4;609840
202625;A072;7;20;ACREDITADO;244;31465224
202625;A072;7;20;RECHAZADA;1;166400
202625;A072;7;40;ACREDITADO;1;194480
202625;A072;7;80;ACREDITADO;269;36627856
202625;A072;7;80;RECHAZADA;103;19461248
202625;A072;7;90;ACREDITADO;155;19834642
202625;A072;7;90;RECHAZADA;20;3757520
202625;A073;9;20;ACREDITADO;133;16233541.50
202625;A076;9;20;ACREDITADO;2;680027.80
202625;A077;6;80;ACREDITADO;1;180000
202625;A077;6;80;RECHAZADA;2;552450
202625;A081;1;40;ACREDITADO;9;906852.38
202625;A082;9;20;ACREDITADO;137;35226267.49
202625;A082;9;20;RECHAZADA;8;3971000
202625;A084;1;40;ACREDITADO;2209;262250505.95
202625;A086;1;40;ACREDITADO;95;17710039.52
202625;A087;1;40;ACREDITADO;23;2938908.35
202625;A088;1;40;ACREDITADO;13743;313030984.08
202625;A090;1;40;ACREDITADO;3670;801697829.28
202625;A093;6;80;ACREDITADO;1;101
202625;A093;6;80;RECHAZADA;1;23
202625;A093;6;90;ACREDITADO;1;101
202625;A093;6;90;RECHAZADA;1;2
202625;A094;9;20;ACREDITADO;858;16445610
202625;A094;9;20;RECHAZADA;3;193800
202625;A095;1;40;ACREDITADO;8133;165938387.98
202625;A096;1;40;ACREDITADO;2302;25849650.41
202625;A098;1;40;ACREDITADO;4598;749322037.29
202625;A099;1;40;ACREDITADO;20;3779001
202625;A101;1;40;ACREDITADO;1045;122091962.78
202625;A102;9;20;ACREDITADO;2;583.90
202625;A102;9;20;DEVUELTA;8;18996.37
202625;A103;1;40;ACREDITADO;11;1272506.21
202625;A103;7;20;ACREDITADO;5;500527
202625;A103;7;60;RECHAZADA;2;68999
202625;A103;7;80;ACREDITADO;3;122899.83
202625;A103;7;80;RECHAZADA;1;29700
202625;A103;7;90;ACREDITADO;5;92949
202625;A103;7;90;RECHAZADA;1;25800
202625;A103;9;20;ACREDITADO;12655;231987409.28
202625;A103;9;20;ENPROCESO;1;18400
202625;A103;9;20;RECHAZADA;59;1060851.88
202625;A104;7;20;ACREDITADO;2490;67211597.77
202625;A104;7;20;RECHAZADA;8;240425.44
202625;A104;7;40;ACREDITADO;3245;82655957.36
202625;A105;1;40;ACREDITADO;457;76056156.63
202625;A107;1;40;ACREDITADO;2319;595009775.02
202625;A108;9;20;ACREDITADO;7677;131600181.25
202625;A108;9;20;RECHAZADA;24;568200
202625;A111;9;20;ACREDITADO;4;135.49
202625;A112;1;40;ACREDITADO;17;391832.64
202625;A114;1;40;ACREDITADO;149;10885902
202625;A116;1;40;ACREDITADO;17;2151640
202625;A117;9;20;ACREDITADO;1797;33715558.36
202625;A117;9;20;RECHAZADA;9;112390
202625;A121;1;40;ACREDITADO;7;1177766
202625;A123;1;40;ACREDITADO;115;21336789.50
202625;A124;6;80;RECHAZADA;1;100
202625;A124;6;90;ACREDITADO;1;100
202625;A125;1;40;ACREDITADO;1;5000
202625;A127;7;20;ACREDITADO;8;371942.14
202625;A127;7;40;ACREDITADO;6;172303.93
202625;A127;7;60;ACREDITADO;1;11418.77
202625;A127;7;80;ACREDITADO;3;87458.80
202625;A127;7;80;DEVUELTA;1;153777
202625;A127;7;90;ACREDITADO;1;140239
202625;A128;9;20;ACREDITADO;18;4171749.87
202625;A128;9;20;RECHAZADA;2;960903.81
202625;A130;9;20;ACREDITADO;28;527
202625;A130;9;20;DEVUELTA;4;130
202625;A131;1;40;ACREDITADO;18;1008000
202625;A132;6;80;ACREDITADO;4511;442507143.77
202625;A132;6;80;RECHAZADA;1719;518885234.56
202625;A132;6;90;ACREDITADO;7820;629792132.98
202625;A132;6;90;RECHAZADA;1226;263718238.38
202625;A132;9;20;ACREDITADO;4319;454142506.98
202625;A132;9;20;RECHAZADA;85;33597838.43
202625;A135;9;20;ACREDITADO;3;300
202625;A136;7;40;ACREDITADO;7;133000
202625;A136;7;80;ACREDITADO;4;74000
202625;A136;7;80;RECHAZADA;1;19000
202625;A136;7;90;ACREDITADO;1;19000
202625;A138;9;20;ACREDITADO;85;3164216.06
202625;A140;9;20;ACREDITADO;2;263502.40
202625;A143;6;80;ACREDITADO;3346;605247585.42
202625;A143;6;80;RECHAZADA;1864;574744447.10
202625;A143;6;90;ACREDITADO;4933;737849287.75
202625;A143;6;90;RECHAZADA;1126;260510319.65
202625;A143;9;20;ACREDITADO;1432;285927239.62
202625;A143;9;20;RECHAZADA;9;2423329.30
202625;A145;1;40;ACREDITADO;45;1701229
202625;A146;1;40;ACREDITADO;31;3967021
202625;A147;1;40;ACREDITADO;72;1007810
202625;A148;1;40;ACREDITADO;1;10.01
202625;A149;9;20;ACREDITADO;43;9415152.83
202625;A150;1;40;ACREDITADO;17;892630
202625;A151;6;80;ACREDITADO;15;12745512.93
202625;A151;6;80;RECHAZADA;42;44085648.56
202625;A151;6;90;RECHAZADA;1;993986.67
202625;A152;6;80;ACREDITADO;2883;285379039.13
202625;A152;6;80;RECHAZADA;1096;301066379.27
202625;A152;6;90;ACREDITADO;5345;414348387.55
202625;A152;6;90;RECHAZADA;1046;118454746.77
202625;A152;9;20;ACREDITADO;1954;180262170.30
202625;A152;9;20;RECHAZADA;30;9051191.49
202625;A153;1;40;ACREDITADO;2818;201031321.36
202625;B;4;60;ACREDITADO;83;932868.74
202625;B;4;60;RECHAZADA;1;1100
202625;B;4;80;ACREDITADO;67;2130192.99
202625;B;4;90;ACREDITADO;452;8675876.40
202625;B;4;90;DEVUELTA;1;6106
202625;B;4;90;RECHAZADA;16;688638.52
202625;B;9;20;ACREDITADO;2951;222736056.78
202625;B;9;20;ENPROCESO;1;3200
202625;B;9;20;RECHAZADA;6;302800
202625;C;9;20;ACREDITADO;24914;2839040984.57
202625;C;9;20;DEVUELTA;4;813864.78
202625;C;9;20;ENPROCESO;2;241215.07
202625;C;9;20;RECHAZADA;178;34925820.76
202625;D;9;20;ACREDITADO;3740;1013459821.48
202625;D;9;20;ENPROCESO;1;150000
202625;D;9;20;RECHAZADA;102;39495102.35
202625;E;9;20;ACREDITADO;108;1095294
202625;E;9;20;RECHAZADA;3;59385
202625;F;9;20;ACREDITADO;13;4083461.44
202625;F;9;20;RECHAZADA;2;935296.34
202625;J;4;90;ACREDITADO;900;231117563.43
202625;J;4;90;RECHAZADA;41;12900559.47
202625;J;6;90;ACREDITADO;413;104186122.82
202625;J;6;90;RECHAZADA;141;53683666.95
202625;K;4;90;ACREDITADO;2100;493604042.66
202625;K;4;90;DEVUELTA;3;770951
202625;K;4;90;RECHAZADA;126;38681697.05
202625;K;7;20;ACREDITADO;847;167100634.59
202625;K;7;20;RECHAZADA;47;19816690.41
202625;K;7;40;ACREDITADO;581;102442947.55
202625;K;7;90;ACREDITADO;1297;281492219.20
202625;K;7;90;RECHAZADA;288;91189009.45
202625;K;9;20;ACREDITADO;1768;392851401.95
202625;K;9;20;RECHAZADA;73;26144012.20
202625;N;9;20;ACREDITADO;3509;254021182.35
202625;N;9;20;RECHAZADA;29;6411824.73
202625;PMC;2;50;ACREDITADO;146163;13667136398.43
202625;Q;6;90;ACREDITADO;152;10760878.55
202625;Q;6;90;RECHAZADA;127;3963952.22
202625;R;9;20;ACREDITADO;16577;1968754969.79
202625;R;9;20;DEVUELTA;14;2690929.38
202625;R;9;20;RECHAZADA;292;81342190.29
202625;U;4;60;ACREDITADO;6;762826.57
202625;U;4;90;ACREDITADO;83;13919660.42
202625;U;4;90;RECHAZADA;13;2428913.37
202625;U;6;90;ACREDITADO;94;13899333.83
202625;U;6;90;RECHAZADA;10;1263784.04
202625;V;9;20;ACREDITADO;366;52515005.46
202625;V;9;20;DEVUELTA;1;28000
202625;V;9;20;RECHAZADA;29;12216522.69
202625;VIRG;9;20;ACREDITADO;150;7860041.90
202625;W;9;20;ACREDITADO;1530;351564091.06
202625;W;9;20;RECHAZADA;9;2002176.53
202625;Y;6;90;ACREDITADO;242;27910470.52
202625;Y;6;90;RECHAZADA;72;13642469.31
202626;6;1;40;ACREDITADO;14;960100
202626;6;6;60;ACREDITADO;71;4614398.49
202626;6;6;60;RECHAZADA;51;7092497.15
202626;6;6;80;ACREDITADO;287;24633347.75
202626;6;6;80;RECHAZADA;148;33362516.85
202626;6;6;90;ACREDITADO;3754;216810699.95
202626;6;6;90;RECHAZADA;933;214475784.09
202626;7;7;20;ACREDITADO;2;1140575.32
202626;7;7;40;ACREDITADO;4;3066778.47
202626;7;7;80;ACREDITADO;2;1199999.38
202626;7;7;80;RECHAZADA;3;3782419.30
202626;7;7;90;ACREDITADO;1;1338000
202626;7;7;90;DEVUELTA;1;100
202626;7;7;90;RECHAZADA;2;2600000
202626;A009;1;40;ACREDITADO;353;58960927.91
202626;A012;9;20;ACREDITADO;64;9978726.32
202626;A012;9;20;RECHAZADA;4;969507.22
202626;A016;1;40;ACREDITADO;172;21434827.92
202626;A016;6;90;ACREDITADO;15;2496377.95
202626;A016;6;90;RECHAZADA;1;50295
202626;A020;4;60;ACREDITADO;8;135200
202626;A020;4;80;ACREDITADO;7;139745
202626;A020;4;90;ACREDITADO;71;1428514.80
202626;A020;9;20;ACREDITADO;11;208164
202626;A020;9;20;RECHAZADA;1;1500
202626;A022;9;20;ACREDITADO;56;367282
202626;A023;1;40;ACREDITADO;351;66026869.31
202626;A023;6;90;ACREDITADO;33;5620950.29
202626;A023;6;90;RECHAZADA;11;2690896.94
202626;A024;1;40;ACREDITADO;468;96750698.77
202626;A024;6;80;ACREDITADO;18;3312500
202626;A024;6;80;RECHAZADA;54;13027700
202626;A024;6;90;ACREDITADO;56;12780310
202626;A024;6;90;RECHAZADA;25;6058960
202626;A025;1;40;ACREDITADO;79;20667935.49
202626;A025;6;90;ACREDITADO;16;3574606.69
202626;A025;6;90;RECHAZADA;4;1422154.09
202626;A027;9;20;ACREDITADO;11429;1105526962
202626;A027;9;20;RECHAZADA;107;15648771
202626;A031;1;40;ACREDITADO;193;2790723.09
202626;A032;1;40;ACREDITADO;3;6
202626;A032;4;80;DEVUELTA;2;240
202626;A032;4;90;DEVUELTA;2;30
202626;A032;9;20;ACREDITADO;3;6
202626;A035;6;90;ACREDITADO;60;20708459.51
202626;A035;6;90;RECHAZADA;10;3867520.75
202626;A036;9;20;ACREDITADO;56;11946399.70
202626;A037;6;90;ACREDITADO;4;297551.96
202626;A037;6;90;RECHAZADA;4;686954.52
202626;A038;1;40;ACREDITADO;5193;1593975807.93
202626;A039;1;40;ACREDITADO;1302;41952634.21
202626;A039;4;60;ACREDITADO;704;10887066.24
202626;A039;4;60;RECHAZADA;52;981644.50
202626;A039;4;80;ACREDITADO;965;31991014.26
202626;A039;4;80;DEVUELTA;1;52400
202626;A039;4;80;RECHAZADA;153;11080890.57
202626;A039;4;90;ACREDITADO;7102;139006114.01
202626;A039;4;90;DEVUELTA;2;62000
202626;A039;4;90;RECHAZADA;259;10996122.68
202626;A039;9;20;ACREDITADO;11563;227069002.04
202626;A039;9;20;RECHAZADA;59;1316825
202626;A040;1;40;ACREDITADO;1171;287628192.88
202626;A042;9;20;ACREDITADO;3198;180138490.97
202626;A042;9;20;DEVUELTA;6;243224.63
202626;A042;9;20;ENPROCESO;1;5118.03
202626;A042;9;20;RECHAZADA;44;4853210.26
202626;A045;1;40;ACREDITADO;3888;463418512.42
202626;A046;4;80;ACREDITADO;42;1642500
202626;A046;4;80;RECHAZADA;2;100000
202626;A046;4;90;ACREDITADO;166;6440000
202626;A046;4;90;RECHAZADA;1;25000
202626;A046;9;20;ACREDITADO;1636;91020928.06
202626;A046;9;20;RECHAZADA;13;820000
202626;A051;1;40;ACREDITADO;35;22582870
202626;A051;6;80;ACREDITADO;6;2037358
202626;A051;6;80;RECHAZADA;15;9178446
202626;A051;6;90;ACREDITADO;3;1307402
202626;A052;1;40;ACREDITADO;233;46947066.68
202626;A060;9;20;ACREDITADO;560;106231042.18
202626;A060;9;20;RECHAZADA;13;4303529.96
202626;A061;1;40;ACREDITADO;500;91946416.48
202626;A063;9;20;ACREDITADO;170;4832600
202626;A063;9;20;RECHAZADA;1;22000
202626;A064;1;40;ACREDITADO;3;143000
202626;A066;9;20;ACREDITADO;2141;218748420.49
202626;A066;9;20;ENPROCESO;1;68500
202626;A066;9;20;RECHAZADA;36;13941393.58
202626;A069;1;40;ACREDITADO;13024;1080907124
202626;A070;9;20;ACREDITADO;2215;301450660
202626;A070;9;20;DEVUELTA;65;11489210
202626;A070;9;20;RECHAZADA;37;5998000
202626;A071;6;60;ACREDITADO;1;207636
202626;A071;6;60;RECHAZADA;2;140360
202626;A071;6;80;ACREDITADO;71;9601773.50
202626;A071;6;80;RECHAZADA;29;4902920
202626;A071;6;90;ACREDITADO;36;4517898
202626;A071;6;90;RECHAZADA;7;991716
202626;A072;7;20;ACREDITADO;218;25887998
202626;A072;7;20;RECHAZADA;2;239400
202626;A072;7;80;ACREDITADO;201;26388472
202626;A072;7;80;RECHAZADA;67;11219150
202626;A072;7;90;ACREDITADO;81;10698410
202626;A072;7;90;RECHAZADA;15;1760740
202626;A073;9;20;ACREDITADO;144;17508881.50
202626;A073;9;20;RECHAZADA;1;175692
202626;A074;1;40;ACREDITADO;1;603639.40
202626;A076;9;20;ACREDITADO;2;680027.80
202626;A077;6;80;RECHAZADA;4;995175
202626;A077;6;90;ACREDITADO;2;360000
202626;A081;1;40;ACREDITADO;10;421503.40
202626;A082;9;20;ACREDITADO;108;32616702.48
202626;A082;9;20;RECHAZADA;8;3411100
202626;A084;1;40;ACREDITADO;1616;182387510.87
202626;A086;1;40;ACREDITADO;85;17905753.59
202626;A087;1;40;ACREDITADO;156;22215645.15
202626;A088;1;40;ACREDITADO;12795;259258753.94
202626;A090;1;40;ACREDITADO;2767;625841519.66
202626;A093;6;90;ACREDITADO;3;303
202626;A093;6;90;RECHAZADA;1;1
202626;A094;9;20;ACREDITADO;1007;15680001
202626;A094;9;20;RECHAZADA;9;81600.88
202626;A095;1;40;ACREDITADO;7785;207458069.63
202626;A096;1;40;ACREDITADO;2145;30003020.55
202626;A098;1;40;ACREDITADO;2471;557288366.57
202626;A099;1;40;ACREDITADO;11;2335800
202626;A101;1;40;ACREDITADO;972;109359898.38
202626;A102;9;20;ACREDITADO;2;2905.91
202626;A102;9;20;DEVUELTA;7;12934.95
202626;A103;1;40;ACREDITADO;52;2694065.58
202626;A103;7;20;ACREDITADO;5;486474.63
202626;A103;7;80;ACREDITADO;7;1305476.95
202626;A103;7;90;ACREDITADO;5;218019.31
202626;A103;9;20;ACREDITADO;12316;227396893.56
202626;A103;9;20;REALIZADA;1;14700
202626;A103;9;20;RECHAZADA;54;923111.96
202626;A104;1;40;ACREDITADO;4;75218.27
202626;A104;7;20;ACREDITADO;2904;78559471.51
202626;A104;7;20;DEVUELTA;4;203
202626;A104;7;20;RECHAZADA;10;209728.33
202626;A104;7;40;ACREDITADO;3357;87859534.31
202626;A105;1;40;ACREDITADO;226;37076396
202626;A107;1;40;ACREDITADO;3535;1053730057.89
202626;A108;9;20;ACREDITADO;24477;426517868.93
202626;A108;9;20;RECHAZADA;107;2912819.24
202626;A111;9;20;ACREDITADO;6;137593.54
202626;A111;9;20;DEVUELTA;1;8.66
202626;A112;1;40;ACREDITADO;2;52377
202626;A114;1;40;ACREDITADO;152;9575320
202626;A116;1;40;ACREDITADO;18;4121221
202626;A117;9;20;ACREDITADO;1731;32219755.34
202626;A117;9;20;RECHAZADA;15;343460
202626;A121;1;40;ACREDITADO;6;855394
202626;A123;1;40;ACREDITADO;154;29237968.08
202626;A128;9;20;ACREDITADO;7;1276537.09
202626;A131;1;40;ACREDITADO;10;298868.13
202626;A132;6;80;ACREDITADO;5617;627189728.91
202626;A132;6;80;RECHAZADA;2774;791292459.87
202626;A132;6;90;ACREDITADO;7730;689104828.78
202626;A132;6;90;RECHAZADA;1315;254795007.39
202626;A132;9;20;ACREDITADO;4454;554094252.58
202626;A132;9;20;RECHAZADA;107;50950336.99
202626;A136;7;40;ACREDITADO;15;276000
202626;A136;7;60;ACREDITADO;1;19000
202626;A136;7;80;ACREDITADO;2;64000
202626;A136;7;80;RECHAZADA;2;90000
202626;A136;7;90;ACREDITADO;1;19000
202626;A138;9;20;ACREDITADO;26;3049181.16
202626;A142;1;40;ACREDITADO;8;401000
202626;A143;6;80;ACREDITADO;3655;692753552.87
202626;A143;6;80;RECHAZADA;2169;681993800.46
202626;A143;6;90;ACREDITADO;4457;741703829.11
202626;A143;6;90;RECHAZADA;1334;370118465.37
202626;A143;9;20;ACREDITADO;1402;307494887.51
202626;A143;9;20;RECHAZADA;24;7424922.31
202626;A145;1;40;ACREDITADO;34;1123917
202626;A146;1;40;ACREDITADO;10;978561
202626;A147;1;40;ACREDITADO;179;7899946
202626;A148;1;40;ACREDITADO;2;110.05
202626;A149;9;20;ACREDITADO;86;18439982
202626;A149;9;20;RECHAZADA;1;51826
202626;A150;1;40;ACREDITADO;18;891497
202626;A151;6;80;ACREDITADO;13;10133071.59
202626;A151;6;80;RECHAZADA;31;33900246.57
202626;A151;6;90;RECHAZADA;2;447518.60
202626;A152;6;80;ACREDITADO;6436;646367135.79
202626;A152;6;80;RECHAZADA;2567;662971757.87
202626;A152;6;90;ACREDITADO;12649;1018249640.27
202626;A152;6;90;RECHAZADA;2424;343234991.08
202626;A152;9;20;ACREDITADO;3864;393101259.14
202626;A152;9;20;RECHAZADA;84;20308957.93
202626;A153;1;40;ACREDITADO;2870;221920823.59
202626;A154;1;40;ACREDITADO;1;10
202626;A155;7;20;DEVUELTA;2;8
202626;A157;6;80;ACREDITADO;2;1071.48
202626;A157;6;90;ACREDITADO;1;77753.51
202626;A157;9;20;ACREDITADO;1;0.10
202626;B;4;60;ACREDITADO;60;763569.81
202626;B;4;60;RECHAZADA;2;3900
202626;B;4;80;ACREDITADO;96;3497096.11
202626;B;4;80;RECHAZADA;2;43613.99
202626;B;4;90;ACREDITADO;509;10145773.31
202626;B;4;90;DEVUELTA;1;17787.50
202626;B;4;90;RECHAZADA;7;530146.11
202626;B;6;80;DEVUELTA;12;1440
202626;B;6;80;RECHAZADA;6;720
202626;B;9;20;ACREDITADO;3179;236448032.07
202626;B;9;20;DEVUELTA;3;13.20
202626;B;9;20;RECHAZADA;12;1502422.96
202626;C;9;20;ACREDITADO;23990;2584979844.74
202626;C;9;20;DEVUELTA;5;718264.10
202626;C;9;20;RECHAZADA;146;26843966.98
202626;D;9;20;ACREDITADO;2333;618290192.25
202626;D;9;20;RECHAZADA;51;20869650.97
202626;E;9;20;ACREDITADO;93;918487
202626;F;9;20;ACREDITADO;5;1096943
202626;J;4;90;ACREDITADO;912;245313309.49
202626;J;4;90;RECHAZADA;50;17840471.97
202626;J;6;90;ACREDITADO;290;69306313.58
202626;J;6;90;RECHAZADA;75;30236038.64
202626;K;1;40;ACREDITADO;2;178542
202626;K;4;90;ACREDITADO;1612;377246931.84
202626;K;4;90;DEVUELTA;4;1083635.79
202626;K;4;90;RECHAZADA;82;27519603.29
202626;K;7;20;ACREDITADO;569;100463549.16
202626;K;7;20;RECHAZADA;29;17473587.99
202626;K;7;40;ACREDITADO;443;79907063.12
202626;K;7;90;ACREDITADO;1003;211628235.88
202626;K;7;90;RECHAZADA;218;59758531.18
202626;K;9;20;ACREDITADO;1226;272701537
202626;K;9;20;RECHAZADA;44;18176447.83
202626;N;9;20;ACREDITADO;3614;255258057.87
202626;N;9;20;RECHAZADA;29;6943729.79
202626;PMC;2;50;ACREDITADO;131381;10141544824.57
202626;Q;6;90;ACREDITADO;112;10008609.98
202626;Q;6;90;RECHAZADA;118;7672948.97
202626;R;9;20;ACREDITADO;15870;1958415787.82
202626;R;9;20;DEVUELTA;8;4032365.10
202626;R;9;20;RECHAZADA;328;105687101.94
202626;T;9;20;ACREDITADO;1;15
202626;T;9;20;DEVUELTA;1;150
202626;U;4;60;ACREDITADO;9;1318984.33
202626;U;4;90;ACREDITADO;88;14340152.99
202626;U;4;90;RECHAZADA;25;4718109.21
202626;U;6;90;ACREDITADO;80;12724081.42
202626;U;6;90;RECHAZADA;23;3796785.92
202626;V;9;20;ACREDITADO;524;78575916.23
202626;V;9;20;DEVUELTA;1;228852
202626;V;9;20;RECHAZADA;41;29705709.63
202626;VIRG;9;20;ACREDITADO;127;11457194.69
202626;W;9;20;ACREDITADO;1181;297328793.06
202626;W;9;20;RECHAZADA;16;5481375.67
202626;Y;6;90;ACREDITADO;211;28901768.82
202626;Y;6;90;RECHAZADA;84;13007322.90
202627;6;1;40;ACREDITADO;55;6299211.17
202627;6;6;60;ACREDITADO;233;15900282.27
202627;6;6;60;RECHAZADA;80;11524772.31
202627;6;6;80;ACREDITADO;696;59344452.54
202627;6;6;80;RECHAZADA;246;60839723.70
202627;6;6;90;ACREDITADO;3412;232405938.38
202627;6;6;90;RECHAZADA;654;177679325.62
202627;7;7;20;ACREDITADO;6;3275354.65
202627;7;7;40;ACREDITADO;12;10211943.31
202627;7;7;40;DEVUELTA;1;100
202627;7;7;80;ACREDITADO;12;8490063.94
202627;7;7;80;RECHAZADA;9;14816449.08
202627;7;7;90;ACREDITADO;1;700000
202627;7;7;90;DEVUELTA;1;100
202627;7;7;90;RECHAZADA;1;348911.47
202627;A009;1;40;ACREDITADO;410;73286079.84
202627;A012;9;20;ACREDITADO;125;26500452.55
202627;A014;9;20;ACREDITADO;2;43805
202627;A016;1;40;ACREDITADO;228;40971622.25
202627;A016;6;90;ACREDITADO;78;16323916.30
202627;A016;6;90;RECHAZADA;13;9768216.89
202627;A020;4;10;RECHAZADA;1;55500
202627;A020;4;60;ACREDITADO;1;35800
202627;A020;4;80;ACREDITADO;6;221022.32
202627;A020;4;80;DEVUELTA;1;21600
202627;A020;4;80;RECHAZADA;1;28200
202627;A020;4;90;ACREDITADO;46;1055724.30
202627;A020;4;90;RECHAZADA;1;27800
202627;A020;9;20;ACREDITADO;3;31536
202627;A022;9;20;ACREDITADO;28;223814
202627;A022;9;20;RECHAZADA;1;7145
202627;A023;1;40;ACREDITADO;352;61667871.97
202627;A023;6;90;ACREDITADO;56;12926324.77
202627;A023;6;90;RECHAZADA;6;3102930.34
202627;A024;1;40;ACREDITADO;1572;379991665.46
202627;A024;6;80;ACREDITADO;48;10001090
202627;A024;6;80;RECHAZADA;61;18130010
202627;A024;6;90;ACREDITADO;202;52266770
202627;A024;6;90;RECHAZADA;58;22385000
202627;A025;1;40;ACREDITADO;222;69653639.64
202627;A025;6;90;ACREDITADO;46;10508424.63
202627;A025;6;90;RECHAZADA;9;1485066.35
202627;A026;9;20;ACREDITADO;2;2246002.31
202627;A027;9;20;ACREDITADO;12781;1294115837
202627;A027;9;20;RECHAZADA;128;38003635
202627;A031;1;40;ACREDITADO;194;3310533.02
202627;A032;1;40;ACREDITADO;4;8
202627;A032;4;80;DEVUELTA;4;480
202627;A032;4;90;DEVUELTA;3;45
202627;A032;7;20;ACREDITADO;1;1
202627;A032;7;90;RECHAZADA;4;130
202627;A032;9;20;ACREDITADO;2;4
202627;A035;6;90;ACREDITADO;274;89263434.47
202627;A035;6;90;RECHAZADA;29;15344708.30
202627;A036;9;20;ACREDITADO;233;60041526.02
202627;A036;9;20;RECHAZADA;4;2857880.39
202627;A037;6;90;ACREDITADO;15;1312518.75
202627;A037;6;90;RECHAZADA;1;37386
202627;A038;1;40;ACREDITADO;11238;3543277864.97
202627;A039;1;40;ACREDITADO;1385;41731240.19
202627;A039;4;60;ACREDITADO;1171;18868128.06
202627;A039;4;60;RECHAZADA;56;1048148
202627;A039;4;80;ACREDITADO;1172;33163631.99
202627;A039;4;80;DEVUELTA;1;28000
202627;A039;4;80;RECHAZADA;155;12448374.77
202627;A039;4;90;ACREDITADO;8870;180312078.27
202627;A039;4;90;DEVUELTA;2;37500
202627;A039;4;90;RECHAZADA;261;13521658.83
202627;A039;9;20;ACREDITADO;11314;232368491.15
202627;A039;9;20;RECHAZADA;92;2310093
202627;A040;1;40;ACREDITADO;1214;295530321.55
202627;A041;9;20;ACREDITADO;1;1079201.78
202627;A042;9;20;ACREDITADO;3421;217921012.48
202627;A042;9;20;DEVUELTA;9;491813.97
202627;A042;9;20;RECHAZADA;23;2198702.84
202627;A045;1;40;ACREDITADO;8536;957196511.82
202627;A046;4;80;ACREDITADO;42;1730000
202627;A046;4;80;RECHAZADA;1;25000
202627;A046;4;90;ACREDITADO;192;7605000
202627;A046;4;90;RECHAZADA;3;75000
202627;A046;9;20;ACREDITADO;1866;102175808
202627;A046;9;20;RECHAZADA;10;530000
202627;A051;1;40;ACREDITADO;37;35267476.73
202627;A051;6;80;ACREDITADO;9;2787532
202627;A051;6;80;RECHAZADA;10;5919057
202627;A051;6;90;ACREDITADO;6;1904597
202627;A051;6;90;RECHAZADA;5;3068029
202627;A052;1;40;ACREDITADO;243;55432194.13
202627;A060;9;20;ACREDITADO;620;118357385.32
202627;A060;9;20;RECHAZADA;16;18610122.77
202627;A061;1;40;ACREDITADO;848;147038516.62
202627;A063;9;20;ACREDITADO;140;5035540
202627;A064;1;40;ACREDITADO;27;194500
202627;A066;9;20;ACREDITADO;4527;414308287.58
202627;A066;9;20;RECHAZADA;70;27854839.73
202627;A069;1;40;ACREDITADO;14817;1337769742.25
202627;A070;9;20;ACREDITADO;2840;416657920
202627;A070;9;20;DEVUELTA;75;12408160
202627;A070;9;20;RECHAZADA;66;15447930
202627;A071;6;80;ACREDITADO;82;11921101.50
202627;A071;6;80;RECHAZADA;30;4999115
202627;A071;6;90;ACREDITADO;31;4019620
202627;A071;6;90;RECHAZADA;8;1038180
202627;A072;7;20;ACREDITADO;478;61829408
202627;A072;7;20;RECHAZADA;9;2133300
202627;A072;7;80;ACREDITADO;338;45778470
202627;A072;7;80;RECHAZADA;118;18188170
202627;A072;7;90;ACREDITADO;276;34705890
202627;A072;7;90;RECHAZADA;35;4808270
202627;A073;9;20;ACREDITADO;121;15247270.50
202627;A074;1;40;ACREDITADO;4;2561790.81
202627;A076;9;20;ACREDITADO;57;14519821.70
202627;A076;9;20;RECHAZADA;3;523020
202627;A077;6;80;ACREDITADO;2;456225
202627;A077;6;80;RECHAZADA;4;990675
202627;A077;6;90;ACREDITADO;4;465500
202627;A081;1;40;ACREDITADO;27;2741484.20
202627;A082;9;20;ACREDITADO;126;36985274.69
202627;A082;9;20;RECHAZADA;15;7361342.32
202627;A084;1;40;ACREDITADO;3740;532360864.29
202627;A086;1;40;ACREDITADO;242;55403101.63
202627;A087;1;40;ACREDITADO;98;13902928.11
202627;A088;1;40;ACREDITADO;15374;390767197.49
202627;A090;1;40;ACREDITADO;4221;1018253116.14
202627;A093;6;80;RECHAZADA;1;101
202627;A093;6;90;ACREDITADO;4;405
202627;A093;6;90;RECHAZADA;2;204
202627;A094;9;20;ACREDITADO;933;15622382.10
202627;A094;9;20;RECHAZADA;7;60800
202627;A095;1;40;ACREDITADO;9116;206777224.33
202627;A096;1;40;ACREDITADO;2627;37548628.13
202627;A098;1;40;ACREDITADO;1203;158450197.14
202627;A099;1;40;ACREDITADO;101;27438117.99
202627;A100;2;80;ACREDITADO;83;204870.54
202627;A100;2;90;ACREDITADO;4;9746
202627;A101;1;40;ACREDITADO;2696;372154217.50
202627;A103;1;40;ACREDITADO;14;919879
202627;A103;7;20;ACREDITADO;20;874579.01
202627;A103;7;60;ACREDITADO;1;73000
202627;A103;7;80;ACREDITADO;6;381086.09
202627;A103;7;80;RECHAZADA;2;119109.09
202627;A103;7;90;ACREDITADO;8;398057
202627;A103;7;90;RECHAZADA;3;284664.46
202627;A103;9;20;ACREDITADO;13927;280919233.24
202627;A103;9;20;RECHAZADA;47;1103225.02
202627;A104;1;40;ACREDITADO;15;943513.53
202627;A104;7;20;ACREDITADO;5970;110950319.03
202627;A104;7;20;ENPROCESO;1;19044
202627;A104;7;20;RECHAZADA;34;967360.95
202627;A104;7;40;ACREDITADO;3740;107151604.33
202627;A105;1;40;ACREDITADO;483;82879700
202627;A107;1;40;ACREDITADO;4897;1464666411.07
202627;A108;9;20;ACREDITADO;28975;548773814.95
202627;A108;9;20;RECHAZADA;108;3015999
202627;A111;9;20;DEVUELTA;1;17.27
202627;A112;1;40;ACREDITADO;113;2343028.84
202627;A114;1;40;ACREDITADO;139;8711890.92
202627;A116;1;40;ACREDITADO;25;3259839
202627;A117;9;20;ACREDITADO;1950;39770668.93
202627;A117;9;20;RECHAZADA;9;396000
202627;A121;1;40;ACREDITADO;8;1411843
202627;A123;1;40;ACREDITADO;165;24820454
202627;A125;1;40;ACREDITADO;2;13
202627;A127;7;20;ACREDITADO;6;545941.08
202627;A127;7;40;ACREDITADO;1;165649
202627;A127;7;40;DEVUELTA;1;187913
202627;A127;7;80;ACREDITADO;5;734861.95
202627;A127;7;80;DEVUELTA;1;81012
202627;A127;7;80;RECHAZADA;2;537280
202627;A128;9;20;ACREDITADO;17;2257433.91
202627;A130;9;20;ACREDITADO;1;50
202627;A130;9;20;DEVUELTA;1;15
202627;A131;1;40;ACREDITADO;16;904539
202627;A132;6;80;ACREDITADO;5831;602871797.45
202627;A132;6;80;RECHAZADA;2430;688608615.42
202627;A132;6;90;ACREDITADO;14724;1203138378.73
202627;A132;6;90;RECHAZADA;2180;241456902.88
202627;A132;9;20;ACREDITADO;6605;686888971.28
202627;A132;9;20;RECHAZADA;147;55550444.07
202627;A135;9;20;ACREDITADO;11;143400
202627;A136;7;40;ACREDITADO;13;260600
202627;A136;7;60;ACREDITADO;2;38000
202627;A136;7;80;ACREDITADO;2;34000
202627;A136;7;90;ACREDITADO;2;45000
202627;A138;9;20;ACREDITADO;35;1785598.69
202627;A142;1;40;ACREDITADO;21;2738148
202627;A143;6;80;ACREDITADO;5584;998753947.71
202627;A143;6;80;RECHAZADA;2744;692746301.30
202627;A143;6;90;ACREDITADO;6801;1039260954.36
202627;A143;6;90;RECHAZADA;2736;570055401.11
202627;A143;9;20;ACREDITADO;2397;436183276.29
202627;A143;9;20;RECHAZADA;33;12958114.07
202627;A145;1;40;ACREDITADO;19;781877
202627;A146;1;40;ACREDITADO;50;8930555
202627;A147;1;40;ACREDITADO;193;1905863
202627;A148;1;40;ACREDITADO;3;60.19
202627;A149;9;20;ACREDITADO;880;226476373.22
202627;A149;9;20;RECHAZADA;30;11734477
202627;A150;1;40;ACREDITADO;21;1187400
202627;A151;6;80;ACREDITADO;16;11691533.70
202627;A151;6;80;RECHAZADA;61;46790754.50
202627;A152;6;80;ACREDITADO;9730;944328296.22
202627;A152;6;80;RECHAZADA;3579;894014135.29
202627;A152;6;90;ACREDITADO;23979;1798725219.43
202627;A152;6;90;RECHAZADA;4025;418354487.72
202627;A152;9;20;ACREDITADO;6184;537487330.92
202627;A152;9;20;RECHAZADA;171;51356955.08
202627;A153;1;40;ACREDITADO;3043;258968882.03
202627;A154;1;40;ACREDITADO;1;30
202627;A155;6;90;DEVUELTA;2;42309.92
202627;A155;7;20;ACREDITADO;2;7000
202627;A155;7;40;ACREDITADO;1;1000
202627;A155;7;80;DEVUELTA;1;100
202627;A157;6;80;ACREDITADO;3656;395852085.96
202627;A157;6;80;RECHAZADA;1470;371397787.47
202627;A157;6;90;ACREDITADO;10448;891208238.97
202627;A157;6;90;RECHAZADA;1629;228419966.73
202627;A157;9;20;ACREDITADO;2098;206693457.43
202627;A157;9;20;RECHAZADA;38;6884732.51
202627;A158;1;40;ACREDITADO;1;1000
202627;B;4;10;ACREDITADO;1;170000
202627;B;4;60;ACREDITADO;70;656040.45
202627;B;4;60;RECHAZADA;1;139000
202627;B;4;80;ACREDITADO;82;3291079.97
202627;B;4;80;RECHAZADA;3;137700
202627;B;4;90;ACREDITADO;579;14080566.88
202627;B;4;90;DEVUELTA;1;108563.80
202627;B;4;90;RECHAZADA;11;558760
202627;B;6;80;DEVUELTA;8;960
202627;B;6;80;RECHAZADA;3;360
202627;B;6;90;DEVUELTA;2;240
202627;B;6;90;RECHAZADA;2;240
202627;B;9;20;ACREDITADO;3105;247798643.17
202627;B;9;20;DEVUELTA;8;12180.80
202627;B;9;20;RECHAZADA;11;472361.13
202627;C;9;20;ACREDITADO;28939;3538638838.88
202627;C;9;20;DEVUELTA;7;2076335.52
202627;C;9;20;RECHAZADA;249;60642725.32
202627;D;9;20;ACREDITADO;10399;3122348115.79
202627;D;9;20;RECHAZADA;199;79726726.74
202627;E;9;20;ACREDITADO;206;2153551
202627;F;9;20;ACREDITADO;9;2666883.94
202627;F;9;20;RECHAZADA;2;1540290.14
202627;J;4;90;ACREDITADO;1162;330791149.93
202627;J;4;90;RECHAZADA;79;25862965.81
202627;J;6;90;ACREDITADO;616;163323108.11
202627;J;6;90;RECHAZADA;116;53080223.55
202627;K;1;40;ACREDITADO;1;621000
202627;K;4;90;ACREDITADO;2283;597333023.40
202627;K;4;90;DEVUELTA;4;704833.22
202627;K;4;90;RECHAZADA;129;48146260.82
202627;K;7;20;ACREDITADO;693;142505881.82
202627;K;7;20;RECHAZADA;59;31371863.12
202627;K;7;40;ACREDITADO;608;131044044.06
202627;K;7;90;ACREDITADO;1570;379302127.09
202627;K;7;90;RECHAZADA;288;94274418.04
202627;K;9;20;ACREDITADO;1407;309358207.64
202627;K;9;20;RECHAZADA;73;30498873.12
202627;N;9;20;ACREDITADO;4715;325513924.77
202627;N;9;20;RECHAZADA;44;10790503.55
202627;PMC;2;50;ACREDITADO;165033;12469272559.45
202627;Q;6;90;ACREDITADO;218;18579398.78
202627;Q;6;90;RECHAZADA;140;7841308.16
202627;R;9;20;ACREDITADO;22303;2585416402.85
202627;R;9;20;DEVUELTA;15;1755990.30
202627;R;9;20;ENPROCESO;1;300968
202627;R;9;20;RECHAZADA;492;169830884.54
202627;U;4;60;ACREDITADO;6;1171618.65
202627;U;4;90;ACREDITADO;86;10747258.04
202627;U;4;90;RECHAZADA;19;3772620.63
202627;U;6;90;ACREDITADO;115;21816220.88
202627;U;6;90;RECHAZADA;22;6277560.30
202627;V;9;20;ACREDITADO;912;112453118.83
202627;V;9;20;RECHAZADA;88;22792053.63
202627;VIRG;9;20;ACREDITADO;275;4692796.12
202627;VIRG;9;20;RECHAZADA;4;633176.26
202627;W;9;20;ACREDITADO;1805;457303491.40
202627;W;9;20;RECHAZADA;16;4414107.62
202627;Y;6;90;ACREDITADO;828;125443964.06
202627;Y;6;90;RECHAZADA;186;40757994.93
202628;6;1;40;ACREDITADO;77;6935000
202628;6;6;60;ACREDITADO;203;16094410.80
202628;6;6;60;RECHAZADA;44;3424842.40
202628;6;6;80;ACREDITADO;420;38148873.60
202628;6;6;80;RECHAZADA;155;36207233.74
202628;6;6;90;ACREDITADO;2775;188222886.93
202628;6;6;90;RECHAZADA;523;132034936.01
202628;6;9;20;ACREDITADO;10;220001
202628;7;7;20;ACREDITADO;3;5659329.23
202628;7;7;40;ACREDITADO;9;3742792.47
202628;7;7;80;ACREDITADO;2;3455208.77
202628;7;7;80;RECHAZADA;2;4143779.10
202628;7;7;90;ACREDITADO;1;1000000.99
202628;A009;1;40;ACREDITADO;616;111121687.36
202628;A012;9;20;ACREDITADO;240;48959619.47
202628;A012;9;20;RECHAZADA;11;2440667
202628;A014;9;20;ACREDITADO;28;1135865
202628;A014;9;20;RECHAZADA;2;49580
202628;A016;1;40;ACREDITADO;281;55172795.22
202628;A016;6;90;ACREDITADO;116;28516268.40
202628;A016;6;90;RECHAZADA;38;13531784.76
202628;A020;4;10;ACREDITADO;1;150300
202628;A020;4;60;ACREDITADO;4;46900
202628;A020;4;80;ACREDITADO;2;136032.02
202628;A020;4;90;ACREDITADO;35;922033.25
202628;A020;9;20;ACREDITADO;2;12600
202628;A022;9;20;ACREDITADO;10;74154
202628;A023;1;40;ACREDITADO;503;87127469.06
202628;A023;6;90;ACREDITADO;48;8775324.54
202628;A023;6;90;RECHAZADA;31;14498817.35
202628;A024;1;40;ACREDITADO;1441;306435302.88
202628;A024;6;80;ACREDITADO;77;17188220
202628;A024;6;80;RECHAZADA;107;29031450
202628;A024;6;90;ACREDITADO;177;35317190
202628;A024;6;90;RECHAZADA;63;17714360
202628;A025;1;40;ACREDITADO;332;90244578.19
202628;A025;6;90;ACREDITADO;69;15831941.19
202628;A025;6;90;RECHAZADA;11;2106445.81
202628;A027;9;20;ACREDITADO;11143;1180901737
202628;A027;9;20;RECHAZADA;130;17933605
202628;A031;1;40;ACREDITADO;127;2295060.58
202628;A032;1;40;ACREDITADO;3;6
202628;A032;4;80;DEVUELTA;1;120
202628;A032;4;90;DEVUELTA;1;15
202628;A032;9;20;ACREDITADO;2;4
202628;A035;6;90;ACREDITADO;406;138783241.96
202628;A035;6;90;RECHAZADA;97;60400557.56
202628;A036;9;20;ACREDITADO;495;150585050.84
202628;A036;9;20;RECHAZADA;5;3912142.28
202628;A037;6;90;ACREDITADO;27;1687123
202628;A037;6;90;RECHAZADA;4;202722
202628;A038;1;40;ACREDITADO;14334;4307882048.21
202628;A039;1;40;ACREDITADO;1438;39642316.54
202628;A039;4;60;ACREDITADO;1180;19161189.99
202628;A039;4;60;DEVUELTA;1;29400
202628;A039;4;60;RECHAZADA;36;904599.20
202628;A039;4;80;ACREDITADO;1096;34147683.63
202628;A039;4;80;DEVUELTA;1;84200
202628;A039;4;80;RECHAZADA;103;7995355.12
202628;A039;4;90;ACREDITADO;7572;164933356.51
202628;A039;4;90;RECHAZADA;186;10929749.96
202628;A039;6;80;ACREDITADO;1;55000
202628;A039;9;20;ACREDITADO;12565;265283375.40
202628;A039;9;20;RECHAZADA;120;2966893
202628;A040;1;40;ACREDITADO;912;247495068.19
202628;A042;9;20;ACREDITADO;5073;302735061.22
202628;A042;9;20;DEVUELTA;9;801829.99
202628;A042;9;20;RECHAZADA;68;5652031.38
202628;A045;1;40;ACREDITADO;12138;1457562536.62
202628;A046;4;80;ACREDITADO;17;680000
202628;A046;4;80;RECHAZADA;1;25000
202628;A046;4;90;ACREDITADO;150;5708900
202628;A046;4;90;RECHAZADA;2;50000
202628;A046;9;20;ACREDITADO;1721;101887451.13
202628;A046;9;20;RECHAZADA;39;1689505
202628;A051;1;40;ACREDITADO;52;33768963
202628;A051;6;80;ACREDITADO;5;2050387
202628;A051;6;80;RECHAZADA;11;7304335
202628;A052;1;40;ACREDITADO;156;46789522.76
202628;A060;9;20;ACREDITADO;697;117176577
202628;A060;9;20;RECHAZADA;4;2456800
202628;A061;1;40;ACREDITADO;938;151233595.39
202628;A063;9;20;ACREDITADO;93;3926081.76
202628;A064;1;40;ACREDITADO;34;1380000
202628;A066;9;20;ACREDITADO;7134;502014616.73
202628;A066;9;20;RECHAZADA;108;25238426.05
202628;A069;1;40;ACREDITADO;9026;709156604.76
202628;A070;9;20;ACREDITADO;3214;523300830
202628;A070;9;20;DEVUELTA;79;14344160
202628;A070;9;20;RECHAZADA;76;15320630
202628;A071;6;80;ACREDITADO;52;7339013
202628;A071;6;80;RECHAZADA;16;2361920
202628;A071;6;90;ACREDITADO;26;3643068
202628;A071;6;90;RECHAZADA;4;489203
202628;A072;7;20;ACREDITADO;744;92294440
202628;A072;7;20;RECHAZADA;2;198000
202628;A072;7;80;ACREDITADO;499;67723554
202628;A072;7;80;RECHAZADA;164;27236170
202628;A072;7;90;ACREDITADO;407;51283134
202628;A072;7;90;RECHAZADA;44;5130526
202628;A073;9;20;ACREDITADO;95;11127825.50
202628;A074;1;40;ACREDITADO;7;6357043.39
202628;A074;9;20;ACREDITADO;3;2177872.20
202628;A076;9;20;ACREDITADO;98;19490593.08
202628;A076;9;20;RECHAZADA;1;174340
202628;A077;6;80;ACREDITADO;3;459000
202628;A077;6;80;RECHAZADA;2;552450
202628;A081;1;40;ACREDITADO;13;1159046.27
202628;A082;9;20;ACREDITADO;118;31687216.75
202628;A082;9;20;RECHAZADA;3;2873000
202628;A084;1;40;ACREDITADO;2836;404533481.40
202628;A086;1;40;ACREDITADO;517;103659034.45
202628;A088;1;40;ACREDITADO;11787;322783435.58
202628;A090;1;40;ACREDITADO;5656;1512921286.31
202628;A094;9;20;ACREDITADO;845;15633700
202628;A094;9;20;RECHAZADA;3;26700
202628;A095;1;40;ACREDITADO;7482;181080982
202628;A096;1;40;ACREDITADO;1807;19963074.93
202628;A098;1;40;ACREDITADO;7;2208657.09
202628;A099;1;40;ACREDITADO;128;34954679
202628;A100;2;90;ACREDITADO;1;3996
202628;A101;1;40;ACREDITADO;3649;531401207.78
202628;A102;9;20;ACREDITADO;4;79679.05
202628;A102;9;20;RECHAZADA;1;20998
202628;A103;1;40;ACREDITADO;7;267567.12
202628;A103;7;20;ACREDITADO;10;578201.94
202628;A103;7;20;RECHAZADA;1;10900
202628;A103;7;60;RECHAZADA;2;21800
202628;A103;7;80;ACREDITADO;9;540905.73
202628;A103;7;80;RECHAZADA;3;454736.02
202628;A103;7;90;ACREDITADO;3;116653.18
202628;A103;7;90;RECHAZADA;2;73000
202628;A103;9;20;ACREDITADO;13999;297419586.17
202628;A103;9;20;ENPROCESO;2;34700
202628;A103;9;20;RECHAZADA;112;2500662.29
202628;A104;7;20;ACREDITADO;4862;80787005.41
202628;A104;7;20;RECHAZADA;52;1105236.54
202628;A104;7;40;ACREDITADO;2521;72881968.79
202628;A105;1;40;ACREDITADO;419;61680861.73
202628;A107;1;40;ACREDITADO;5939;1608040011.84
202628;A108;9;20;ACREDITADO;32441;638787935.90
202628;A108;9;20;RECHAZADA;293;7545121
202628;A111;9;20;ACREDITADO;12;542490.80
202628;A112;1;40;ACREDITADO;203;4361428.33
202628;A114;1;40;ACREDITADO;133;8405666.47
202628;A116;1;40;ACREDITADO;36;5490197
202628;A117;9;20;ACREDITADO;2035;42526303.20
202628;A117;9;20;RECHAZADA;7;130560
202628;A121;1;40;ACREDITADO;13;2082310
202628;A123;1;40;ACREDITADO;147;29025251
202628;A125;1;40;ACREDITADO;1;4
202628;A127;7;20;ACREDITADO;4;248171
202628;A127;7;20;DEVUELTA;1;221858
202628;A127;7;40;ACREDITADO;3;337070.16
202628;A127;7;40;DEVUELTA;2;31463.63
202628;A127;7;80;ACREDITADO;3;208006
202628;A127;7;80;DEVUELTA;3;619213
202628;A127;7;80;RECHAZADA;3;549373
202628;A128;9;20;ACREDITADO;24;2701801.82
202628;A128;9;20;RECHAZADA;2;40685.84
202628;A130;9;20;ACREDITADO;18;314
202628;A130;9;20;DEVUELTA;7;158
202628;A131;1;40;ACREDITADO;9;805858
202628;A132;6;80;ACREDITADO;3751;381259224.01
202628;A132;6;80;RECHAZADA;1603;424542652.54
202628;A132;6;90;ACREDITADO;10220;842931835.67
202628;A132;6;90;RECHAZADA;1905;210635264.74
202628;A132;9;20;ACREDITADO;6020;622348665.59
202628;A132;9;20;RECHAZADA;145;31612059.19
202628;A135;9;20;ACREDITADO;7;162210
202628;A136;7;40;ACREDITADO;11;219000
202628;A136;7;80;ACREDITADO;1;19000
202628;A138;9;20;ACREDITADO;135;10572751.63
202628;A142;1;40;ACREDITADO;16;2605906
202628;A143;6;80;ACREDITADO;4781;880657466.70
202628;A143;6;80;RECHAZADA;2242;584999927.07
202628;A143;6;90;ACREDITADO;7056;1015720299.55
202628;A143;6;90;RECHAZADA;2656;549677372.39
202628;A143;9;20;ACREDITADO;2970;549355904.95
202628;A143;9;20;RECHAZADA;40;8585465.22
202628;A145;1;40;ACREDITADO;19;767988
202628;A146;1;40;ACREDITADO;51;6982692
202628;A147;1;40;ACREDITADO;134;1014874.82
202628;A149;9;20;ACREDITADO;1433;412139738.20
202628;A149;9;20;RECHAZADA;57;23548866
202628;A150;1;40;ACREDITADO;47;2771986.14
202628;A151;6;80;ACREDITADO;8;7117750.70
202628;A151;6;80;RECHAZADA;24;39723537.05
202628;A152;6;80;ACREDITADO;7482;704029616.38
202628;A152;6;80;RECHAZADA;3056;638449320.20
202628;A152;6;90;ACREDITADO;20010;1444269560.39
202628;A152;6;90;RECHAZADA;4192;396518562.51
202628;A152;9;20;ACREDITADO;6488;564863301.54
202628;A152;9;20;ENPROCESO;1;30116.54
202628;A152;9;20;RECHAZADA;167;44399585.38
202628;A153;1;40;ACREDITADO;2520;227189381.14
202628;A155;7;20;ACREDITADO;1;3
202628;A155;7;80;ACREDITADO;1;3
202628;A155;7;80;RECHAZADA;2;6
202628;A156;9;20;ACREDITADO;6;39
202628;A157;6;80;ACREDITADO;4385;500828028.05
202628;A157;6;80;RECHAZADA;1814;439127907.66
202628;A157;6;90;ACREDITADO;12636;1076731572.59
202628;A157;6;90;RECHAZADA;2674;342531498.22
202628;A157;9;20;ACREDITADO;2704;320259379.32
202628;A157;9;20;RECHAZADA;87;30645074.42
202628;B;4;60;ACREDITADO;42;285845.83
202628;B;4;80;ACREDITADO;37;2073621.83
202628;B;4;80;RECHAZADA;6;504549.96
202628;B;4;90;ACREDITADO;392;8672272.61
202628;B;4;90;RECHAZADA;9;159182.42
202628;B;6;80;DEVUELTA;10;1200
202628;B;6;80;RECHAZADA;6;720
202628;B;9;20;ACREDITADO;2864;253959616.50
202628;B;9;20;DEVUELTA;8;35.20
202628;B;9;20;RECHAZADA;20;698602.88
202628;C;9;20;ACREDITADO;37263;5101396900.81
202628;C;9;20;DEVUELTA;5;1172973.93
202628;C;9;20;RECHAZADA;737;135623660.16
202628;D;9;20;ACREDITADO;18160;5630298704.84
202628;D;9;20;RECHAZADA;698;251891192.29
202628;E;9;20;ACREDITADO;48;549675
202628;F;9;20;ACREDITADO;7;1123565.65
202628;J;4;90;ACREDITADO;1729;489782865.46
202628;J;4;90;RECHAZADA;65;28034965.38
202628;J;6;90;ACREDITADO;851;232316820.63
202628;J;6;90;RECHAZADA;175;66261485.36
202628;K;4;90;ACREDITADO;2344;627926370.75
202628;K;4;90;DEVUELTA;6;2919910.13
202628;K;4;90;RECHAZADA;116;51895771.50
202628;K;7;20;ACREDITADO;1170;269295207.77
202628;K;7;20;RECHAZADA;126;67978393.07
202628;K;7;40;ACREDITADO;703;152653720.10
202628;K;7;90;ACREDITADO;1867;482966329.49
202628;K;7;90;RECHAZADA;405;140282587.24
202628;K;9;20;ACREDITADO;2246;585879328.58
202628;K;9;20;DEVUELTA;1;358399.30
202628;K;9;20;RECHAZADA;131;48632554.20
202628;N;9;20;ACREDITADO;4256;260798703.83
202628;N;9;20;REALIZADA;1;109217.48
202628;N;9;20;RECHAZADA;82;9940549.66
202628;PMC;2;50;ACREDITADO;159324;13487996916.02
202628;Q;6;90;ACREDITADO;208;14971140.17
202628;Q;6;90;RECHAZADA;102;3119462.29
202628;R;9;20;ACREDITADO;25793;3178011713.01
202628;R;9;20;DEVUELTA;27;5043137.24
202628;R;9;20;RECHAZADA;792;229365743.02
202628;T;9;20;ACREDITADO;1;15
202628;U;4;60;ACREDITADO;12;1715435.74
202628;U;4;60;RECHAZADA;1;50320.66
202628;U;4;90;ACREDITADO;154;21991200.72
202628;U;4;90;RECHAZADA;41;8806347.03
202628;U;6;90;ACREDITADO;160;34289820.95
202628;U;6;90;RECHAZADA;24;3078432.11
202628;V;9;20;ACREDITADO;1054;132507711.39
202628;V;9;20;RECHAZADA;64;26132504.43
202628;VIRG;9;20;ACREDITADO;223;5945933.33
202628;VIRG;9;20;RECHAZADA;4;33769
202628;W;9;20;ACREDITADO;4815;1271635353.59
202628;W;9;20;RECHAZADA;100;22863408.71
202628;Y;6;90;ACREDITADO;946;137579306.08
202628;Y;6;90;RECHAZADA;218;58910338.46
202629;6;1;40;ACREDITADO;366;29467149.12
202629;6;6;60;ACREDITADO;204;13363264.95
202629;6;6;60;RECHAZADA;55;4724592.57
202629;6;6;80;ACREDITADO;527;48788106.11
202629;6;6;80;RECHAZADA;191;52724341.73
202629;6;6;90;ACREDITADO;3490;231586838.40
202629;6;6;90;RECHAZADA;595;103754989.08
202629;6;9;20;ACREDITADO;13;250000
202629;7;7;20;ACREDITADO;3;4789986.88
202629;7;7;40;ACREDITADO;14;9200890.13
202629;7;7;80;ACREDITADO;2;1503819.49
202629;7;7;80;RECHAZADA;2;2512030.20
202629;7;7;90;ACREDITADO;1;1240000
202629;7;7;90;RECHAZADA;1;991972.58
202629;7;9;20;ACREDITADO;6;4100
202629;A009;1;40;ACREDITADO;955;157295184.04
202629;A012;9;20;ACREDITADO;101;14205219.29
202629;A012;9;20;RECHAZADA;3;389299.94
202629;A014;9;20;ACREDITADO;90;2013293
202629;A016;1;40;ACREDITADO;398;66567934.86
202629;A016;6;90;ACREDITADO;86;20393998.57
202629;A016;6;90;RECHAZADA;28;6571977.15
202629;A020;4;10;ACREDITADO;1;29600
202629;A020;4;60;ACREDITADO;5;56900
202629;A020;4;80;ACREDITADO;4;119700
202629;A020;4;90;ACREDITADO;44;1002445.90
202629;A020;9;20;ACREDITADO;2;84884
202629;A022;9;20;ACREDITADO;33;232701
202629;A023;1;40;ACREDITADO;1013;179152549.36
202629;A023;6;90;ACREDITADO;119;24480012.78
202629;A023;6;90;RECHAZADA;39;15152919.24
202629;A024;1;40;ACREDITADO;898;177776180.01
202629;A024;6;80;ACREDITADO;54;13252910
202629;A024;6;80;RECHAZADA;78;30010710
202629;A024;6;90;ACREDITADO;100;26171760
202629;A024;6;90;RECHAZADA;27;4097210
202629;A025;1;40;ACREDITADO;468;133361691.87
202629;A025;6;90;ACREDITADO;77;17166235.04
202629;A025;6;90;RECHAZADA;16;3411591.33
202629;A027;9;20;ACREDITADO;9611;1004715758
202629;A027;9;20;RECHAZADA;147;22860040
202629;A031;1;40;ACREDITADO;244;3610947.71
202629;A032;1;40;ACREDITADO;3;6
202629;A032;4;10;ACREDITADO;4;413.70
202629;A032;4;10;DEVUELTA;1;101
202629;A032;4;80;DEVUELTA;2;207
202629;A032;4;90;DEVUELTA;1;108
202629;A032;9;20;DEVUELTA;2;32.60
202629;A035;6;90;ACREDITADO;360;117942094.43
202629;A035;6;90;RECHAZADA;55;27112129.49
202629;A036;9;20;ACREDITADO;225;51727463.62
202629;A036;9;20;RECHAZADA;3;1190111.96
202629;A037;6;90;ACREDITADO;45;3201224.52
202629;A037;6;90;RECHAZADA;8;337960
202629;A038;1;40;ACREDITADO;11225;3174568286.25
202629;A038;6;80;RECHAZADA;1;476428.97
202629;A039;1;40;ACREDITADO;2455;56173727.67
202629;A039;4;60;ACREDITADO;2373;37236358.99
202629;A039;4;60;RECHAZADA;103;1789722.89
202629;A039;4;80;ACREDITADO;2343;67546641.33
202629;A039;4;80;DEVUELTA;4;106200
202629;A039;4;80;RECHAZADA;241;17523841.74
202629;A039;4;90;ACREDITADO;13898;275217001.61
202629;A039;4;90;DEVUELTA;1;29000
202629;A039;4;90;RECHAZADA;356;16972235.45
202629;A039;6;80;ACREDITADO;2;90000
202629;A039;6;80;RECHAZADA;2;70000
202629;A039;9;20;ACREDITADO;10668;216885459.40
202629;A039;9;20;ENPROCESO;1;20000
202629;A039;9;20;RECHAZADA;154;3360131
202629;A040;1;40;ACREDITADO;1625;346793633.85
202629;A041;9;20;ACREDITADO;1;232741.70
202629;A042;9;20;ACREDITADO;4909;296354102.71
202629;A042;9;20;DEVUELTA;3;190494.34
202629;A042;9;20;RECHAZADA;67;4959586.90
202629;A045;1;40;ACREDITADO;12040;1462685988.50
202629;A046;4;80;ACREDITADO;28;1062500
202629;A046;4;80;RECHAZADA;3;75000
202629;A046;4;90;ACREDITADO;175;6542500
202629;A046;4;90;RECHAZADA;4;125000
202629;A046;9;20;ACREDITADO;1455;79261436
202629;A046;9;20;RECHAZADA;19;960000
202629;A051;1;40;ACREDITADO;116;47508850.39
202629;A051;6;80;ACREDITADO;13;9308661
202629;A051;6;80;RECHAZADA;9;12842633
202629;A051;6;90;ACREDITADO;2;297728
202629;A052;1;40;ACREDITADO;209;62879485.80
202629;A060;9;20;ACREDITADO;674;173847731.09
202629;A060;9;20;RECHAZADA;18;10910479.85
202629;A061;1;40;ACREDITADO;1282;193825322.74
202629;A063;9;20;ACREDITADO;79;2059385
202629;A063;9;20;RECHAZADA;3;55000
202629;A064;1;40;ACREDITADO;97;1396000
202629;A066;9;20;ACREDITADO;6218;523090609.12
202629;A066;9;20;RECHAZADA;157;34851628.31
202629;A069;1;40;ACREDITADO;17528;1387660410.53
202629;A070;9;20;ACREDITADO;2816;384914310
202629;A070;9;20;DEVUELTA;65;10588980
202629;A070;9;20;RECHAZADA;65;11758120
202629;A071;6;60;ACREDITADO;1;104060
202629;A071;6;60;RECHAZADA;1;58080
202629;A071;6;80;ACREDITADO;61;8687437
202629;A071;6;80;RECHAZADA;24;3919432
202629;A071;6;90;ACREDITADO;44;5597460
202629;A071;6;90;RECHAZADA;5;666226
202629;A072;7;20;ACREDITADO;430;54099176
202629;A072;7;20;RECHAZADA;20;3309960
202629;A072;7;80;ACREDITADO;716;97129520
202629;A072;7;80;RECHAZADA;177;30744178
202629;A072;7;90;ACREDITADO;429;56246880
202629;A072;7;90;RECHAZADA;35;4947676
202629;A073;9;20;ACREDITADO;128;16789355
202629;A074;1;40;ACREDITADO;6;3431569.83
202629;A076;9;20;ACREDITADO;8;2152782.17
202629;A077;6;60;ACREDITADO;4;275
202629;A077;6;80;ACREDITADO;3;462725
202629;A077;6;80;RECHAZADA;2;456225
202629;A077;6;90;ACREDITADO;3;299000
202629;A081;1;40;ACREDITADO;22;2253717.92
202629;A082;9;20;ACREDITADO;91;27217418.71
202629;A084;1;40;ACREDITADO;4229;560022621.67
202629;A086;1;40;ACREDITADO;611;130165150.89
202629;A087;1;40;ACREDITADO;6;2363475
202629;A088;1;40;ACREDITADO;18617;486441544.61
202629;A090;1;40;ACREDITADO;8451;2106428001.77
202629;A093;6;90;ACREDITADO;1;101
202629;A094;9;20;ACREDITADO;890;15728049
202629;A094;9;20;RECHAZADA;8;202750
202629;A095;1;40;ACREDITADO;11983;315134653.65
202629;A096;1;40;ACREDITADO;3649;52363974.64
202629;A099;1;40;ACREDITADO;103;26178892.69
202629;A100;2;80;ACREDITADO;25;61858.68
202629;A100;2;90;ACREDITADO;3;6947.72
202629;A101;1;40;ACREDITADO;3850;492000066.64
202629;A102;9;20;ACREDITADO;7;285337.56
202629;A103;1;40;ACREDITADO;10;1898433.07
202629;A103;7;20;ACREDITADO;5;219019
202629;A103;7;60;ACREDITADO;1;19800
202629;A103;7;60;RECHAZADA;2;45099
202629;A103;7;80;ACREDITADO;9;511158.92
202629;A103;7;80;RECHAZADA;4;282197
202629;A103;7;90;ACREDITADO;16;693227.78
202629;A103;7;90;RECHAZADA;4;371098
202629;A103;9;20;ACREDITADO;13013;246437962.63
202629;A103;9;20;RECHAZADA;160;3319211.96
202629;A104;7;20;ACREDITADO;6065;100871611.55
202629;A104;7;20;RECHAZADA;71;726784
202629;A104;7;40;ACREDITADO;5359;145743377.56
202629;A105;1;40;ACREDITADO;692;109708033.98
202629;A107;1;40;ACREDITADO;11091;2882956126.71
202629;A108;9;20;ACREDITADO;28970;517078085.49
202629;A108;9;20;RECHAZADA;254;6432380.96
202629;A111;9;20;ACREDITADO;18;1176362.83
202629;A112;1;40;ACREDITADO;103;2339970.87
202629;A114;1;40;ACREDITADO;202;14918399
202629;A116;1;40;ACREDITADO;96;17257113
202629;A117;9;20;ACREDITADO;1899;35879281.83
202629;A117;9;20;RECHAZADA;26;408760
202629;A121;1;40;ACREDITADO;12;1473405
202629;A123;1;40;ACREDITADO;256;57839421.12
202629;A127;7;20;ACREDITADO;11;1862185.22
202629;A127;7;20;DEVUELTA;2;112042
202629;A127;7;40;ACREDITADO;9;340936.86
202629;A127;7;40;DEVUELTA;1;56265
202629;A127;7;80;ACREDITADO;7;945076.72
202629;A127;7;80;DEVUELTA;1;89661
202629;A127;7;80;RECHAZADA;3;1229937
202629;A127;7;90;ACREDITADO;4;513226.80
202629;A128;9;20;ACREDITADO;32;4912622.89
202629;A130;3;70;ACREDITADO;2;2
202629;A130;3;70;DEVUELTA;3;22
202629;A130;9;20;ACREDITADO;36;537
202629;A130;9;20;DEVUELTA;5;55
202629;A131;1;40;ACREDITADO;24;1326350
202629;A132;6;80;ACREDITADO;6514;697673048.22
202629;A132;6;80;RECHAZADA;2619;815452750.74
202629;A132;6;90;ACREDITADO;13640;1151713437.30
202629;A132;6;90;RECHAZADA;1986;265842899.11
202629;A132;9;20;ACREDITADO;5802;648033907.31
202629;A132;9;20;RECHAZADA;201;88161114.43
202629;A135;9;20;ACREDITADO;4;113600
202629;A136;7;40;ACREDITADO;8;165000
202629;A136;7;80;ACREDITADO;1;19000
202629;A136;7;80;RECHAZADA;1;19000
202629;A136;7;90;ACREDITADO;2;38000
202629;A138;9;20;ACREDITADO;97;7458959.53
202629;A138;9;20;RECHAZADA;1;57069.08
202629;A139;6;60;DEVUELTA;1;80000
202629;A139;6;80;DEVUELTA;4;187000
202629;A140;9;20;ACREDITADO;3;46016.24
202629;A142;1;40;ACREDITADO;21;3626314
202629;A143;6;80;ACREDITADO;5778;1120084208.81
202629;A143;6;80;RECHAZADA;3014;923654259.52
202629;A143;6;90;ACREDITADO;7633;1144548266.79
202629;A143;6;90;RECHAZADA;2946;696069470.58
202629;A143;9;20;ACREDITADO;2182;463870847.17
202629;A143;9;20;RECHAZADA;44;11813824.99
202629;A145;1;40;ACREDITADO;37;1578979
202629;A146;1;40;ACREDITADO;96;11185893
202629;A147;1;40;ACREDITADO;205;5295387
202629;A149;9;20;ACREDITADO;316;72593016.29
202629;A149;9;20;RECHAZADA;11;2138309
202629;A150;1;40;ACREDITADO;47;2484085
202629;A151;6;80;ACREDITADO;19;12434997.30
202629;A151;6;80;RECHAZADA;24;28248909.05
202629;A152;6;80;ACREDITADO;9069;914244776.06
202629;A152;6;80;RECHAZADA;3676;937438674.97
202629;A152;6;90;ACREDITADO;19485;1518187960.32
202629;A152;6;90;RECHAZADA;3702;371312924.50
202629;A152;9;20;ACREDITADO;4691;480880229.18
202629;A152;9;20;RECHAZADA;157;34231162.68
202629;A153;1;40;ACREDITADO;4534;408928238.20
202629;A155;7;90;ACREDITADO;5;594582.20
202629;A155;7;90;RECHAZADA;3;170876.67
202629;A156;9;20;ACREDITADO;10;19
202629;A157;6;80;ACREDITADO;6086;778024675.15
202629;A157;6;80;RECHAZADA;2469;750618653.47
202629;A157;6;90;ACREDITADO;13587;1239580195.33
202629;A157;6;90;RECHAZADA;2506;410272311.28
202629;A157;9;20;ACREDITADO;2532;448982628.30
202629;A157;9;20;RECHAZADA;99;62212025.23
202629;A158;1;40;ACREDITADO;1;35000
202629;A159;6;80;ACREDITADO;1142;111226502.89
202629;A159;6;80;RECHAZADA;438;121206370.74
202629;A159;6;90;ACREDITADO;2794;210044589.85
202629;A159;6;90;RECHAZADA;466;65933072.07
202629;A159;9;20;ACREDITADO;610;68247264.65
202629;A159;9;20;RECHAZADA;20;14862303.45
202629;B;4;10;ACREDITADO;3;400000
202629;B;4;10;RECHAZADA;1;190000
202629;B;4;60;ACREDITADO;71;611349.72
202629;B;4;80;ACREDITADO;76;3023018.59
202629;B;4;80;RECHAZADA;7;174299.63
202629;B;4;90;ACREDITADO;586;11976178.43
202629;B;4;90;DEVUELTA;1;49000
202629;B;4;90;RECHAZADA;11;281120.72
202629;B;6;80;DEVUELTA;4;480
202629;B;6;80;RECHAZADA;1;120
202629;B;6;90;DEVUELTA;2;240
202629;B;6;90;RECHAZADA;2;240
202629;B;9;20;ACREDITADO;2751;263572712.81
202629;B;9;20;DEVUELTA;4;213.20
202629;B;9;20;RECHAZADA;24;2500170
202629;C;9;20;ACREDITADO;29955;3577417116.43
202629;C;9;20;DEVUELTA;7;1582044.94
202629;C;9;20;RECHAZADA;418;59969588.61
202629;D;9;20;ACREDITADO;4684;1301005188.26
202629;D;9;20;RECHAZADA;111;37082765.89
202629;E;9;20;ACREDITADO;112;1207186
202629;E;9;20;RECHAZADA;4;45245
202629;J;4;60;ACREDITADO;2;90727.71
202629;J;4;90;ACREDITADO;1765;440836906.37
202629;J;4;90;RECHAZADA;80;29094710.49
202629;J;6;90;ACREDITADO;1084;280443594.05
202629;J;6;90;RECHAZADA;247;94416909.90
202629;K;4;90;ACREDITADO;3256;776670694.91
202629;K;4;90;DEVUELTA;5;1313337.60
202629;K;4;90;RECHAZADA;203;64982818.18
202629;K;7;20;ACREDITADO;893;187707311.59
202629;K;7;20;RECHAZADA;47;17312289.93
202629;K;7;40;ACREDITADO;1027;195815051.03
202629;K;7;90;ACREDITADO;2255;516648216.86
202629;K;7;90;RECHAZADA;501;167889855.08
202629;K;9;20;ACREDITADO;2181;498181407.38
202629;K;9;20;DEVUELTA;1;200000
202629;K;9;20;RECHAZADA;144;55466896.60
202629;N;9;20;ACREDITADO;4401;346265338.96
202629;N;9;20;RECHAZADA;57;7232177.54
202629;PMC;2;50;ACREDITADO;258817;31479731838.05
202629;Q;6;90;ACREDITADO;249;18065615.50
202629;Q;6;90;RECHAZADA;110;5363576.82
202629;R;9;20;ACREDITADO;22151;2915033756.24
202629;R;9;20;DEVUELTA;18;3769820.23
202629;R;9;20;RECHAZADA;675;197684377
202629;T;9;20;ACREDITADO;1;100
202629;T;9;20;DEVUELTA;1;12.30
202629;U;4;60;ACREDITADO;10;2400522.38
202629;U;4;90;ACREDITADO;125;16573285.04
202629;U;4;90;RECHAZADA;31;4206825.81
202629;U;6;90;ACREDITADO;246;42781073.97
202629;U;6;90;RECHAZADA;38;7814025.18
202629;V;9;20;ACREDITADO;889;127708414.88
202629;V;9;20;RECHAZADA;55;19860086.28
202629;VIRG;9;20;ACREDITADO;126;10331799.16
202629;VIRG;9;20;RECHAZADA;2;563205.05
202629;W;9;20;ACREDITADO;2116;482098537.97
202629;W;9;20;RECHAZADA;36;10134927.73
202629;Y;6;90;ACREDITADO;887;123018646.10
202629;Y;6;90;RECHAZADA;208;40163974
202630;3;6;80;ACREDITADO;1;24500
202630;6;1;40;ACREDITADO;233;23703925.65
202630;6;6;60;ACREDITADO;122;11432669.19
202630;6;6;60;RECHAZADA;34;1886077.03
202630;6;6;80;ACREDITADO;285;26287082.88
202630;6;6;80;RECHAZADA;97;30058159.28
202630;6;6;90;ACREDITADO;2675;163463212.23
202630;6;6;90;RECHAZADA;530;95175892.77
202630;6;9;20;ACREDITADO;7;140000
202630;7;7;20;ACREDITADO;2;1054959.78
202630;7;7;40;ACREDITADO;10;8532505.47
202630;7;7;80;ACREDITADO;7;6471310.30
202630;7;7;80;RECHAZADA;18;37884397.82
202630;7;7;90;ACREDITADO;2;3449911.73
202630;7;9;20;ACREDITADO;3;16.50
202630;A009;1;40;ACREDITADO;412;60204399.01
202630;A012;9;20;ACREDITADO;76;8525652.85
202630;A014;9;20;ACREDITADO;65;1139603
202630;A016;1;40;ACREDITADO;174;23466395.60
202630;A016;6;90;ACREDITADO;38;6456748.86
202630;A016;6;90;RECHAZADA;14;1674340.54
202630;A020;4;60;ACREDITADO;3;58374
202630;A020;4;80;ACREDITADO;5;180949
202630;A020;4;90;ACREDITADO;35;700566.18
202630;A020;9;20;ACREDITADO;2;25300
202630;A022;9;20;ACREDITADO;44;315414
202630;A023;1;40;ACREDITADO;384;70708948.83
202630;A023;6;90;ACREDITADO;40;7216753.79
202630;A023;6;90;RECHAZADA;11;1622809.53
202630;A024;1;40;ACREDITADO;489;95016569.85
202630;A024;6;80;ACREDITADO;36;6078290
202630;A024;6;80;RECHAZADA;113;37316680
202630;A024;6;90;ACREDITADO;39;7591560
202630;A024;6;90;RECHAZADA;14;4929320
202630;A025;1;40;ACREDITADO;136;38588681.38
202630;A025;6;90;ACREDITADO;16;4723499.33
202630;A025;6;90;RECHAZADA;7;1771224.96
202630;A027;9;20;ACREDITADO;9659;1085822571
202630;A027;9;20;RECHAZADA;75;18542029
202630;A031;1;40;ACREDITADO;197;2640431.91
202630;A032;1;40;ACREDITADO;2;4
202630;A032;4;10;DEVUELTA;3;311
202630;A032;7;90;DEVUELTA;1;100
202630;A032;9;20;ACREDITADO;5;16
202630;A035;6;90;ACREDITADO;99;33668699.17
202630;A035;6;90;RECHAZADA;16;5311678.70
202630;A036;9;20;ACREDITADO;106;22157836.39
202630;A037;6;90;ACREDITADO;9;794522.53
202630;A037;6;90;RECHAZADA;3;238417.37
202630;A038;1;40;ACREDITADO;5026;1566284275.96
202630;A039;1;40;ACREDITADO;1826;38753199.47
202630;A039;4;60;ACREDITADO;1681;23260597.83
202630;A039;4;60;RECHAZADA;74;1573975.98
202630;A039;4;80;ACREDITADO;1929;56346054.53
202630;A039;4;80;DEVUELTA;4;221491
202630;A039;4;80;RECHAZADA;186;12080639.10
202630;A039;4;90;ACREDITADO;10486;198260746.53
202630;A039;4;90;DEVUELTA;4;98800
202630;A039;4;90;RECHAZADA;244;9482830.52
202630;A039;6;80;ACREDITADO;1;43000
202630;A039;9;20;ACREDITADO;11701;241113614.16
202630;A039;9;20;RECHAZADA;78;1851396
202630;A040;1;40;ACREDITADO;1255;301938268.31
202630;A040;7;40;ACREDITADO;1;161605
202630;A041;9;20;ACREDITADO;1;1239318.72
202630;A042;9;20;ACREDITADO;5292;349808373.79
202630;A042;9;20;DEVUELTA;3;494087.04
202630;A042;9;20;RECHAZADA;27;4423615.01
202630;A045;1;40;ACREDITADO;4237;536625226.92
202630;A046;4;80;ACREDITADO;23;900000
202630;A046;4;80;RECHAZADA;2;162500
202630;A046;4;90;ACREDITADO;137;5144762.44
202630;A046;4;90;RECHAZADA;2;150000
202630;A046;9;20;ACREDITADO;1273;68339670.75
202630;A046;9;20;RECHAZADA;3;108000
202630;A051;1;40;ACREDITADO;109;26307503
202630;A051;6;80;ACREDITADO;10;4226093
202630;A051;6;80;RECHAZADA;15;9440003
202630;A051;6;90;ACREDITADO;2;266114
202630;A051;6;90;RECHAZADA;5;2318791
202630;A052;1;40;ACREDITADO;203;41719838.45
202630;A060;9;20;ACREDITADO;999;157731697.44
202630;A060;9;20;RECHAZADA;7;636357.78
202630;A061;1;40;ACREDITADO;427;67441631.80
202630;A063;9;20;ACREDITADO;63;1578550
202630;A064;1;40;ACREDITADO;48;719500
202630;A066;9;20;ACREDITADO;3843;364332649.27
202630;A066;9;20;ENPROCESO;1;34778
202630;A066;9;20;RECHAZADA;58;23690502.01
202630;A069;1;40;ACREDITADO;12132;934589061.92
202630;A070;9;20;ACREDITADO;2560;320646300
202630;A070;9;20;DEVUELTA;76;15530280
202630;A070;9;20;RECHAZADA;37;6397680
202630;A071;6;60;ACREDITADO;1;105391
202630;A071;6;60;RECHAZADA;1;58080
202630;A071;6;80;ACREDITADO;61;8385663
202630;A071;6;80;RECHAZADA;29;4789422
202630;A071;6;90;ACREDITADO;39;4931718
202630;A071;6;90;RECHAZADA;3;410311
202630;A072;7;20;ACREDITADO;179;23417788
202630;A072;7;80;ACREDITADO;198;25895908
202630;A072;7;80;RECHAZADA;89;14835310
202630;A072;7;90;ACREDITADO;101;12459470
202630;A072;7;90;RECHAZADA;11;1270580
202630;A073;9;20;ACREDITADO;131;16490303.50
202630;A076;9;20;ACREDITADO;7;1302999.74
202630;A077;6;80;ACREDITADO;3;459000
202630;A077;6;80;RECHAZADA;3;732450
202630;A077;6;90;ACREDITADO;1;180000
202630;A081;1;40;ACREDITADO;11;515942.25
202630;A082;9;20;ACREDITADO;105;22809962.63
202630;A084;1;40;ACREDITADO;1811;203672537.02
202630;A086;1;40;ACREDITADO;149;29349028.52
202630;A088;1;40;ACREDITADO;15226;323531016.34
202630;A090;1;40;ACREDITADO;3019;672047724.56
202630;A094;9;20;ACREDITADO;800;14475455
202630;A094;9;20;RECHAZADA;1;35000
202630;A095;1;40;ACREDITADO;9739;203179758.98
202630;A096;1;40;ACREDITADO;3042;45512714.46
202630;A098;1;40;ACREDITADO;1;1114372
202630;A099;1;40;ACREDITADO;10;1804665
202630;A101;1;40;ACREDITADO;1578;156859100.50
202630;A102;9;20;ACREDITADO;7;183228.37
202630;A102;9;20;DEVUELTA;1;31437.72
202630;A103;1;40;ACREDITADO;9;1540187.99
202630;A103;7;20;ACREDITADO;12;705192.97
202630;A103;7;60;RECHAZADA;1;18400
202630;A103;7;80;ACREDITADO;5;227797
202630;A103;7;90;ACREDITADO;8;290366.40
202630;A103;7;90;RECHAZADA;3;40700
202630;A103;9;20;ACREDITADO;12258;228089884.54
202630;A103;9;20;RECHAZADA;33;688699
202630;A104;1;40;ACREDITADO;1;15424
202630;A104;7;20;ACREDITADO;4325;92358203.25
202630;A104;7;20;RECHAZADA;15;293062.15
202630;A104;7;40;ACREDITADO;4695;131035852.18
202630;A105;1;40;ACREDITADO;265;66024026
202630;A107;1;40;ACREDITADO;8151;2092019128.76
202630;A107;7;40;ACREDITADO;1;24004.77
202630;A108;9;20;ACREDITADO;32610;617447367.44
202630;A108;9;20;RECHAZADA;98;2304995.50
202630;A111;9;20;ACREDITADO;9;216474.29
202630;A112;1;40;ACREDITADO;5;124964.20
202630;A114;1;40;ACREDITADO;223;14197429.18
202630;A116;1;40;ACREDITADO;33;4588910
202630;A117;9;20;ACREDITADO;1757;32885710.72
202630;A117;9;20;RECHAZADA;6;136500
202630;A123;1;40;ACREDITADO;303;53495337.48
202630;A127;7;20;ACREDITADO;9;833848.57
202630;A127;7;40;ACREDITADO;7;196224.37
202630;A127;7;60;ACREDITADO;1;15004
202630;A127;7;80;ACREDITADO;7;1029769.22
202630;A127;7;80;RECHAZADA;4;1091130.30
202630;A127;7;90;ACREDITADO;3;220118.06
202630;A128;9;20;ACREDITADO;22;8029200.68
202630;A128;9;20;RECHAZADA;1;600000
202630;A130;3;70;ACREDITADO;9;117
202630;A130;3;70;DEVUELTA;7;1702
202630;A130;9;20;ACREDITADO;12;307
202630;A130;9;20;DEVUELTA;1;15
202630;A131;1;40;ACREDITADO;10;262200
202630;A132;6;80;ACREDITADO;4910;530797867.12
202630;A132;6;80;RECHAZADA;2466;767098164.78
202630;A132;6;90;ACREDITADO;8706;797035509.91
202630;A132;6;90;RECHAZADA;1439;213818398.01
202630;A132;9;20;ACREDITADO;5376;648454744.59
202630;A132;9;20;RECHAZADA;99;48179691.95
202630;A135;9;20;ACREDITADO;43;1962050
202630;A136;7;40;ACREDITADO;15;275000
202630;A136;7;80;ACREDITADO;3;60000
202630;A136;7;90;ACREDITADO;3;53000
202630;A136;7;90;RECHAZADA;1;15000
202630;A138;9;20;ACREDITADO;44;3301010.06
202630;A138;9;20;RECHAZADA;2;87024.92
202630;A140;9;20;ACREDITADO;7;221658.68
202630;A140;9;20;DEVUELTA;1;5
202630;A142;1;40;ACREDITADO;1;790000
202630;A143;6;80;ACREDITADO;4429;825949984.59
202630;A143;6;80;RECHAZADA;2210;588192501.37
202630;A143;6;90;ACREDITADO;4285;726362147.31
202630;A143;6;90;RECHAZADA;1533;377316003.51
202630;A143;9;20;ACREDITADO;1714;364452405.60
202630;A143;9;20;RECHAZADA;17;7321210.54
202630;A145;1;40;ACREDITADO;57;1677630
202630;A146;1;40;ACREDITADO;21;2510260.60
202630;A147;1;40;ACREDITADO;129;2217078
202630;A148;1;40;ACREDITADO;1;30.03
202630;A149;9;20;ACREDITADO;177;40960896.22
202630;A149;9;20;RECHAZADA;2;1930525.43
202630;A150;1;40;ACREDITADO;16;589938
202630;A151;6;80;ACREDITADO;23;17173317.05
202630;A151;6;80;RECHAZADA;49;40835984.45
202630;A151;6;90;ACREDITADO;1;482310
202630;A152;6;80;ACREDITADO;6732;686905844.11
202630;A152;6;80;RECHAZADA;2940;822681443.60
202630;A152;6;90;ACREDITADO;12502;1067323134.80
202630;A152;6;90;RECHAZADA;2548;387556147.43
202630;A152;9;20;ACREDITADO;4057;442065267.52
202630;A152;9;20;RECHAZADA;68;21369704.51
202630;A153;1;40;ACREDITADO;3245;283256289.16
202630;A155;7;20;ACREDITADO;4;85413.89
202630;A155;7;40;ACREDITADO;5;131258.99
202630;A155;7;60;RECHAZADA;2;53040
202630;A155;7;80;ACREDITADO;2;182737.24
202630;A155;7;90;ACREDITADO;6;123854.99
202630;A155;7;90;RECHAZADA;3;400.19
202630;A155;9;20;ACREDITADO;1;1
202630;A155;9;20;RECHAZADA;1;1
202630;A156;9;20;ACREDITADO;12;71
202630;A156;9;20;RECHAZADA;3;12
202630;A157;6;80;ACREDITADO;4757;576199836.80
202630;A157;6;80;RECHAZADA;2021;521846012.82
202630;A157;6;90;ACREDITADO;10159;955442314.41
202630;A157;6;90;RECHAZADA;1969;255122667.70
202630;A157;9;20;ACREDITADO;2385;302886040.45
202630;A157;9;20;RECHAZADA;58;43197032.55
202630;A159;6;80;ACREDITADO;2555;240928891.28
202630;A159;6;80;RECHAZADA;1177;305573987.06
202630;A159;6;90;ACREDITADO;5875;463352808.42
202630;A159;6;90;RECHAZADA;1080;122184335.83
202630;A159;9;20;ACREDITADO;1136;107844648.43
202630;A159;9;20;RECHAZADA;27;5541856.58
202630;A160;1;40;ACREDITADO;4;40
202630;B;4;60;ACREDITADO;62;875176.96
202630;B;4;60;RECHAZADA;3;8199.98
202630;B;4;80;ACREDITADO;50;1826560.62
202630;B;4;90;ACREDITADO;502;11663031.74
202630;B;4;90;RECHAZADA;6;781926.79
202630;B;9;20;ACREDITADO;2751;247314757.18
202630;B;9;20;RECHAZADA;7;719408
202630;C;9;20;ACREDITADO;24447;2686416951.17
202630;C;9;20;RECHAZADA;152;29462223.57
202630;D;9;20;ACREDITADO;2248;639134568.29
202630;D;9;20;RECHAZADA;66;24835312.20
202630;E;9;20;ACREDITADO;166;1824164.33
202630;J;4;90;ACREDITADO;761;189768879.90
202630;J;4;90;RECHAZADA;42;16082304.46
202630;J;6;90;ACREDITADO;310;86500288.05
202630;J;6;90;RECHAZADA;79;21461005.18
202630;K;1;40;ACREDITADO;1;290000
202630;K;4;90;ACREDITADO;1889;427520424.03
202630;K;4;90;DEVUELTA;1;100600.12
202630;K;4;90;RECHAZADA;140;42886932.29
202630;K;7;20;ACREDITADO;697;144101241.94
202630;K;7;20;RECHAZADA;61;28307886.87
202630;K;7;40;ACREDITADO;683;121574843.46
202630;K;7;90;ACREDITADO;1143;236216494.95
202630;K;7;90;RECHAZADA;240;67005054.54
202630;K;9;20;ACREDITADO;1550;346188121.60
202630;K;9;20;RECHAZADA;57;28378017.17
202630;N;9;20;ACREDITADO;3578;314776735.85
202630;N;9;20;RECHAZADA;26;4833372.86
202630;PMC;2;50;ACREDITADO;127315;13139825937.17
202630;Q;6;90;ACREDITADO;97;7657199.84
202630;Q;6;90;RECHAZADA;43;2880205.65
202630;R;9;20;ACREDITADO;16560;2011879090.75
202630;R;9;20;DEVUELTA;4;633431.21
202630;R;9;20;RECHAZADA;315;117625886.64
202630;T;4;10;ACREDITADO;1;300
202630;T;4;10;RECHAZADA;1;300
202630;T;4;80;ACREDITADO;2;356
202630;T;4;80;RECHAZADA;3;2400
202630;T;4;90;ACREDITADO;4;2003
202630;T;4;90;DEVUELTA;1;125
202630;T;4;90;RECHAZADA;6;3102
202630;T;9;20;ACREDITADO;3;103
202630;U;4;60;ACREDITADO;5;837295.09
202630;U;4;90;ACREDITADO;73;11370024.28
202630;U;4;90;RECHAZADA;16;2539996.66
202630;U;6;90;ACREDITADO;100;15091871.17
202630;U;6;90;RECHAZADA;72;3852250.82
202630;V;9;20;ACREDITADO;650;74117591.99
202630;V;9;20;RECHAZADA;58;27027502.94
202630;VIRG;9;20;ACREDITADO;226;11197168.39
202630;W;9;20;ACREDITADO;1228;287078505.66
202630;W;9;20;RECHAZADA;20;8513291.54
202630;Y;6;90;ACREDITADO;262;32606128.58
202630;Y;6;90;RECHAZADA;64;9313750.05
202631;6;1;40;ACREDITADO;103;8784709.95
202631;6;6;60;ACREDITADO;168;11820026.15
202631;6;6;60;RECHAZADA;63;5835536.79
202631;6;6;80;ACREDITADO;874;72951405.54
202631;6;6;80;RECHAZADA;346;84095884.73
202631;6;6;90;ACREDITADO;3507;214454811.07
202631;6;6;90;RECHAZADA;1031;258697786.73
202631;7;7;40;ACREDITADO;13;11624432.40
202631;7;7;80;ACREDITADO;6;9406380.29
202631;7;7;80;RECHAZADA;4;9184147.36
202631;7;7;90;ACREDITADO;2;240795.06
202631;7;7;90;RECHAZADA;1;151000
202631;7;9;20;ACREDITADO;5;114.03
202631;A009;1;40;ACREDITADO;337;60691045.64
202631;A012;9;20;ACREDITADO;50;8618673.63
202631;A016;1;40;ACREDITADO;147;18702687.82
202631;A016;6;90;ACREDITADO;27;4127324.82
202631;A016;6;90;RECHAZADA;4;354732.35
202631;A020;4;60;ACREDITADO;7;96783.88
202631;A020;4;80;ACREDITADO;9;265463.41
202631;A020;4;90;ACREDITADO;33;697298.92
202631;A020;9;20;ACREDITADO;2;43400
202631;A022;9;20;ACREDITADO;37;268750
202631;A023;1;40;ACREDITADO;305;56845076.86
202631;A023;6;90;ACREDITADO;33;8217897.52
202631;A023;6;90;RECHAZADA;5;2402978.44
202631;A024;1;40;ACREDITADO;603;132744166.41
202631;A024;6;80;ACREDITADO;30;5976640
202631;A024;6;80;RECHAZADA;57;18738610
202631;A024;6;90;ACREDITADO;72;17713400
202631;A024;6;90;RECHAZADA;25;7359630
202631;A025;1;40;ACREDITADO;77;21213266.31
202631;A025;6;90;ACREDITADO;19;5836773.77
202631;A025;6;90;RECHAZADA;1;297684.08
202631;A026;9;20;ACREDITADO;3;18112.58
202631;A027;9;20;ACREDITADO;9388;1139927393
202631;A027;9;20;RECHAZADA;79;19221435
202631;A031;1;40;ACREDITADO;199;2853290.06
202631;A032;9;20;ACREDITADO;5;24.99
202631;A035;6;90;ACREDITADO;48;14964259.41
202631;A035;6;90;RECHAZADA;14;10233348.84
202631;A036;9;20;ACREDITADO;56;9970072.31
202631;A036;9;20;RECHAZADA;1;117790.17
202631;A037;6;90;ACREDITADO;2;78926
202631;A037;6;90;RECHAZADA;5;327770
202631;A038;1;40;ACREDITADO;5715;1816115207.36
202631;A039;1;40;ACREDITADO;1723;39121550.73
202631;A039;4;60;ACREDITADO;1711;23824788.20
202631;A039;4;60;RECHAZADA;91;1519519.39
202631;A039;4;80;ACREDITADO;2169;62000815.59
202631;A039;4;80;DEVUELTA;1;100
202631;A039;4;80;RECHAZADA;205;14364778.52
202631;A039;4;90;ACREDITADO;9611;183423107.57
202631;A039;4;90;DEVUELTA;3;53100
202631;A039;4;90;RECHAZADA;209;7310156.04
202631;A039;6;80;ACREDITADO;1;35000
202631;A039;6;80;RECHAZADA;1;43000
202631;A039;9;20;ACREDITADO;12326;251145044.17
202631;A039;9;20;RECHAZADA;58;1070946
202631;A040;1;40;ACREDITADO;1182;278645310.37
202631;A041;9;20;ACREDITADO;4;425295.49
202631;A042;9;20;ACREDITADO;4362;309543441.77
202631;A042;9;20;DEVUELTA;1;333.45
202631;A042;9;20;RECHAZADA;23;8189457.64
202631;A045;1;40;ACREDITADO;1720;174186886.86
202631;A046;4;80;ACREDITADO;27;1112500
202631;A046;4;80;RECHAZADA;4;100000
202631;A046;4;90;ACREDITADO;81;3357500
202631;A046;4;90;RECHAZADA;2;50000
202631;A046;9;20;ACREDITADO;1087;55693495.09
202631;A046;9;20;RECHAZADA;6;150000
202631;A051;1;40;ACREDITADO;97;34734961.24
202631;A051;6;80;ACREDITADO;8;1348646
202631;A051;6;80;RECHAZADA;9;6658810
202631;A051;6;90;ACREDITADO;2;153010
202631;A051;6;90;RECHAZADA;1;345000
202631;A052;1;40;ACREDITADO;180;36254278.18
202631;A060;9;20;ACREDITADO;680;115545882.72
202631;A060;9;20;RECHAZADA;13;7626608
202631;A061;1;40;ACREDITADO;474;86416695.13
202631;A063;9;20;ACREDITADO;67;1816085
202631;A064;1;40;ACREDITADO;34;413000
202631;A066;9;20;ACREDITADO;4576;395172083.27
202631;A066;9;20;RECHAZADA;62;31446060.60
202631;A069;1;40;ACREDITADO;13997;838123940.47
202631;A070;9;20;ACREDITADO;2258;289413470
202631;A070;9;20;DEVUELTA;76;15232180
202631;A070;9;20;RECHAZADA;34;5636790
202631;A071;6;80;ACREDITADO;67;9477930
202631;A071;6;80;RECHAZADA;37;5635212
202631;A071;6;90;ACREDITADO;30;3891118
202631;A071;6;90;RECHAZADA;3;480612
202631;A072;7;20;ACREDITADO;248;30817528
202631;A072;7;80;ACREDITADO;207;27471840
202631;A072;7;80;RECHAZADA;65;11825880
202631;A072;7;90;ACREDITADO;109;13154660
202631;A072;7;90;RECHAZADA;14;1196624
202631;A073;9;20;ACREDITADO;120;13816687.50
202631;A073;9;20;RECHAZADA;3;363242
202631;A076;9;20;ACREDITADO;37;7378835.83
202631;A077;6;80;ACREDITADO;5;1278000
202631;A077;6;80;RECHAZADA;1;276225
202631;A077;6;90;ACREDITADO;2;119000
202631;A077;6;90;RECHAZADA;2;119000
202631;A081;1;40;ACREDITADO;28;2657588.72
202631;A082;9;20;ACREDITADO;58;18207690
202631;A082;9;20;RECHAZADA;8;2946000
202631;A084;1;40;ACREDITADO;2396;308612720.33
202631;A086;1;40;ACREDITADO;183;42488751.30
202631;A087;1;40;ACREDITADO;10;3888508
202631;A088;1;40;ACREDITADO;14631;349425340.48
202631;A090;1;40;ACREDITADO;2449;524253480.08
202631;A094;9;20;ACREDITADO;861;15301987
202631;A094;9;20;RECHAZADA;5;510500
202631;A095;1;40;ACREDITADO;8578;195315792.14
202631;A096;1;40;ACREDITADO;2730;36882311.68
202631;A099;1;40;ACREDITADO;31;8851112.66
202631;A101;1;40;ACREDITADO;1627;172837220.38
202631;A102;9;20;ACREDITADO;3;578491.81
202631;A103;1;40;ACREDITADO;194;7492923.03
202631;A103;7;20;ACREDITADO;9;219939
202631;A103;7;60;ACREDITADO;2;45600
202631;A103;7;60;RECHAZADA;2;62793
202631;A103;7;80;ACREDITADO;5;133287.11
202631;A103;7;80;RECHAZADA;3;274274.27
202631;A103;7;90;ACREDITADO;14;354875.17
202631;A103;9;20;ACREDITADO;2306;48709468.21
202631;A103;9;20;RECHAZADA;5;101990
202631;A104;7;20;ACREDITADO;5825;125916336.18
202631;A104;7;20;RECHAZADA;13;224704.04
202631;A104;7;40;ACREDITADO;4242;122171897.99
202631;A105;1;40;ACREDITADO;218;39437411
202631;A107;1;40;ACREDITADO;8402;2079615858.60
202631;A108;9;20;ACREDITADO;30450;590613269.06
202631;A108;9;20;RECHAZADA;81;2879068
202631;A111;9;20;ACREDITADO;12;782917.70
202631;A112;1;40;ACREDITADO;6;120449
202631;A114;1;40;ACREDITADO;107;10557629
202631;A116;1;40;ACREDITADO;4;367287
202631;A117;1;40;ACREDITADO;12;218390
202631;A117;9;20;ACREDITADO;294;5151514.16
202631;A121;1;40;ACREDITADO;3;697701
202631;A123;1;40;ACREDITADO;141;26811440
202631;A127;7;20;ACREDITADO;19;647308.49
202631;A127;7;20;DEVUELTA;4;58492.69
202631;A127;7;40;ACREDITADO;2;104075
202631;A127;7;60;RECHAZADA;1;41677
202631;A127;7;80;ACREDITADO;8;915437.35
202631;A127;7;80;DEVUELTA;1;464640
202631;A127;7;80;RECHAZADA;11;1898191.10
202631;A127;7;90;ACREDITADO;5;186446.53
202631;A128;9;20;ACREDITADO;57;9833301.51
202631;A128;9;20;RECHAZADA;2;1000000
202631;A130;3;70;ACREDITADO;6;153
202631;A130;3;70;DEVUELTA;4;102
202631;A130;9;20;ACREDITADO;2;100
202631;A131;1;40;ACREDITADO;10;448400
202631;A132;6;80;ACREDITADO;5519;648289544.95
202631;A132;6;80;RECHAZADA;2798;932646239.91
202631;A132;6;90;ACREDITADO;8261;780785657.06
202631;A132;6;90;RECHAZADA;1513;247975941.82
202631;A132;9;20;ACREDITADO;5658;689755826.55
202631;A132;9;20;RECHAZADA;128;57737760.69
202631;A135;9;20;ACREDITADO;38;2235785
202631;A136;7;40;ACREDITADO;19;372000
202631;A136;7;60;ACREDITADO;1;24000
202631;A136;7;80;ACREDITADO;2;36000
202631;A136;7;90;ACREDITADO;2;40000
202631;A138;9;20;ACREDITADO;110;4628270.15
202631;A140;9;20;ACREDITADO;27;9214259.67
202631;A140;9;20;RECHAZADA;6;2078650.79
202631;A142;1;40;ACREDITADO;7;1062610
202631;A143;6;80;ACREDITADO;4587;903926234.63
202631;A143;6;80;RECHAZADA;1913;522032323.86
202631;A143;6;90;ACREDITADO;4089;736206899.92
202631;A143;6;90;RECHAZADA;999;200252349.04
202631;A143;9;20;ACREDITADO;1803;364737778.67
202631;A143;9;20;RECHAZADA;15;2278588.69
202631;A145;1;40;ACREDITADO;14;528084
202631;A146;1;40;ACREDITADO;20;2206959.60
202631;A147;1;40;ACREDITADO;72;684721
202631;A148;1;40;ACREDITADO;7;90.37
202631;A149;9;20;ACREDITADO;631;174780850.62
202631;A149;9;20;RECHAZADA;20;8240714.94
202631;A150;1;40;ACREDITADO;7;360600
202631;A151;6;80;ACREDITADO;34;30498723.45
202631;A151;6;80;RECHAZADA;50;59689883.60
202631;A152;6;80;ACREDITADO;8018;856023858.81
202631;A152;6;80;RECHAZADA;3368;973615509.14
202631;A152;6;90;ACREDITADO;13799;1186879172.07
202631;A152;6;90;RECHAZADA;2563;327286547.30
202631;A152;9;20;ACREDITADO;4901;519214316.09
202631;A152;9;20;RECHAZADA;99;37095394.65
202631;A153;1;40;ACREDITADO;3316;277483897.45
202631;A155;7;20;ACREDITADO;17;324420.65
202631;A155;7;40;ACREDITADO;5;100592.93
202631;A155;7;80;ACREDITADO;5;223365.85
202631;A155;7;90;ACREDITADO;11;828996.55
202631;A155;7;90;RECHAZADA;1;70024.89
202631;A156;9;20;DEVUELTA;1;1
202631;A157;6;80;ACREDITADO;5598;647566264.48
202631;A157;6;80;RECHAZADA;2227;702218445.14
202631;A157;6;90;ACREDITADO;10393;952077861.09
202631;A157;6;90;RECHAZADA;1992;248343447.45
202631;A157;9;20;ACREDITADO;2626;322797641.08
202631;A157;9;20;RECHAZADA;50;17229078.43
202631;A159;6;80;ACREDITADO;2697;242923573.93
202631;A159;6;80;RECHAZADA;1225;347212597.63
202631;A159;6;90;ACREDITADO;5633;433357769.52
202631;A159;6;90;RECHAZADA;1072;114003294.24
202631;A159;9;20;ACREDITADO;1186;105655964.72
202631;A159;9;20;RECHAZADA;24;12238140.80
202631;A163;9;20;ACREDITADO;3;1025
202631;B;4;10;ACREDITADO;1;39900
202631;B;4;60;ACREDITADO;44;578290.98
202631;B;4;60;RECHAZADA;1;2500
202631;B;4;80;ACREDITADO;73;2450318.04
202631;B;4;80;RECHAZADA;3;19353.95
202631;B;4;90;ACREDITADO;473;11630708.10
202631;B;4;90;RECHAZADA;9;275764.42
202631;B;9;20;ACREDITADO;3050;250348002.90
202631;B;9;20;RECHAZADA;6;182600
202631;C;9;20;ACREDITADO;21821;2342746344.41
202631;C;9;20;DEVUELTA;1;55436
202631;C;9;20;RECHAZADA;123;26688106.16
202631;D;9;20;ACREDITADO;4384;1281619314.55
202631;D;9;20;RECHAZADA;67;26131137.20
202631;DEMO;4;80;ACREDITADO;1;101
202631;DEMO;4;80;DEVUELTA;4;1300.11
202631;DEMO;4;90;ACREDITADO;3;300.10
202631;DEMO;4;90;DEVUELTA;2;201.11
202631;DEMO;4;90;RECHAZADA;1;100
202631;DEMO;6;60;ACREDITADO;1;105
202631;DEMO;6;80;ACREDITADO;2;207
202631;DEMO;6;80;DEVUELTA;1;104
202631;DEMO;6;80;RECHAZADA;2;110
202631;DEMO;6;90;ACREDITADO;3;300
202631;DEMO;6;90;DEVUELTA;1;106
202631;DEMO;6;90;RECHAZADA;1;100
202631;DEMO;9;20;ACREDITADO;5;426.23
202631;DEMO;9;20;DEVUELTA;7;234
202631;E;9;20;ACREDITADO;111;1226974
202631;J;4;90;ACREDITADO;814;209474037.80
202631;J;4;90;RECHAZADA;41;12645401.89
202631;J;6;90;ACREDITADO;242;55433310.89
202631;J;6;90;RECHAZADA;36;10212769.07
202631;K;4;90;ACREDITADO;1547;370046910.78
202631;K;4;90;DEVUELTA;3;482151.97
202631;K;4;90;RECHAZADA;96;32559987.39
202631;K;7;20;ACREDITADO;513;100301696.70
202631;K;7;20;RECHAZADA;32;20873140.64
202631;K;7;40;ACREDITADO;575;110188390.99
202631;K;7;90;ACREDITADO;1026;230112907.36
202631;K;7;90;RECHAZADA;258;82342519.77
202631;K;9;20;ACREDITADO;1102;230336507.52
202631;K;9;20;RECHAZADA;62;31674180.55
202631;N;9;20;ACREDITADO;4172;320672320.15
202631;N;9;20;RECHAZADA;23;4864201.45
202631;PMC;2;50;ACREDITADO;87896;8435157575.37
202631;Q;6;90;ACREDITADO;111;10644579.16
202631;Q;6;90;RECHAZADA;54;7743945.93
202631;R;9;20;ACREDITADO;16079;1920667937.67
202631;R;9;20;DEVUELTA;11;1180613.06
202631;R;9;20;RECHAZADA;332;104746182.97
202631;U;4;60;ACREDITADO;5;505627.02
202631;U;4;90;ACREDITADO;85;13706472.57
202631;U;4;90;RECHAZADA;7;1214647.90
202631;U;6;90;ACREDITADO;63;11196064.46
202631;U;6;90;RECHAZADA;36;3297730.15
202631;V;9;20;ACREDITADO;762;97885955.26
202631;V;9;20;RECHAZADA;44;14966858.80
202631;VIRG;9;20;ACREDITADO;136;10949822.73
202631;VIRG;9;20;RECHAZADA;5;726110.19
202631;W;9;20;ACREDITADO;1097;251804998.67
202631;W;9;20;RECHAZADA;8;1905100.54
202631;Y;6;90;ACREDITADO;275;39066769.03
202631;Y;6;90;DEVUELTA;1;102335.15
202631;Y;6;90;RECHAZADA;67;14114197.27
202632;6;1;40;ACREDITADO;201;12397000
202632;6;6;60;ACREDITADO;433;33991020.44
202632;6;6;60;RECHAZADA;133;8985880.29
202632;6;6;80;ACREDITADO;1876;132484273.54
202632;6;6;80;RECHAZADA;544;91887331.21
202632;6;6;90;ACREDITADO;4721;289921748.38
202632;6;6;90;RECHAZADA;611;100544911.20
202632;6;9;20;ACREDITADO;21;260000
202632;7;7;20;ACREDITADO;2;186100
202632;7;7;20;DEVUELTA;2;200
202632;7;7;40;ACREDITADO;5;3455804.75
202632;7;7;80;ACREDITADO;4;8034374.89
202632;7;7;80;RECHAZADA;5;4505693.66
202632;A009;1;40;ACREDITADO;729;129440235.24
202632;A012;9;20;ACREDITADO;198;36756745.70
202632;A012;9;20;DEVUELTA;3;328835.16
202632;A012;9;20;RECHAZADA;5;456294
202632;A014;9;20;ACREDITADO;1;8900
202632;A016;1;40;ACREDITADO;343;53414756.43
202632;A016;6;90;ACREDITADO;123;25127638.10
202632;A016;6;90;RECHAZADA;8;2544727.90
202632;A020;4;60;ACREDITADO;4;23677
202632;A020;4;80;ACREDITADO;5;122481.13
202632;A020;4;90;ACREDITADO;45;1193034.59
202632;A020;4;90;DEVUELTA;1;115682
202632;A020;9;20;ACREDITADO;2;17200
202632;A022;9;20;ACREDITADO;30;210614
202632;A023;1;40;ACREDITADO;531;89722843.78
202632;A023;6;90;ACREDITADO;93;19697251.97
202632;A023;6;90;RECHAZADA;25;11219587.42
202632;A024;1;40;ACREDITADO;1874;419034712.26
202632;A024;6;80;ACREDITADO;79;16070290
202632;A024;6;80;RECHAZADA;81;27718040
202632;A024;6;90;ACREDITADO;256;54000940
202632;A024;6;90;RECHAZADA;63;19699540
202632;A025;1;40;ACREDITADO;451;119067150.72
202632;A025;6;90;ACREDITADO;76;16191504.13
202632;A025;6;90;RECHAZADA;18;9113297.55
202632;A026;9;20;ACREDITADO;1;2256319.95
202632;A027;9;20;ACREDITADO;11881;1302985037
202632;A027;9;20;RECHAZADA;117;27851414
202632;A031;1;40;ACREDITADO;200;2774888.66
202632;A032;1;40;ACREDITADO;3;6
202632;A032;4;10;DEVUELTA;3;325
202632;A032;4;80;DEVUELTA;2;240
202632;A032;4;90;DEVUELTA;3;218
202632;A032;9;20;ACREDITADO;3;6
202632;A032;9;20;DEVUELTA;1;18.50
202632;A035;6;90;ACREDITADO;543;191415726.07
202632;A035;6;90;RECHAZADA;93;51011294.98
202632;A036;9;20;ACREDITADO;571;157061035.29
202632;A036;9;20;RECHAZADA;4;2558950
202632;A037;6;90;ACREDITADO;19;1324128.37
202632;A037;6;90;RECHAZADA;1;37386
202632;A038;1;40;ACREDITADO;16771;5031166669.51
202632;A039;1;40;ACREDITADO;1702;40878977.38
202632;A039;4;60;ACREDITADO;1804;29118425.39
202632;A039;4;60;DEVUELTA;1;29300
202632;A039;4;60;RECHAZADA;74;1750662.65
202632;A039;4;80;ACREDITADO;1958;59439045.79
202632;A039;4;80;DEVUELTA;1;100
202632;A039;4;80;RECHAZADA;126;6746028.32
202632;A039;4;90;ACREDITADO;9955;202971382.99
202632;A039;4;90;DEVUELTA;3;247200
202632;A039;4;90;RECHAZADA;256;10346587.34
202632;A039;9;20;ACREDITADO;13026;278986459.65
202632;A039;9;20;ENPROCESO;1;7500
202632;A039;9;20;RECHAZADA;65;1492451
202632;A040;1;40;ACREDITADO;1141;296707260.58
202632;A041;9;20;ACREDITADO;1;443600.02
202632;A042;9;20;ACREDITADO;3823;289169478.32
202632;A042;9;20;DEVUELTA;3;214039.49
202632;A042;9;20;RECHAZADA;25;9930376.92
202632;A045;1;40;ACREDITADO;11794;1501424600.80
202632;A046;4;80;ACREDITADO;22;997500
202632;A046;4;80;RECHAZADA;1;105000
202632;A046;4;90;ACREDITADO;119;4542500
202632;A046;4;90;RECHAZADA;1;25000
202632;A046;9;20;ACREDITADO;1307;64040620
202632;A046;9;20;RECHAZADA;5;125000
202632;A051;1;40;ACREDITADO;167;44342068.26
202632;A051;6;80;ACREDITADO;13;3692250
202632;A051;6;80;RECHAZADA;5;2009600
202632;A051;6;90;ACREDITADO;1;210000
202632;A052;1;40;ACREDITADO;219;44544417.23
202632;A060;9;20;ACREDITADO;672;104559259.36
202632;A060;9;20;RECHAZADA;13;626837
202632;A061;1;40;ACREDITADO;1139;185430173.33
202632;A063;9;20;ACREDITADO;78;2581800
202632;A064;1;40;ACREDITADO;53;1498000
202632;A066;9;20;ACREDITADO;8852;674707441.81
202632;A066;9;20;RECHAZADA;128;59965694.17
202632;A069;1;40;ACREDITADO;15945;970125336.71
202632;A070;9;20;ACREDITADO;2862;426310290
202632;A070;9;20;DEVUELTA;78;11597660
202632;A070;9;20;RECHAZADA;28;6030640
202632;A071;6;60;ACREDITADO;2;209451
202632;A071;6;80;ACREDITADO;72;10599116
202632;A071;6;80;RECHAZADA;18;2951432
202632;A071;6;90;ACREDITADO;47;5915206
202632;A071;6;90;RECHAZADA;7;1090452
202632;A072;7;20;ACREDITADO;866;104970856
202632;A072;7;20;RECHAZADA;2;251080
202632;A072;7;80;ACREDITADO;846;111012476
202632;A072;7;80;RECHAZADA;273;45313106
202632;A072;7;90;ACREDITADO;613;75880158
202632;A072;7;90;RECHAZADA;65;7600232
202632;A073;9;20;ACREDITADO;134;15570824.50
202632;A074;1;40;ACREDITADO;11;6190185.27
202632;A076;9;20;ACREDITADO;77;16389538.37
202632;A076;9;20;RECHAZADA;5;902008.25
202632;A077;6;60;ACREDITADO;2;370000
202632;A077;6;80;ACREDITADO;13;1560450
202632;A077;6;80;RECHAZADA;36;9219200
202632;A077;6;90;ACREDITADO;5;80000
202632;A081;1;40;ACREDITADO;20;1720183.10
202632;A082;9;20;ACREDITADO;80;32669300
202632;A084;1;40;ACREDITADO;3493;501719821.50
202632;A086;1;40;ACREDITADO;1227;256396959.50
202632;A087;1;40;ACREDITADO;208;41387500
202632;A088;1;40;ACREDITADO;18061;470861950.11
202632;A090;1;40;ACREDITADO;6207;1518352696.07
202632;A094;9;20;ACREDITADO;865;15827600
202632;A095;1;40;ACREDITADO;9679;274246115.90
202632;A096;1;40;ACREDITADO;3051;49500499.48
202632;A098;1;40;ACREDITADO;1;850962.02
202632;A099;1;40;ACREDITADO;189;43640102.36
202632;A100;2;80;ACREDITADO;3;9992
202632;A101;1;40;ACREDITADO;5239;669147923.68
202632;A102;9;20;ACREDITADO;6;218718.84
202632;A103;1;40;ACREDITADO;9876;272938517.95
202632;A103;7;20;ACREDITADO;264;12066331.70
202632;A103;7;20;ENPROCESO;1;52249.57
202632;A103;7;20;RECHAZADA;2;414036.70
202632;A103;7;60;ACREDITADO;39;1183951.50
202632;A103;7;60;RECHAZADA;17;523629
202632;A103;7;80;ACREDITADO;89;6450742.27
202632;A103;7;80;RECHAZADA;19;3310052.92
202632;A103;7;90;ACREDITADO;93;4434112.52
202632;A103;7;90;RECHAZADA;12;940335.89
202632;A103;9;20;ACREDITADO;345;12529330.29
202632;A104;7;20;ACREDITADO;8662;126579326.27
202632;A104;7;20;RECHAZADA;30;927465.40
202632;A104;7;40;ACREDITADO;5076;140155833.61
202632;A105;1;40;ACREDITADO;552;74663796
202632;A107;1;40;ACREDITADO;11678;2938438890.91
202632;A108;9;20;ACREDITADO;32518;613905923.81
202632;A108;9;20;RECHAZADA;109;3837052
202632;A110;1;40;ACREDITADO;1;1
202632;A111;9;20;ACREDITADO;9;138400.86
202632;A111;9;20;DEVUELTA;2;34.78
202632;A112;1;40;ACREDITADO;247;5420405.53
202632;A114;1;40;ACREDITADO;200;13773840
202632;A117;1;40;ACREDITADO;1582;43600383.15
202632;A117;9;20;ACREDITADO;24;784662.31
202632;A121;1;40;ACREDITADO;16;3330219
202632;A123;1;40;ACREDITADO;239;43551818.54
202632;A125;1;40;ACREDITADO;1;121
202632;A127;7;20;ACREDITADO;8;451667
202632;A127;7;20;DEVUELTA;2;250087
202632;A127;7;40;ACREDITADO;2;39698
202632;A127;7;60;ACREDITADO;1;84447
202632;A127;7;80;ACREDITADO;4;171717.20
202632;A127;7;80;RECHAZADA;5;688741.68
202632;A127;7;90;ACREDITADO;5;359580.97
202632;A127;7;90;DEVUELTA;1;135200.56
202632;A127;7;90;RECHAZADA;3;47945.04
202632;A128;9;20;ACREDITADO;10;791958.93
202632;A131;1;40;ACREDITADO;10;1084705.20
202632;A132;6;80;ACREDITADO;6789;813154712.42
202632;A132;6;80;RECHAZADA;2903;959335466.31
202632;A132;6;90;ACREDITADO;16129;1469839561.78
202632;A132;6;90;RECHAZADA;2207;298338012.50
202632;A132;9;20;ACREDITADO;7638;863245285
202632;A132;9;20;RECHAZADA;172;104709509.22
202632;A135;9;20;ACREDITADO;41;2337050
202632;A136;7;40;ACREDITADO;22;393000
202632;A136;7;80;ACREDITADO;1;19000
202632;A138;9;20;ACREDITADO;328;18426010.87
202632;A140;9;20;ACREDITADO;176;51858852.35
202632;A140;9;20;DEVUELTA;1;5
202632;A140;9;20;RECHAZADA;18;8797332.45
202632;A142;1;40;ACREDITADO;35;5099072
202632;A143;6;60;ACREDITADO;1;163848.95
202632;A143;6;60;RECHAZADA;3;467774.11
202632;A143;6;80;ACREDITADO;7841;1531858903.34
202632;A143;6;80;RECHAZADA;3357;938887135.19
202632;A143;6;90;ACREDITADO;11250;1800574499.32
202632;A143;6;90;RECHAZADA;2299;421904612.08
202632;A143;9;20;ACREDITADO;3563;686541356.34
202632;A143;9;20;RECHAZADA;41;14384262.51
202632;A145;1;40;ACREDITADO;23;709763
202632;A146;1;40;ACREDITADO;71;8440598
202632;A147;1;40;ACREDITADO;86;835832
202632;A148;1;40;ACREDITADO;1;50.10
202632;A149;9;20;ACREDITADO;2808;840709040.01
202632;A149;9;20;RECHAZADA;83;38617013.46
202632;A150;1;40;ACREDITADO;39;2474445
202632;A151;6;60;ACREDITADO;1;1228281.60
202632;A151;6;80;ACREDITADO;24;20772187.80
202632;A151;6;80;RECHAZADA;67;57485264.55
202632;A152;6;80;ACREDITADO;10924;1097195335.70
202632;A152;6;80;RECHAZADA;3951;1025136381.66
202632;A152;6;90;ACREDITADO;25505;2051735054.33
202632;A152;6;90;RECHAZADA;3848;433310951.19
202632;A152;9;20;ACREDITADO;7096;690380359.45
202632;A152;9;20;RECHAZADA;115;25453444.55
202632;A153;1;40;ACREDITADO;3489;278491427.85
202632;A155;7;20;ACREDITADO;51;3792755.30
202632;A155;7;40;ACREDITADO;24;676249.98
202632;A155;7;60;DEVUELTA;20;1147554.38
202632;A155;7;60;RECHAZADA;17;1128637.59
202632;A155;7;80;ACREDITADO;26;1887171.19
202632;A155;7;80;RECHAZADA;12;1946500.79
202632;A155;7;90;ACREDITADO;103;14535436.73
202632;A155;7;90;RECHAZADA;27;3222183.08
202632;A157;6;80;ACREDITADO;7118;880244728.86
202632;A157;6;80;RECHAZADA;2743;743204804.60
202632;A157;6;90;ACREDITADO;18405;1691096536.27
202632;A157;6;90;RECHAZADA;2849;360381222.94
202632;A157;9;20;ACREDITADO;3986;474317225.21
202632;A157;9;20;RECHAZADA;92;46953206.96
202632;A159;6;80;ACREDITADO;3936;382460454.99
202632;A159;6;80;RECHAZADA;1502;378242969.58
202632;A159;6;90;ACREDITADO;11846;904420191.14
202632;A159;6;90;RECHAZADA;1858;233235175.27
202632;A159;9;20;ACREDITADO;2157;186623205.16
202632;A159;9;20;RECHAZADA;28;11643189.58
202632;A163;9;20;ACREDITADO;2;2010
202632;A166;9;20;ACREDITADO;3;1107
202632;A166;9;20;DEVUELTA;2;201
202632;B;4;10;ACREDITADO;1;110000
202632;B;4;60;ACREDITADO;53;333119.98
202632;B;4;80;ACREDITADO;72;3621178.61
202632;B;4;80;RECHAZADA;4;545200
202632;B;4;90;ACREDITADO;427;10412976.15
202632;B;4;90;DEVUELTA;2;88445
202632;B;4;90;RECHAZADA;4;44800
202632;B;6;80;DEVUELTA;4;480
202632;B;6;80;RECHAZADA;2;240
202632;B;9;20;ACREDITADO;3349;270037883.11
202632;B;9;20;DEVUELTA;3;13.20
202632;B;9;20;RECHAZADA;12;921360.20
202632;C;9;20;ACREDITADO;35797;4657851670
202632;C;9;20;DEVUELTA;2;121929.68
202632;C;9;20;RECHAZADA;272;62634998.86
202632;D;9;20;ACREDITADO;18123;5773094956.82
202632;D;9;20;RECHAZADA;350;162476039.34
202632;DEMO;4;80;ACREDITADO;2;203
202632;DEMO;9;20;ACREDITADO;1;10
202632;E;9;20;ACREDITADO;114;1290126
202632;J;4;90;ACREDITADO;1669;468883504.32
202632;J;4;90;RECHAZADA;67;28549447.10
202632;J;6;90;ACREDITADO;966;268194167.68
202632;J;6;90;RECHAZADA;148;46829062.14
202632;K;4;90;ACREDITADO;2467;659356272.97
202632;K;4;90;DEVUELTA;2;143115.35
202632;K;4;90;RECHAZADA;124;47222760.38
202632;K;7;20;ACREDITADO;1113;247143937.09
202632;K;7;20;RECHAZADA;82;46920163.10
202632;K;7;40;ACREDITADO;989;205007860
202632;K;7;90;ACREDITADO;2175;531671518.60
202632;K;7;90;RECHAZADA;405;130329810.62
202632;K;9;20;ACREDITADO;1977;457056584.53
202632;K;9;20;RECHAZADA;99;46581514.92
202632;N;9;20;ACREDITADO;5442;424199415.97
202632;N;9;20;RECHAZADA;35;4970663.53
202632;PIPR;4;80;ACREDITADO;4;426.45
202632;PMC;2;50;ACREDITADO;208655;20899961701.65
202632;Q;6;90;ACREDITADO;231;20342353.26
202632;Q;6;90;RECHAZADA;35;4580809.17
202632;R;9;20;ACREDITADO;28462;3553972776.73
202632;R;9;20;DEVUELTA;28;7746456.49
202632;R;9;20;ENPROCESO;2;111045.22
202632;R;9;20;RECHAZADA;663;231651065.92
202632;T;4;80;ACREDITADO;3;305.10
202632;T;4;80;RECHAZADA;3;459
202632;T;4;90;DEVUELTA;3;500
202632;T;9;20;DEVUELTA;1;134
202632;U;4;60;ACREDITADO;5;957016.11
202632;U;4;90;ACREDITADO;123;15588965.15
202632;U;4;90;RECHAZADA;27;3079507.09
202632;U;6;90;ACREDITADO;157;29453159.97
202632;U;6;90;RECHAZADA;49;4726301.07
202632;V;9;20;ACREDITADO;1095;145167235.56
202632;V;9;20;DEVUELTA;1;168000
202632;V;9;20;RECHAZADA;56;15300683.67
202632;VIRG;9;20;ACREDITADO;193;25849292.60
202632;VIRG;9;20;RECHAZADA;2;37400
202632;W;9;20;ACREDITADO;3196;786072790.59
202632;W;9;20;RECHAZADA;32;7263412.71
202632;Y;6;90;ACREDITADO;1117;165766213.79
202632;Y;6;90;RECHAZADA;175;34289909.54
202633;6;1;40;ACREDITADO;189;12000719
202633;6;6;60;ACREDITADO;271;18850542.97
202633;6;6;60;RECHAZADA;132;9809475.73
202633;6;6;80;ACREDITADO;1284;97028443.71
202633;6;6;80;RECHAZADA;329;61894226.47
202633;6;6;90;ACREDITADO;4465;278662305.82
202633;6;6;90;RECHAZADA;681;75444077.53
202633;6;9;20;ACREDITADO;4;80000
202633;7;7;20;DEVUELTA;1;100
202633;7;7;40;ACREDITADO;6;4497570.17
202633;7;7;40;DEVUELTA;1;100
202633;7;7;80;ACREDITADO;1;1564896.04
202633;7;7;80;DEVUELTA;1;100
202633;A009;1;40;ACREDITADO;991;154760367.34
202633;A012;9;20;ACREDITADO;204;35114557.49
202633;A012;9;20;RECHAZADA;1;135361
202633;A016;1;40;ACREDITADO;419;74015578.97
202633;A016;6;90;ACREDITADO;120;25341733.87
202633;A016;6;90;RECHAZADA;29;6689528.42
202633;A020;4;60;ACREDITADO;11;139565
202633;A020;4;80;ACREDITADO;3;40430
202633;A020;4;80;RECHAZADA;2;21000
202633;A020;4;90;ACREDITADO;50;1166386.62
202633;A020;9;20;ACREDITADO;5;97986.72
202633;A022;9;20;ACREDITADO;43;331323
202633;A023;1;40;ACREDITADO;980;174826135.30
202633;A023;6;90;ACREDITADO;113;22626268.12
202633;A023;6;90;RECHAZADA;23;7093487.94
202633;A024;1;40;ACREDITADO;870;172883813.83
202633;A024;6;80;ACREDITADO;40;8559060
202633;A024;6;80;RECHAZADA;80;27048150
202633;A024;6;90;ACREDITADO;87;19935720
202633;A024;6;90;RECHAZADA;42;6880560
202633;A025;1;40;ACREDITADO;408;115617168.53
202633;A025;6;90;ACREDITADO;81;17115047.29
202633;A025;6;90;RECHAZADA;6;1174029.40
202633;A026;9;20;ACREDITADO;1;800
202633;A027;9;20;ACREDITADO;11180;1147361302
202633;A027;9;20;RECHAZADA;69;14665590
202633;A031;1;40;ACREDITADO;211;2948524.99
202633;A032;1;40;ACREDITADO;1;2
202633;A032;4;80;DEVUELTA;2;370
202633;A032;4;90;DEVUELTA;5;630
202633;A032;9;20;ACREDITADO;1;2
202633;A035;6;90;ACREDITADO;473;169208383.19
202633;A035;6;90;RECHAZADA;72;58778774.48
202633;A036;9;20;ACREDITADO;461;133626268.21
202633;A036;9;20;RECHAZADA;1;80000
202633;A037;6;90;ACREDITADO;60;3879145.28
202633;A037;6;90;RECHAZADA;5;211634.71
202633;A038;1;40;ACREDITADO;12409;3589618104.28
202633;A039;1;40;ACREDITADO;1863;48820348.26
202633;A039;4;60;ACREDITADO;1728;26203149.38
202633;A039;4;60;RECHAZADA;91;1656788.97
202633;A039;4;80;ACREDITADO;1779;55157607.26
202633;A039;4;80;DEVUELTA;5;314600
202633;A039;4;80;RECHAZADA;180;10168778.94
202633;A039;4;90;ACREDITADO;10081;202669071.58
202633;A039;4;90;DEVUELTA;3;141700
202633;A039;4;90;RECHAZADA;231;6525766.18
202633;A039;6;90;ACREDITADO;1;55000
202633;A039;9;20;ACREDITADO;12700;253714351.65
202633;A039;9;20;RECHAZADA;43;1116137
202633;A040;1;40;ACREDITADO;1424;319730365.89
202633;A042;9;20;ACREDITADO;4111;302979513.50
202633;A042;9;20;DEVUELTA;2;158652.28
202633;A042;9;20;RECHAZADA;27;12387977.44
202633;A045;1;40;ACREDITADO;9317;1176878517.64
202633;A046;4;80;ACREDITADO;23;942500
202633;A046;4;90;ACREDITADO;128;4689414.03
202633;A046;4;90;RECHAZADA;4;316000
202633;A046;9;20;ACREDITADO;1439;74725190.13
202633;A051;1;40;ACREDITADO;1561;73757516.20
202633;A051;6;80;ACREDITADO;18;5245365.07
202633;A051;6;80;RECHAZADA;3;908472
202633;A051;6;90;ACREDITADO;3;431426
202633;A052;1;40;ACREDITADO;279;23617237.63
202633;A060;9;20;ACREDITADO;1075;138929168.29
202633;A060;9;20;RECHAZADA;7;174316
202633;A061;1;40;ACREDITADO;1295;180755995.15
202633;A062;9;20;ACREDITADO;2;16000
202633;A063;9;20;ACREDITADO;145;2090910
202633;A064;1;40;ACREDITADO;66;1707500
202633;A066;9;20;ACREDITADO;7978;625276030.56
202633;A066;9;20;RECHAZADA;89;36116776.11
202633;A069;1;40;ACREDITADO;17414;1082476726.70
202633;A070;9;20;ACREDITADO;2787;383333620
202633;A070;9;20;DEVUELTA;92;18565250
202633;A070;9;20;RECHAZADA;41;8931710
202633;A071;6;60;ACREDITADO;1;175692
202633;A071;6;80;ACREDITADO;70;9275497
202633;A071;6;80;RECHAZADA;11;1671252
202633;A071;6;90;ACREDITADO;39;5135534.50
202633;A071;6;90;RECHAZADA;5;744573.50
202633;A072;6;90;ACREDITADO;1;160000
202633;A072;7;20;ACREDITADO;632;77176640
202633;A072;7;20;RECHAZADA;4;500240
202633;A072;7;80;ACREDITADO;790;105429640
202633;A072;7;80;RECHAZADA;217;38995998
202633;A072;7;90;ACREDITADO;475;58396922
202633;A072;7;90;RECHAZADA;37;4595760
202633;A073;9;20;ACREDITADO;133;16533500.50
202633;A073;9;20;RECHAZADA;1;175692
202633;A074;1;40;ACREDITADO;14;9639717.50
202633;A076;9;20;ACREDITADO;59;15341430.47
202633;A077;6;60;ACREDITADO;4;80000
202633;A077;6;60;RECHAZADA;1;20000
202633;A077;6;80;ACREDITADO;13;336500
202633;A077;6;80;RECHAZADA;9;130000
202633;A077;6;90;ACREDITADO;14;806000
202633;A077;6;90;RECHAZADA;7;70000
202633;A081;1;40;ACREDITADO;18;1083425.38
202633;A082;9;20;ACREDITADO;71;13887423.99
202633;A082;9;20;RECHAZADA;4;1220400
202633;A084;1;40;ACREDITADO;4160;573676207.56
202633;A086;1;40;ACREDITADO;1175;240237255.19
202633;A088;1;40;ACREDITADO;17506;419882767.19
202633;A090;1;40;ACREDITADO;8850;2181059619.20
202633;A094;9;20;ACREDITADO;1071;22788914
202633;A094;9;20;RECHAZADA;2;39200
202633;A095;1;40;ACREDITADO;11136;287099173.29
202633;A096;1;40;ACREDITADO;3160;40624570.28
202633;A099;1;40;ACREDITADO;101;23564942.66
202633;A101;1;40;ACREDITADO;4392;556764081.19
202633;A102;9;20;ACREDITADO;3;284907.31
202633;A103;1;40;ACREDITADO;14340;448847180.66
202633;A103;7;20;ACREDITADO;217;13234278.35
202633;A103;7;20;RECHAZADA;1;41600
202633;A103;7;60;ACREDITADO;19;720893.60
202633;A103;7;60;RECHAZADA;14;667435
202633;A103;7;80;ACREDITADO;136;7593214.33
202633;A103;7;80;RECHAZADA;25;3197340.77
202633;A103;7;90;ACREDITADO;103;4635960.26
202633;A103;7;90;RECHAZADA;14;1069537.37
202633;A103;9;20;ACREDITADO;364;13533145.86
202633;A103;9;20;RECHAZADA;1;22800
202633;A104;7;20;ACREDITADO;8185;121206418.59
202633;A104;7;20;RECHAZADA;24;218832.80
202633;A104;7;40;ACREDITADO;4904;139054712.69
202633;A105;1;40;ACREDITADO;541;84313886.67
202633;A107;1;40;ACREDITADO;12471;3248094724.85
202633;A108;9;20;ACREDITADO;33995;659164619.42
202633;A108;9;20;RECHAZADA;110;5563607.99
202633;A111;9;20;ACREDITADO;18;4485482.29
202633;A112;1;40;ACREDITADO;108;2417383.22
202633;A114;1;40;ACREDITADO;181;12481050
202633;A116;1;40;ACREDITADO;1;89404
202633;A117;1;40;ACREDITADO;2748;82406958.93
202633;A117;9;20;ACREDITADO;18;626042.04
202633;A121;1;40;ACREDITADO;8;1094355
202633;A123;1;40;ACREDITADO;242;41408191
202633;A125;1;40;ACREDITADO;3;457
202633;A127;7;20;ACREDITADO;10;456920.34
202633;A127;7;20;DEVUELTA;2;184850
202633;A127;7;40;ACREDITADO;7;82633
202633;A127;7;60;RECHAZADA;1;847
202633;A127;7;80;ACREDITADO;7;787676
202633;A127;7;80;DEVUELTA;1;186577
202633;A127;7;80;RECHAZADA;5;1042584
202633;A127;7;90;ACREDITADO;2;89636
202633;A128;9;20;ACREDITADO;21;6511002.30
202633;A130;9;20;ACREDITADO;8;8
202633;A131;1;40;ACREDITADO;20;1321267.80
202633;A132;6;80;ACREDITADO;5906;747648100.55
202633;A132;6;80;RECHAZADA;2720;869565690.61
202633;A132;6;90;ACREDITADO;11490;1120148023.60
202633;A132;6;90;RECHAZADA;1738;285357025.62
202633;A132;9;20;ACREDITADO;6580;781751157.08
202633;A132;9;20;ENPROCESO;1;45812.74
202633;A132;9;20;RECHAZADA;145;54633443.82
202633;A135;9;20;ACREDITADO;37;1821350
202633;A136;7;40;ACREDITADO;14;235000
202633;A136;7;80;ACREDITADO;2;43000
202633;A138;9;20;ACREDITADO;265;11787549.04
202633;A140;9;20;ACREDITADO;138;45219282.88
202633;A142;1;40;ACREDITADO;30;6442169
202633;A143;6;80;ACREDITADO;5253;1067945385.98
202633;A143;6;80;RECHAZADA;2405;694969068.54
202633;A143;6;90;ACREDITADO;7297;1212782979.32
202633;A143;6;90;DEVUELTA;1;614620.61
202633;A143;6;90;RECHAZADA;1622;285159227.73
202633;A143;9;20;ACREDITADO;2525;584398318.99
202633;A143;9;20;RECHAZADA;22;3529931.46
202633;A145;1;40;ACREDITADO;22;662882
202633;A146;1;40;ACREDITADO;70;8401664
202633;A147;1;40;ACREDITADO;130;1549810
202633;A148;1;40;ACREDITADO;4;9626624.58
202633;A149;9;20;ACREDITADO;1007;254740152.34
202633;A149;9;20;RECHAZADA;22;8126354.77
202633;A150;1;40;ACREDITADO;43;3976390
202633;A151;6;80;ACREDITADO;21;15575929.80
202633;A151;6;80;RECHAZADA;17;22082563.75
202633;A152;6;80;ACREDITADO;9662;1050840208.39
202633;A152;6;80;RECHAZADA;4026;1110844260.69
202633;A152;6;90;ACREDITADO;20409;1752249339.45
202633;A152;6;90;RECHAZADA;3659;473240061.09
202633;A152;9;20;ACREDITADO;6326;676927819.40
202633;A152;9;20;RECHAZADA;128;54094479.19
202633;A153;1;40;ACREDITADO;3563;275505081.38
202633;A155;7;20;ACREDITADO;61;4013422.36
202633;A155;7;20;DEVUELTA;26;383869.29
202633;A155;7;40;ACREDITADO;10;348212.66
202633;A155;7;60;DEVUELTA;19;1179440.68
202633;A155;7;60;RECHAZADA;23;2424861.07
202633;A155;7;80;ACREDITADO;88;7542699.78
202633;A155;7;80;DEVUELTA;1;61682.17
202633;A155;7;80;RECHAZADA;30;3103839.43
202633;A155;7;90;ACREDITADO;114;11544286.80
202633;A155;7;90;RECHAZADA;27;3621394.77
202633;A157;6;80;ACREDITADO;5420;723040496
202633;A157;6;80;RECHAZADA;2203;697295024.85
202633;A157;6;90;ACREDITADO;13212;1275034298.91
202633;A157;6;90;RECHAZADA;2266;298861053.99
202633;A157;9;20;ACREDITADO;3205;529624349.75
202633;A157;9;20;RECHAZADA;66;41896348.83
202633;A159;6;80;ACREDITADO;3060;328690818.29
202633;A159;6;80;RECHAZADA;1108;314385748.20
202633;A159;6;90;ACREDITADO;7709;600606713.05
202633;A159;6;90;RECHAZADA;1241;161859450.53
202633;A159;9;20;ACREDITADO;1515;160285753.80
202633;A159;9;20;RECHAZADA;23;9052689.80
202633;A160;1;40;ACREDITADO;1;122461
202633;A161;7;20;ACREDITADO;2;20
202633;A161;7;80;ACREDITADO;1;100
202633;A161;7;90;RECHAZADA;2;12
202633;A163;9;20;ACREDITADO;1;1
202633;A166;9;20;ACREDITADO;5;544
202633;A166;9;20;DEVUELTA;1;103
202633;B;4;10;ACREDITADO;1;79000
202633;B;4;10;RECHAZADA;2;27800
202633;B;4;60;ACREDITADO;59;628235.53
202633;B;4;60;RECHAZADA;1;6249.61
202633;B;4;80;ACREDITADO;78;3350365.68
202633;B;4;80;RECHAZADA;3;56000
202633;B;4;90;ACREDITADO;450;10765006.16
202633;B;4;90;RECHAZADA;5;60700
202633;B;6;80;DEVUELTA;2;240
202633;B;6;80;RECHAZADA;1;120
202633;B;6;90;ACREDITADO;1;120
202633;B;9;20;ACREDITADO;3412;265428396.62
202633;B;9;20;DEVUELTA;1;4.40
202633;B;9;20;RECHAZADA;4;155800
202633;C;9;20;ACREDITADO;36671;4487034511.61
202633;C;9;20;DEVUELTA;9;1757616.78
202633;C;9;20;ENPROCESO;1;50000
202633;C;9;20;RECHAZADA;244;50149319.06
202633;D;9;20;ACREDITADO;6590;1817867942.23
202633;D;9;20;RECHAZADA;131;52097376.18
202633;DEMO;9;20;ACREDITADO;1;20
202633;E;9;20;ACREDITADO;158;1639749
202633;E;9;20;DEVUELTA;1;7594
202633;J;4;90;ACREDITADO;1862;456825524.74
202633;J;4;90;RECHAZADA;102;41868901.50
202633;J;6;90;ACREDITADO;1101;295640344.02
202633;J;6;90;RECHAZADA;209;75645372.06
202633;K;4;90;ACREDITADO;3113;750195921.95
202633;K;4;90;DEVUELTA;3;892205.98
202633;K;4;90;RECHAZADA;184;72253011.32
202633;K;7;20;ACREDITADO;1027;217392618.71
202633;K;7;20;RECHAZADA;97;48881295.67
202633;K;7;40;ACREDITADO;1161;232184155.39
202633;K;7;90;ACREDITADO;2270;514246008.25
202633;K;7;90;RECHAZADA;431;160478803.90
202633;K;9;20;ACREDITADO;2568;601378269.79
202633;K;9;20;DEVUELTA;1;815148.60
202633;K;9;20;RECHAZADA;108;45779070.62
202633;N;9;20;ACREDITADO;5443;421758683.71
202633;N;9;20;RECHAZADA;43;4339816.51
202633;PMC;2;50;ACREDITADO;209660;25574102916.59
202633;Q;6;90;ACREDITADO;230;17979180.16
202633;Q;6;90;RECHAZADA;38;3026916.97
202633;R;9;20;ACREDITADO;25673;3222243190.76
202633;R;9;20;DEVUELTA;20;5407266.24
202633;R;9;20;RECHAZADA;510;199043090.97
202633;T;9;20;DEVUELTA;1;12.50
202633;U;4;60;ACREDITADO;9;1267118.22
202633;U;4;60;RECHAZADA;1;398000
202633;U;4;90;ACREDITADO;154;18912042.81
202633;U;4;90;RECHAZADA;38;8049693.71
202633;U;6;90;ACREDITADO;231;41219147.12
202633;U;6;90;RECHAZADA;69;8730266.35
202633;U;9;20;ACREDITADO;1;211132.21
202633;V;9;20;ACREDITADO;1008;165898926.64
202633;V;9;20;RECHAZADA;72;38122674.92
202633;VIRG;9;20;ACREDITADO;290;22293049.39
202633;VIRG;9;20;RECHAZADA;2;476259.73
202633;W;9;20;ACREDITADO;4015;974248410.57
202633;W;9;20;RECHAZADA;51;15914458.03
202633;Y;6;90;ACREDITADO;960;138033091.23
202633;Y;6;90;RECHAZADA;196;35717948.95
202634;6;1;40;ACREDITADO;229;30885167.63
202634;6;6;60;ACREDITADO;165;14955989.63
202634;6;6;60;RECHAZADA;57;4438440.91
202634;6;6;80;ACREDITADO;810;69935771.80
202634;6;6;80;DEVUELTA;1;60000
202634;6;6;80;RECHAZADA;221;71142149.71
202634;6;6;90;ACREDITADO;2533;169507809.19
202634;6;6;90;RECHAZADA;405;60571952.92
202634;6;9;20;ACREDITADO;2;40000
202634;7;7;20;ACREDITADO;12;24
202634;7;7;40;ACREDITADO;29;4451953.88
202634;7;7;80;ACREDITADO;1;2200795.27
202634;7;7;80;RECHAZADA;1;2200795.27
202634;7;7;90;RECHAZADA;1;2200795.27
202634;7;9;20;ACREDITADO;1;10
202634;A009;1;40;ACREDITADO;341;51281439.07
202634;A012;9;20;ACREDITADO;58;8609242.37
202634;A014;9;20;ACREDITADO;2;38480
202634;A016;1;40;ACREDITADO;154;19679189.98
202634;A016;6;90;ACREDITADO;24;3541221.25
202634;A016;6;90;RECHAZADA;1;191621.67
202634;A020;4;60;ACREDITADO;3;33000
202634;A020;4;80;ACREDITADO;7;194913.74
202634;A020;4;90;ACREDITADO;30;673815.80
202634;A020;9;20;ACREDITADO;8;127223
202634;A022;9;20;ACREDITADO;36;246039
202634;A023;1;40;ACREDITADO;524;93386951.68
202634;A023;6;90;ACREDITADO;54;8743503.21
202634;A023;6;90;RECHAZADA;3;532005.84
202634;A024;1;40;ACREDITADO;432;96671061.69
202634;A024;6;80;ACREDITADO;15;3606280
202634;A024;6;80;RECHAZADA;19;5437860
202634;A024;6;90;ACREDITADO;42;10889310
202634;A024;6;90;RECHAZADA;19;9945160
202634;A025;1;40;ACREDITADO;156;49107742.67
202634;A025;6;90;ACREDITADO;24;5249165.83
202634;A025;6;90;RECHAZADA;12;5615517.94
202634;A027;9;20;ACREDITADO;9562;1093434461
202634;A027;9;20;ENPROCESO;1;224666
202634;A027;9;20;RECHAZADA;68;15986408
202634;A031;1;40;ACREDITADO;180;2177195.93
202634;A032;1;40;ACREDITADO;1;2
202634;A032;4;80;DEVUELTA;1;120
202634;A032;4;90;DEVUELTA;1;100
202634;A035;6;90;ACREDITADO;100;27914122.37
202634;A035;6;90;RECHAZADA;11;9597428.54
202634;A036;9;20;ACREDITADO;124;27446157
202634;A036;9;20;RECHAZADA;3;380908.55
202634;A037;6;90;ACREDITADO;12;847204.63
202634;A037;6;90;RECHAZADA;1;73228.03
202634;A038;1;40;ACREDITADO;5833;1739642644.01
202634;A039;1;40;ACREDITADO;2078;52533676.43
202634;A039;4;60;ACREDITADO;1865;30709731.31
202634;A039;4;60;RECHAZADA;86;2010040.93
202634;A039;4;80;ACREDITADO;2252;72082389.02
202634;A039;4;80;DEVUELTA;2;195500
202634;A039;4;80;RECHAZADA;221;15452534.83
202634;A039;4;90;ACREDITADO;9876;192956056.87
202634;A039;4;90;DEVUELTA;3;60000
202634;A039;4;90;RECHAZADA;267;12175149.91
202634;A039;6;80;ACREDITADO;2;68656
202634;A039;6;80;RECHAZADA;3;174596
202634;A039;9;20;ACREDITADO;12518;250511802.90
202634;A039;9;20;DEVUELTA;1;14741
202634;A039;9;20;RECHAZADA;57;2564870
202634;A040;1;40;ACREDITADO;1352;320052528.37
202634;A041;9;20;ACREDITADO;1;458164.76
202634;A042;9;20;ACREDITADO;4066;294249272.26
202634;A042;9;20;DEVUELTA;2;407336.95
202634;A042;9;20;RECHAZADA;30;6074572.54
202634;A045;1;40;ACREDITADO;4461;580700540.20
202634;A046;4;80;ACREDITADO;21;852500
202634;A046;4;80;RECHAZADA;2;75000
202634;A046;4;90;ACREDITADO;118;3790000
202634;A046;4;90;DEVUELTA;1;2500
202634;A046;9;20;ACREDITADO;1142;59099701.35
202634;A051;1;40;ACREDITADO;449;71822248.61
202634;A051;6;80;ACREDITADO;9;3717696.72
202634;A051;6;80;RECHAZADA;14;14346234.47
202634;A051;6;90;ACREDITADO;4;1022377.31
202634;A051;6;90;RECHAZADA;2;732577.36
202634;A052;1;40;ACREDITADO;187;13298724.69
202634;A060;9;20;ACREDITADO;1002;119281358.75
202634;A060;9;20;RECHAZADA;10;2663969.14
202634;A061;1;40;ACREDITADO;412;75490684.30
202634;A063;9;20;ACREDITADO;161;1862274
202634;A064;1;40;ACREDITADO;75;1491500
202634;A066;9;20;ACREDITADO;5178;462897576.71
202634;A066;9;20;RECHAZADA;54;16693689.06
202634;A069;1;40;ACREDITADO;16011;926578040.27
202634;A070;9;20;ACREDITADO;2168;281730570
202634;A070;9;20;DEVUELTA;73;13284150
202634;A070;9;20;RECHAZADA;31;6361660
202634;A071;6;60;ACREDITADO;1;58080
202634;A071;6;80;ACREDITADO;77;10433588
202634;A071;6;80;RECHAZADA;21;3108732
202634;A071;6;90;ACREDITADO;28;3476814
202634;A071;6;90;RECHAZADA;2;304920
202634;A072;7;20;ACREDITADO;285;29971950
202634;A072;7;20;RECHAZADA;6;244400
202634;A072;7;80;ACREDITADO;280;37405738
202634;A072;7;80;RECHAZADA;72;12783490
202634;A072;7;90;ACREDITADO;145;16147484
202634;A072;7;90;RECHAZADA;18;2124936
202634;A073;9;20;ACREDITADO;129;15205283.50
202634;A076;9;20;ACREDITADO;1;192614.84
202634;A077;6;80;ACREDITADO;1;99000
202634;A077;6;80;RECHAZADA;9;2131575
202634;A077;6;90;ACREDITADO;3;886500
202634;A081;1;40;ACREDITADO;12;946417.47
202634;A082;9;20;ACREDITADO;81;20108108
202634;A082;9;20;RECHAZADA;1;119500
202634;A084;1;40;ACREDITADO;1815;216625478.21
202634;A086;1;40;ACREDITADO;349;63068213.94
202634;A087;1;40;ACREDITADO;1;50000
202634;A088;1;40;ACREDITADO;16382;334977426.95
202634;A090;1;40;ACREDITADO;2690;556765872.13
202634;A094;9;20;ACREDITADO;997;20680860.88
202634;A094;9;20;RECHAZADA;3;121000
202634;A095;1;40;ACREDITADO;10666;288135695.32
202634;A096;1;40;ACREDITADO;3129;41127168.16
202634;A099;1;40;ACREDITADO;18;3923632.70
202634;A100;2;80;ACREDITADO;295;876440.95
202634;A100;2;90;ACREDITADO;8;23494.85
202634;A101;1;40;ACREDITADO;1717;180032889.84
202634;A102;9;20;ACREDITADO;6;158015.10
202634;A103;1;40;ACREDITADO;8335;213644587.78
202634;A103;7;20;ACREDITADO;154;14948686.13
202634;A103;7;20;RECHAZADA;1;119852.73
202634;A103;7;60;ACREDITADO;10;281569.82
202634;A103;7;60;RECHAZADA;1;24600
202634;A103;7;80;ACREDITADO;84;4145757.24
202634;A103;7;80;RECHAZADA;13;2724212.32
202634;A103;7;90;ACREDITADO;63;2329928.06
202634;A103;7;90;RECHAZADA;8;609065.59
202634;A103;9;20;ACREDITADO;330;11219517.47
202634;A103;9;20;RECHAZADA;1;29990.08
202634;A104;7;20;ACREDITADO;6709;99095754.92
202634;A104;7;20;RECHAZADA;25;674259.61
202634;A104;7;40;ACREDITADO;3786;105542233.54
202634;A105;1;40;ACREDITADO;375;58543956.90
202634;A107;1;40;ACREDITADO;17426;5303389064.69
202634;A108;9;20;ACREDITADO;29694;529942608.19
202634;A108;9;20;RECHAZADA;99;2759433.99
202634;A111;9;20;ACREDITADO;17;4444590.49
202634;A111;9;20;DEVUELTA;1;8.70
202634;A112;1;40;ACREDITADO;6;161451.56
202634;A114;1;40;ACREDITADO;195;13416457
202634;A116;1;40;ACREDITADO;1;86909
202634;A117;1;40;ACREDITADO;1878;44984587.37
202634;A117;9;20;ACREDITADO;25;964062.56
202634;A121;1;40;ACREDITADO;1;78540
202634;A123;1;40;ACREDITADO;482;95514707.62
202634;A127;7;20;ACREDITADO;12;468955.30
202634;A127;7;20;DEVUELTA;2;9041.12
202634;A127;7;40;ACREDITADO;4;560313.08
202634;A127;7;80;ACREDITADO;4;236848.16
202634;A127;7;80;DEVUELTA;2;8459.11
202634;A127;7;80;RECHAZADA;1;1126.51
202634;A127;7;90;ACREDITADO;2;13310
202634;A128;9;20;ACREDITADO;6;343682.59
202634;A130;9;20;ACREDITADO;9;109
202634;A130;9;20;DEVUELTA;3;3
202634;A131;1;40;ACREDITADO;5;297600
202634;A132;6;80;ACREDITADO;4101;507938638.52
202634;A132;6;80;RECHAZADA;1831;585660776.89
202634;A132;6;90;ACREDITADO;6708;674206542.35
202634;A132;6;90;RECHAZADA;1050;188737560.56
202634;A132;9;20;ACREDITADO;3919;522195502.93
202634;A132;9;20;RECHAZADA;126;54335314.28
202634;A135;9;20;ACREDITADO;21;957945
202634;A136;7;40;ACREDITADO;19;369000
202634;A136;7;90;ACREDITADO;1;20500
202634;A138;9;20;ACREDITADO;88;5361292.06
202634;A140;9;20;ACREDITADO;179;66576182.69
202634;A140;9;20;RECHAZADA;6;4049510.24
202634;A142;1;40;ACREDITADO;2;1084970
202634;A143;6;80;ACREDITADO;4109;878017839.34
202634;A143;6;80;RECHAZADA;1430;483649058.80
202634;A143;6;90;ACREDITADO;4013;777741696.16
202634;A143;6;90;RECHAZADA;831;210934683.86
202634;A143;9;20;ACREDITADO;1677;448054056.48
202634;A143;9;20;RECHAZADA;21;5450509.75
202634;A145;1;40;ACREDITADO;26;726966
202634;A146;1;40;ACREDITADO;50;5597879
202634;A147;1;40;ACREDITADO;105;4208250
202634;A149;9;20;ACREDITADO;302;60339572.63
202634;A149;9;20;RECHAZADA;6;1905162.51
202634;A150;1;40;ACREDITADO;15;1045560
202634;A151;6;80;ACREDITADO;24;18924701
202634;A151;6;80;RECHAZADA;9;14137708.40
202634;A152;6;80;ACREDITADO;6484;715014354.74
202634;A152;6;80;RECHAZADA;2846;858129170.29
202634;A152;6;90;ACREDITADO;12471;1123315553.89
202634;A152;6;90;RECHAZADA;2295;401725434.11
202634;A152;9;20;ACREDITADO;4558;507850842.39
202634;A152;9;20;RECHAZADA;106;29623566.06
202634;A153;1;40;ACREDITADO;3210;232848066.51
202634;A155;7;20;ACREDITADO;142;11542249.10
202634;A155;7;20;DEVUELTA;66;1514689.32
202634;A155;7;20;RECHAZADA;3;860944.76
202634;A155;7;40;ACREDITADO;4;95951.40
202634;A155;7;60;DEVUELTA;21;1458630.85
202634;A155;7;60;RECHAZADA;6;557012.17
202634;A155;7;80;ACREDITADO;74;7520068.93
202634;A155;7;80;DEVUELTA;1;103993.76
202634;A155;7;80;RECHAZADA;36;3838046.03
202634;A155;7;90;ACREDITADO;85;8025255.98
202634;A155;7;90;DEVUELTA;5;226257.50
202634;A155;7;90;RECHAZADA;22;2634733.84
202634;A157;6;80;ACREDITADO;4221;565993562.20
202634;A157;6;80;RECHAZADA;1742;451050361.28
202634;A157;6;90;ACREDITADO;8659;875559345.37
202634;A157;6;90;DEVUELTA;4;773649.14
202634;A157;6;90;RECHAZADA;1517;212861961.47
202634;A157;9;20;ACREDITADO;2496;345934474.23
202634;A157;9;20;RECHAZADA;26;8451421.49
202634;A159;6;80;ACREDITADO;2514;261028013.17
202634;A159;6;80;RECHAZADA;946;254931624.72
202634;A159;6;90;ACREDITADO;5359;447867541.92
202634;A159;6;90;RECHAZADA;870;119568384.22
202634;A159;9;20;ACREDITADO;1363;145893744.15
202634;A159;9;20;RECHAZADA;33;20792146.27
202634;A162;1;40;ACREDITADO;1;7500
202634;A164;9;20;ACREDITADO;2;243.21
202634;A166;9;20;ACREDITADO;31;393970
202634;B;4;10;ACREDITADO;1;250000
202634;B;4;60;ACREDITADO;55;631639.30
202634;B;4;60;RECHAZADA;5;18271.50
202634;B;4;80;ACREDITADO;77;3191336.87
202634;B;4;80;RECHAZADA;2;138384.92
202634;B;4;90;ACREDITADO;432;9564569.55
202634;B;4;90;RECHAZADA;5;335450
202634;B;9;20;ACREDITADO;3039;215990995.82
202634;B;9;20;RECHAZADA;6;135300
202634;C;9;20;ACREDITADO;22981;2526687255.33
202634;C;9;20;DEVUELTA;4;419467.74
202634;C;9;20;RECHAZADA;169;38808398.96
202634;D;9;20;ACREDITADO;2379;616789360.72
202634;D;9;20;RECHAZADA;47;18864202.36
202634;E;9;20;ACREDITADO;100;1061539
202634;J;4;90;ACREDITADO;535;126807445.38
202634;J;4;90;RECHAZADA;40;8530289
202634;J;6;90;ACREDITADO;282;69423358.14
202634;J;6;90;RECHAZADA;80;29133016.58
202634;K;4;90;ACREDITADO;1818;413669912.14
202634;K;4;90;DEVUELTA;2;263963
202634;K;4;90;RECHAZADA;242;69212523.91
202634;K;7;20;ACREDITADO;775;158193987.46
202634;K;7;20;RECHAZADA;45;23712277.53
202634;K;7;40;ACREDITADO;804;134674588.02
202634;K;7;90;ACREDITADO;1322;275613572.08
202634;K;7;90;RECHAZADA;242;72029655.77
202634;K;9;20;ACREDITADO;1783;401738412.85
202634;K;9;20;RECHAZADA;84;34279938.29
202634;N;9;20;ACREDITADO;3848;323999031.64
202634;N;9;20;RECHAZADA;29;8059718.47
202634;PMC;2;50;ACREDITADO;136041;13697989208.05
202634;Q;6;90;ACREDITADO;117;9074831.93
202634;Q;6;90;RECHAZADA;27;2532486.75
202634;R;9;20;ACREDITADO;16746;2019603456.08
202634;R;9;20;DEVUELTA;16;1882880.16
202634;R;9;20;RECHAZADA;353;104853135.11
202634;T;9;20;ACREDITADO;1;15.50
202634;U;4;60;ACREDITADO;4;859189.71
202634;U;4;60;RECHAZADA;1;81869.21
202634;U;4;90;ACREDITADO;47;7399584.05
202634;U;4;90;RECHAZADA;6;1085916.74
202634;U;6;90;ACREDITADO;80;10863578.48
202634;U;6;90;RECHAZADA;148;2711582.97
202634;V;9;20;ACREDITADO;364;54713817.52
202634;V;9;20;RECHAZADA;31;9664964.42
202634;VIRG;9;20;ACREDITADO;350;22482716.32
202634;VIRG;9;20;RECHAZADA;2;303011.68
202634;W;9;20;ACREDITADO;1228;279278600.72
202634;W;9;20;RECHAZADA;4;924179.06
202634;Y;6;90;ACREDITADO;299;34787343.64
202634;Y;6;90;RECHAZADA;61;7533877.02
202635;6;1;40;ACREDITADO;180;40128279.51
202635;6;6;60;ACREDITADO;129;11139804.43
202635;6;6;60;RECHAZADA;27;1857726.20
202635;6;6;80;ACREDITADO;816;66496335.45
202635;6;6;80;RECHAZADA;225;49266640.76
202635;6;6;90;ACREDITADO;3912;245474431.02
202635;6;6;90;RECHAZADA;827;70097717.51
202635;6;9;20;ACREDITADO;4;100000
202635;7;7;20;ACREDITADO;1;209921.48
202635;7;7;20;DEVUELTA;1;100
202635;7;7;40;ACREDITADO;1;3797138.77
202635;7;7;80;RECHAZADA;1;700000
202635;7;9;20;ACREDITADO;6;4950
202635;7;9;20;RECHAZADA;1;500
202635;A009;1;40;ACREDITADO;255;40501347.80
202635;A012;9;20;ACREDITADO;65;8885650.58
202635;A012;9;20;RECHAZADA;3;420000
202635;A016;1;40;ACREDITADO;177;23299097.70
202635;A016;6;90;ACREDITADO;26;3931089.09
202635;A016;6;90;RECHAZADA;13;2093968.51
202635;A020;4;10;ACREDITADO;2;145150
202635;A020;4;60;ACREDITADO;5;49483
202635;A020;4;80;ACREDITADO;7;107103.76
202635;A020;4;80;RECHAZADA;2;28472
202635;A020;4;90;ACREDITADO;43;873421.17
202635;A020;9;20;ACREDITADO;3;32165.96
202635;A022;9;20;ACREDITADO;22;150065
202635;A023;1;40;ACREDITADO;344;59984887.81
202635;A023;6;90;ACREDITADO;27;5218208.68
202635;A023;6;90;RECHAZADA;6;1325065.03
202635;A024;1;40;ACREDITADO;355;68364117.20
202635;A024;6;80;ACREDITADO;19;3053440
202635;A024;6;80;RECHAZADA;32;11370400
202635;A024;6;90;ACREDITADO;43;7539370
202635;A024;6;90;RECHAZADA;12;2377460
202635;A025;1;40;ACREDITADO;86;24332980.22
202635;A025;6;90;ACREDITADO;9;2719837.61
202635;A025;6;90;RECHAZADA;2;1242482.34
202635;A027;9;20;ACREDITADO;9678;1118604540
202635;A027;9;20;RECHAZADA;75;14614824
202635;A031;1;40;ACREDITADO;157;1287637.46
202635;A032;1;40;ACREDITADO;1;2
202635;A032;4;10;ACREDITADO;2;207
202635;A032;4;10;DEVUELTA;1;120
202635;A032;4;80;DEVUELTA;2;240
202635;A032;4;90;ACREDITADO;1;103
202635;A032;4;90;DEVUELTA;1;15
202635;A032;9;20;ACREDITADO;2;17.50
202635;A035;6;90;ACREDITADO;36;15389622
202635;A035;6;90;RECHAZADA;6;6023625.76
202635;A036;9;20;ACREDITADO;53;8667924.74
202635;A036;9;20;RECHAZADA;1;39959.40
202635;A037;6;90;ACREDITADO;2;462697.52
202635;A038;1;40;ACREDITADO;4442;1434227375.27
202635;A039;1;40;ACREDITADO;1943;49811457.80
202635;A039;4;60;ACREDITADO;1817;26606359.46
202635;A039;4;60;RECHAZADA;92;1695901.13
202635;A039;4;80;ACREDITADO;2238;68197643.87
202635;A039;4;80;RECHAZADA;121;8104190.45
202635;A039;4;90;ACREDITADO;9446;182844308.47
202635;A039;4;90;DEVUELTA;1;49800
202635;A039;4;90;RECHAZADA;267;9661386.92
202635;A039;9;20;ACREDITADO;11969;230131904.85
202635;A039;9;20;RECHAZADA;25;467935
202635;A040;1;40;ACREDITADO;1150;267098941.73
202635;A041;9;20;ACREDITADO;3;513970.34
202635;A042;9;20;ACREDITADO;3862;268029962.07
202635;A042;9;20;DEVUELTA;1;21.74
202635;A042;9;20;RECHAZADA;19;4598859.21
202635;A045;1;40;ACREDITADO;1530;154953735
202635;A046;4;80;ACREDITADO;24;865000
202635;A046;4;80;RECHAZADA;1;25000
202635;A046;4;90;ACREDITADO;107;3730000
202635;A046;4;90;RECHAZADA;3;75000
202635;A046;9;20;ACREDITADO;1041;55207588.69
202635;A046;9;20;RECHAZADA;2;50000
202635;A051;1;40;ACREDITADO;391;26150292.65
202635;A051;6;80;ACREDITADO;9;2552355.35
202635;A051;6;80;RECHAZADA;4;4262100
202635;A052;1;40;ACREDITADO;172;14731833.56
202635;A060;9;20;ACREDITADO;970;123070028.22
202635;A060;9;20;RECHAZADA;3;200392.78
202635;A061;1;40;ACREDITADO;345;57241334.89
202635;A063;9;20;ACREDITADO;143;1338300
202635;A064;1;40;ACREDITADO;51;949000
202635;A066;9;20;ACREDITADO;5621;346363138.62
202635;A066;9;20;RECHAZADA;99;43913446.95
202635;A069;1;40;ACREDITADO;14726;894028012.58
202635;A070;9;20;ACREDITADO;2076;262094520
202635;A070;9;20;DEVUELTA;50;10191040
202635;A070;9;20;RECHAZADA;19;5032290
202635;A071;6;60;ACREDITADO;2;256520
202635;A071;6;80;ACREDITADO;68;9758589.50
202635;A071;6;80;RECHAZADA;29;4601146
202635;A071;6;90;ACREDITADO;39;5203847
202635;A071;6;90;RECHAZADA;3;383812
202635;A072;7;20;ACREDITADO;223;23252802
202635;A072;7;20;RECHAZADA;3;370720
202635;A072;7;80;ACREDITADO;223;25295906
202635;A072;7;80;RECHAZADA;75;9949640
202635;A072;7;90;ACREDITADO;124;13240606
202635;A072;7;90;RECHAZADA;15;1627560
202635;A073;9;20;ACREDITADO;138;17633632.50
202635;A073;9;20;RECHAZADA;3;313511
202635;A074;1;40;ACREDITADO;6;1310400.19
202635;A076;9;20;ACREDITADO;1;192614.84
202635;A077;6;80;ACREDITADO;3;1240500
202635;A077;6;80;RECHAZADA;3;828675
202635;A077;6;90;ACREDITADO;4;859500
202635;A081;1;40;ACREDITADO;7;722171.66
202635;A082;9;20;ACREDITADO;64;15502672
202635;A082;9;20;RECHAZADA;2;1180000
202635;A084;1;40;ACREDITADO;1708;201293159.85
202635;A086;1;40;ACREDITADO;200;42337592.62
202635;A087;1;40;ACREDITADO;77;12876300.22
202635;A088;1;40;ACREDITADO;16415;340427975.51
202635;A090;1;40;ACREDITADO;2335;487172439.23
202635;A094;9;20;ACREDITADO;943;17744457
202635;A094;9;20;RECHAZADA;4;27500
202635;A095;1;40;ACREDITADO;9813;229323063.36
202635;A096;1;40;ACREDITADO;2815;38324839.71
202635;A099;1;40;ACREDITADO;5;1024800
202635;A100;2;80;ACREDITADO;447;1313169.79
202635;A100;2;90;ACREDITADO;3;8699.06
202635;A101;1;40;ACREDITADO;1826;201548481.61
202635;A102;9;20;ACREDITADO;9;268872.58
202635;A102;9;20;RECHAZADA;1;449.99
202635;A103;1;40;ACREDITADO;8967;238754153.52
202635;A103;7;20;ACREDITADO;154;6601714
202635;A103;7;20;RECHAZADA;1;31400
202635;A103;7;60;ACREDITADO;14;323209
202635;A103;7;60;RECHAZADA;4;299200
202635;A103;7;80;ACREDITADO;80;3594298.33
202635;A103;7;80;RECHAZADA;15;2805053.29
202635;A103;7;90;ACREDITADO;70;2809218.31
202635;A103;7;90;RECHAZADA;8;199400
202635;A103;9;20;ACREDITADO;351;11693434.03
202635;A104;7;20;ACREDITADO;8058;135329198.75
202635;A104;7;20;RECHAZADA;11;328494.40
202635;A104;7;40;ACREDITADO;5061;139431581.56
202635;A105;1;40;ACREDITADO;172;27451078.35
202635;A107;1;40;ACREDITADO;18172;5423878391.09
202635;A108;9;20;ACREDITADO;27029;455982771.41
202635;A108;9;20;RECHAZADA;77;1988698.99
202635;A111;9;20;ACREDITADO;23;5647729.09
202635;A111;9;20;DEVUELTA;2;185.97
202635;A111;9;20;RECHAZADA;1;15996.01
202635;A114;1;40;ACREDITADO;131;8611084
202635;A117;1;40;ACREDITADO;1924;49033211.70
202635;A117;9;20;ACREDITADO;20;510309.05
202635;A121;1;40;ACREDITADO;1;53449
202635;A123;1;40;ACREDITADO;159;29178170.99
202635;A127;7;20;ACREDITADO;8;632146.20
202635;A127;7;20;DEVUELTA;3;123430.36
202635;A127;7;40;ACREDITADO;10;330219.29
202635;A127;7;40;DEVUELTA;2;40253.69
202635;A127;7;60;RECHAZADA;2;82764.46
202635;A127;7;80;ACREDITADO;9;1342627.36
202635;A127;7;80;RECHAZADA;2;1041078
202635;A127;7;90;ACREDITADO;5;564650.34
202635;A127;7;90;RECHAZADA;2;51304
202635;A128;9;20;ACREDITADO;16;2814649.20
202635;A130;3;70;ACREDITADO;6;6
202635;A130;3;70;DEVUELTA;6;12
202635;A130;9;20;ACREDITADO;2;51
202635;A131;1;40;ACREDITADO;4;131000
202635;A132;6;80;ACREDITADO;4856;676269868.68
202635;A132;6;80;RECHAZADA;2181;726140463.43
202635;A132;6;90;ACREDITADO;6893;730455343.09
202635;A132;6;90;RECHAZADA;1134;188363589.19
202635;A132;9;20;ACREDITADO;4426;615052564.89
202635;A132;9;20;ENPROCESO;1;65976.47
202635;A132;9;20;RECHAZADA;109;75192407.46
202635;A135;9;20;ACREDITADO;36;967000
202635;A136;7;40;ACREDITADO;19;369100
202635;A136;7;80;ACREDITADO;4;98500
202635;A136;7;80;RECHAZADA;1;16000
202635;A136;7;90;ACREDITADO;3;67000
202635;A138;9;20;ACREDITADO;26;2534846.42
202635;A138;9;20;RECHAZADA;1;32661.63
202635;A140;9;20;ACREDITADO;134;44044567.87
202635;A140;9;20;RECHAZADA;19;8255087.86
202635;A142;1;40;ACREDITADO;2;373970
202635;A143;6;80;ACREDITADO;3823;807589275.74
202635;A143;6;80;RECHAZADA;1666;555014912.15
202635;A143;6;90;ACREDITADO;3649;677310531.12
202635;A143;6;90;RECHAZADA;967;230988384.86
202635;A143;9;20;ACREDITADO;1472;364737782.74
202635;A143;9;20;RECHAZADA;18;6708125.03
202635;A145;1;40;ACREDITADO;6;237600
202635;A146;1;40;ACREDITADO;21;1547098
202635;A147;1;40;ACREDITADO;114;562900
202635;A148;1;40;ACREDITADO;19;45819034.07
202635;A149;9;20;ACREDITADO;325;82479503.06
202635;A149;9;20;RECHAZADA;7;1327487.40
202635;A150;1;40;ACREDITADO;17;2847270
202635;A151;6;80;ACREDITADO;22;10469288.90
202635;A151;6;80;RECHAZADA;7;1439020.60
202635;A152;6;80;ACREDITADO;7016;802862675.47
202635;A152;6;80;RECHAZADA;3156;983452579.29
202635;A152;6;90;ACREDITADO;12187;1148100388.99
202635;A152;6;90;RECHAZADA;2379;342514868.32
202635;A152;9;20;ACREDITADO;4225;536298846.14
202635;A152;9;20;RECHAZADA;84;40010738.42
202635;A153;1;40;ACREDITADO;3103;222594829.08
202635;A155;7;20;ACREDITADO;215;18411595.40
202635;A155;7;20;DEVUELTA;31;951114.78
202635;A155;7;20;RECHAZADA;4;254338.14
202635;A155;7;40;ACREDITADO;23;975821.95
202635;A155;7;60;DEVUELTA;24;1421260.88
202635;A155;7;60;RECHAZADA;17;1671467.10
202635;A155;7;80;ACREDITADO;83;7610817.02
202635;A155;7;80;RECHAZADA;19;2763135.62
202635;A155;7;90;ACREDITADO;82;9441677.89
202635;A155;7;90;RECHAZADA;16;1416050.22
202635;A156;3;70;ACREDITADO;1;1000
202635;A156;9;20;ACREDITADO;9;3006
202635;A157;6;80;ACREDITADO;5795;757180504.47
202635;A157;6;80;RECHAZADA;2473;672134994.82
202635;A157;6;90;ACREDITADO;9605;960680389.40
202635;A157;6;90;RECHAZADA;1890;286023783.88
202635;A157;9;20;ACREDITADO;2526;359993249.34
202635;A157;9;20;RECHAZADA;65;23452615.99
202635;A158;1;40;ACREDITADO;1;77000
202635;A159;6;80;ACREDITADO;3028;311139933.77
202635;A159;6;80;RECHAZADA;985;238937978.99
202635;A159;6;90;ACREDITADO;5516;472133657.91
202635;A159;6;90;RECHAZADA;1066;142359127.05
202635;A159;9;20;ACREDITADO;1224;134927063.80
202635;A159;9;20;RECHAZADA;17;3908016.52
202635;A161;7;20;ACREDITADO;1;10
202635;A161;7;80;RECHAZADA;1;10
202635;A162;1;40;ACREDITADO;2;10750871
202635;A166;9;20;ACREDITADO;79;1102000
202635;A166;9;20;DEVUELTA;1;100
202635;B;4;60;ACREDITADO;64;1014187.29
202635;B;4;60;RECHAZADA;2;20699.90
202635;B;4;80;ACREDITADO;83;2613854.77
202635;B;4;80;RECHAZADA;1;2600
202635;B;4;90;ACREDITADO;452;9852576.51
202635;B;4;90;RECHAZADA;8;478199
202635;B;6;80;DEVUELTA;2;240
202635;B;6;80;RECHAZADA;1;120
202635;B;9;20;ACREDITADO;3156;235413603.21
202635;B;9;20;DEVUELTA;1;4.40
202635;B;9;20;RECHAZADA;12;1413852
202635;C;9;20;ACREDITADO;21925;2230362048.90
202635;C;9;20;DEVUELTA;9;227107.92
202635;C;9;20;RECHAZADA;157;32905398.48
202635;D;9;20;ACREDITADO;1982;549896997.39
202635;D;9;20;RECHAZADA;43;22472623.29
202635;DEMO;4;80;ACREDITADO;2;200
202635;DEMO;6;80;ACREDITADO;1;100
202635;DEMO;6;80;RECHAZADA;2;550
202635;DEMO;9;20;ACREDITADO;1;23
202635;DEMO;9;20;DEVUELTA;1;200
202635;E;9;20;ACREDITADO;107;1038316
202635;J;4;90;ACREDITADO;730;183512520.71
202635;J;4;90;RECHAZADA;19;5263604.18
202635;J;6;90;ACREDITADO;217;50754519.13
202635;J;6;90;RECHAZADA;49;11424207.33
202635;K;4;90;ACREDITADO;1598;381302057.87
202635;K;4;90;DEVUELTA;6;1288563.86
202635;K;4;90;RECHAZADA;140;49233923.10
202635;K;6;90;ACREDITADO;1;28994.16
202635;K;7;20;ACREDITADO;519;99286509.86
202635;K;7;20;RECHAZADA;39;19220312.34
202635;K;7;40;ACREDITADO;579;98518091.05
202635;K;7;90;ACREDITADO;940;189805799.12
202635;K;7;90;RECHAZADA;206;73283790.79
202635;K;9;20;ACREDITADO;1359;286102351.84
202635;K;9;20;RECHAZADA;47;18665587.92
202635;N;9;20;ACREDITADO;4118;337400185.02
202635;N;9;20;RECHAZADA;32;6011099.81
202635;PMC;2;50;ACREDITADO;121930;9954985385.16
202635;Q;6;90;ACREDITADO;86;7058994.69
202635;Q;6;90;RECHAZADA;50;2856953.63
202635;R;9;20;ACREDITADO;15855;1917176189.83
202635;R;9;20;DEVUELTA;10;2165924
202635;R;9;20;RECHAZADA;304;100516551.77
202635;U;4;60;ACREDITADO;3;664400
202635;U;4;90;ACREDITADO;64;12177614.47
202635;U;4;90;RECHAZADA;5;1775400
202635;U;6;90;ACREDITADO;73;10032622.02
202635;U;6;90;RECHAZADA;50;1333098.23
202635;V;9;20;ACREDITADO;478;70491522.65
202635;V;9;20;RECHAZADA;45;49834998.61
202635;VIRG;9;20;ACREDITADO;403;36003532.27
202635;VIRG;9;20;RECHAZADA;1;8000
202635;W;9;20;ACREDITADO;911;213749355.97
202635;W;9;20;RECHAZADA;7;1636660.92
202635;Y;6;90;ACREDITADO;257;36742315.04
202635;Y;6;90;RECHAZADA;65;15236423.19
