SemanaId;OrganizacionId;TipoOperacionId;EstadoId;Cantidad;Volumen
202536;3;1;2;1;1
202536;3;3;2;7;18.60
202536;3;3;3;3;11
202536;3;3;6;2;9.40
202536;4;1;2;37155;11212656054.11
202536;4;1;3;274;85269490.57
202536;4;2;2;77100;16601290393.55
202536;4;3;2;1987;39677896.15
202536;4;3;3;95;2043611.42
202536;4;3;6;3;431538.70
202536;4;3;7;1;227000
202536;4;4;2;171;94594393.98
202536;4;5;2;171;94594393.98
202536;5;1;2;671511;33260221177.88
202536;5;1;3;8101;516606495.16
202536;5;2;2;1413710;41754996578.47
202536;5;3;2;36259;559823743.19
202536;5;3;3;1957;30303405.84
202536;5;3;6;31;1328457.53
202536;5;3;7;2;77900
202536;5;4;2;744;51060620.45
202536;5;5;2;744;51060620.45
202536;6;2;2;3;160000000
202536;6;3;2;7458;170978264.42
202536;6;3;3;517;14223929.46
202536;6;3;6;58;1690338.26
202536;8;1;2;3165;3969312109.29
202536;8;1;3;38;15293434.20
202536;8;2;2;15092;3401244391.94
202536;8;4;2;10;40246547.38
202536;8;5;2;10;40246547.38
202536;9;1;2;2568;32899911.12
202536;9;1;3;31;415440
202536;9;2;2;7248;82012870.74
202536;9;3;2;574;14881794.38
202536;9;3;3;25;719950
202536;9;3;6;5;102
202536;9;3;7;1;20
202536;9;4;2;35;800987.08
202536;9;5;2;35;800987.08
202536;9;7;2;7832;28268512
202536;9;13;2;1;100
202536;11;2;2;1;142
202536;13;1;2;1441;205559935.43
202536;13;1;3;18;1779819
202536;13;2;2;106;193750309.32
202536;13;3;2;1;10
202536;13;3;3;1;1
202536;13;4;2;19;19429520
202536;13;5;2;19;19429520
202536;14;1;2;506;869242653.59
202536;14;1;3;26;50618823.53
202536;14;2;2;850;856180948.59
202536;14;3;2;48;532980.20
202536;14;3;3;4;39432
202536;14;4;2;1558;894015696.41
202536;14;5;2;1558;894015696.41
202536;15;1;2;9726;1888749791.27
202536;15;1;3;139;22992780.98
202536;15;2;2;50722;1997100597.14
202536;15;3;2;4;20250
202536;15;4;2;2477;926245250.96
202536;15;5;2;2477;926245250.96
202536;16;1;2;16;33453
202536;16;1;3;8;8998
202536;16;2;2;21;300452
202536;16;3;2;106;3691192.41
202536;16;3;3;4;61082.30
202536;18;2;2;229;239757886.18
202536;18;3;2;11001;229482486.75
202536;18;3;3;345;6251423.88
202536;18;3;6;8;327300.09
202536;19;1;2;21;7912963.58
202536;19;2;2;30;14151801
202536;20;1;2;43;6669578.58
202536;20;2;2;113;7935276.82
202536;20;9;2;45;3571842
202536;20;9;5;30;853385
202536;20;10;2;9;2533.05
202536;22;1;2;5;53754411.54
202536;22;1;3;8;93626633.40
202536;22;2;2;5;53687444.28
202536;24;1;2;7707;577692972.53
202536;24;1;3;186;7253089.89
202536;24;2;2;8662;500733465.55
202536;24;3;2;318;6064604.13
202536;24;3;3;23;805035.44
202536;24;3;6;7;874416.39
202536;24;4;2;3;168713
202536;24;5;2;3;168713
202536;25;1;2;8;10
202536;25;2;2;11;10084.22
202536;25;4;2;2;5074.61
202536;25;5;2;2;5074.61
202536;28;1;2;3;98345735.80
202536;28;2;2;238;99976373.96
202536;29;2;2;2;330000
202536;29;3;2;3;28970
202536;30;1;2;2;1067469.44
202536;30;2;2;30;1897473.11
202536;30;4;2;4;1397837.55
202536;30;5;2;4;1397837.55
202536;31;2;2;9;89.63
202536;32;1;2;2;5100
202536;32;2;2;2;2193.55
202536;32;3;2;3;2015
202536;32;4;2;10;1615
202536;32;5;2;10;1615
202536;33;2;2;2;305000
202537;4;1;2;43810;11958569978.83
202537;4;1;3;95;105716461.12
202537;4;2;2;74390;15415132187.62
202537;4;3;2;2560;52568067.21
202537;4;3;3;58;2098056.13
202537;4;3;6;1;2000
202537;4;4;2;198;131665875.48
202537;4;5;2;198;131665875.48
202537;5;1;2;837404;40143997385.89
202537;5;1;3;2838;2071314416.46
202537;5;2;2;1767796;47101395354.36
202537;5;3;2;46921;734383193.12
202537;5;3;3;1122;22237973.77
202537;5;3;6;30;701599.87
202537;5;3;7;1;1000
202537;5;4;2;1017;69717308.81
202537;5;5;2;1017;69717308.81
202537;6;2;2;3;275000000
202537;6;3;2;10306;237184958.91
202537;6;3;3;441;14031231.25
202537;6;3;6;81;2784443.39
202537;8;1;2;2131;2244355510.23
202537;8;1;3;26;507386651.69
202537;8;2;2;25500;2267902937.93
202537;8;4;2;6;989603
202537;8;5;2;6;989603
202537;9;1;2;3261;39350974.54
202537;9;1;3;7;200551
202537;9;2;2;8660;94388909.68
202537;9;3;2;691;16543994.49
202537;9;3;3;8;158850
202537;9;3;6;1;54000
202537;9;4;2;44;1245129
202537;9;5;2;44;1245129
202537;9;7;2;9039;32522876
202537;13;1;2;1518;200051672.91
202537;13;1;3;13;205000
202537;13;2;2;152;150615090.21
202537;13;3;2;2;6490
202537;13;4;2;14;19335874
202537;13;5;2;14;19335874
202537;14;1;2;574;624204730.01
202537;14;1;3;3;85000
202537;14;2;2;770;624895545.08
202537;14;3;2;42;500947.06
202537;14;4;2;1409;653501713.02
202537;14;5;2;1409;653501713.02
202537;15;1;2;12055;1900276012.15
202537;15;1;3;62;10367370.84
202537;15;2;2;60444;1921498112.78
202537;15;3;2;5;17100
202537;15;4;2;1912;529038483.02
202537;15;5;2;1912;529038483.02
202537;16;1;2;20;252257.64
202537;16;1;3;9;11000
202537;16;2;2;7;134907.75
202537;16;3;2;81;4315998.16
202537;16;3;3;1;32.14
202537;18;2;2;256;309597868.56
202537;18;3;2;13796;297987583.11
202537;18;3;3;102;2760338.77
202537;18;3;6;8;361970.13
202537;18;3;7;2;60700
202537;19;1;2;22;6186535.07
202537;19;2;2;77;17946600
202537;20;1;2;72;20812830.28
202537;20;2;2;152;14148251.90
202537;20;9;2;53;2337913.29
202537;20;9;5;55;3595710.07
202537;20;10;2;30;9150.78
202537;22;1;2;5;58514637.34
202537;22;2;2;5;58514637.34
202537;24;1;2;8965;560484996.60
202537;24;1;3;12;1585100
202537;24;2;2;8625;439427138.59
202537;24;3;2;458;7703887.26
202537;24;3;3;11;502857.30
202537;24;3;6;9;530549.27
202537;24;4;2;6;21350
202537;24;5;2;6;21350
202537;25;1;2;10;10
202537;25;2;2;13;2394.85
202537;25;4;2;3;2384.85
202537;25;5;2;3;2384.85
202537;28;1;2;5;61981498
202537;28;2;2;290;59237812.02
202537;29;2;2;1;283377
202537;29;3;2;8;87400
202537;30;1;2;6;9003606.56
202537;30;2;2;29;8162693.13
202537;30;4;2;5;7846218.65
202537;30;5;2;5;7846218.65
202537;31;1;2;8;10012
202537;31;2;2;16;10689.62
202537;31;4;2;1;10
202537;31;5;2;1;10
202537;32;1;2;14;40719.42
202537;32;1;3;1;10113.29
202537;32;2;2;11;626377.77
202537;32;3;2;6;156258.10
202537;32;4;2;28;420
202537;32;5;2;28;420
202537;33;1;2;2;0.08
202537;33;2;2;4;282.54
202538;3;1;2;2;2
202538;3;3;2;15;43.80
202538;3;3;6;3;13.20
202538;4;1;2;40035;12008897420.03
202538;4;1;3;199;74358827.84
202538;4;2;2;61005;14113040568.31
202538;4;3;2;2582;42085305.42
202538;4;3;3;60;976430.75
202538;4;3;6;2;58730
202538;4;4;2;216;155787156.64
202538;4;5;2;216;155787156.64
202538;5;1;2;840711;36638274426.35
202538;5;1;3;3873;250466074.59
202538;5;2;2;1841701;44050861540
202538;5;3;2;48050;697918279.10
202538;5;3;3;1582;35183475.29
202538;5;3;6;37;1408649.21
202538;5;3;7;3;603248.42
202538;5;4;2;1005;70372587.52
202538;5;5;2;1005;70372587.52
202538;6;2;2;3;190000000
202538;6;3;2;9082;197280852.61
202538;6;3;3;530;15624229.60
202538;6;3;6;74;2047687.98
202538;8;1;2;1984;2379997354.37
202538;8;1;3;66;1150598537.64
202538;8;2;2;25577;2298469696.85
202538;8;4;2;5;1146000
202538;8;5;2;5;1146000
202538;9;1;2;3318;37074525.94
202538;9;1;3;14;40104.80
202538;9;2;2;8636;86228831.85
202538;9;3;2;742;17141909.30
202538;9;3;3;28;3773300
202538;9;3;6;1;17.20
202538;9;3;7;1;7
202538;9;4;2;84;3546516
202538;9;5;2;84;3546516
202538;9;7;2;9052;32368373
202538;13;1;2;1520;170442658.99
202538;13;1;3;11;39980
202538;13;2;2;78;58474438.48
202538;13;3;2;1;10
202538;13;4;2;9;22742.28
202538;13;5;2;9;22742.28
202538;14;1;2;552;491224776.41
202538;14;1;3;15;487466.27
202538;14;2;2;586;500060098.05
202538;14;3;2;30;495617.62
202538;14;3;3;1;13081
202538;14;4;2;1215;523810170.39
202538;14;5;2;1215;523810170.39
202538;15;1;2;4811;1173659016.55
202538;15;1;3;41;5197163.76
202538;15;2;2;23184;1084510731.46
202538;15;4;2;1710;654872966.49
202538;15;5;2;1710;654872966.49
202538;16;1;2;12;63210
202538;16;2;2;6;10013156
202538;16;3;2;87;4014887.11
202538;16;3;3;4;125715.70
202538;16;3;6;1;59518.51
202538;16;4;2;1;14000
202538;16;5;2;1;14000
202538;18;2;2;228;293168288.42
202538;18;3;2;13943;301972200.01
202538;18;3;3;199;9710854.65
202538;18;3;6;16;1119954.47
202538;19;1;2;17;3322206.49
202538;19;2;2;29;7081500
202538;20;1;2;67;11285791.42
202538;20;2;2;120;7201197.98
202538;20;9;2;44;1040356.97
202538;20;9;5;37;4765064.20
202538;20;10;2;29;6872.38
202538;22;1;2;5;45577848.63
202538;22;2;2;5;45577848.63
202538;24;1;2;11067;704524121.47
202538;24;1;3;25;2003993.70
202538;24;2;2;11720;754858000.62
202538;24;3;2;581;7893991.54
202538;24;3;3;19;306301.96
202538;24;3;6;9;234231.18
202538;24;4;2;4;58700
202538;24;5;2;4;58700
202538;25;1;2;5;92
202538;25;2;2;6;102
202538;28;1;2;2;53000000
202538;28;1;3;5;132315
202538;28;2;2;330;66964798.74
202538;29;2;2;1;300000
202538;29;3;2;10;222033.19
202538;30;1;2;3;1749179.74
202538;30;2;2;126;4121275
202538;30;4;2;2;1736674.32
202538;30;5;2;2;1736674.32
202538;31;2;2;1;10
202538;32;1;2;4;292000
202538;32;2;2;1;0.99
202538;32;3;2;7;173849.58
202538;32;4;2;7;70
202538;32;5;2;7;70
202538;33;1;2;3;1020
202538;33;1;3;1;0.10
202538;33;4;2;1;304272.36
202538;33;5;2;1;304272.36
202538;33;9;2;1;29492
202538;33;9;3;1;29492
202539;3;1;2;1;1
202539;3;3;2;1;1
202539;4;1;2;36800;8071569620.37
202539;4;1;3;353;42251222.90
202539;4;2;2;52249;9356137577.10
202539;4;3;2;2606;43506330.21
202539;4;3;3;68;2516516.80
202539;4;3;6;5;62870
202539;4;4;2;186;14196468.31
202539;4;5;2;186;14196468.31
202539;5;1;2;779464;32987263137.21
202539;5;1;3;8936;434492273.57
202539;5;2;2;1705424;41175793269.36
202539;5;3;2;42465;620614415.17
202539;5;3;3;1174;18636187.17
202539;5;3;5;1;390
202539;5;3;6;23;754634.61
202539;5;3;7;3;314799.97
202539;5;4;2;826;48598092.79
202539;5;5;2;826;48598092.79
202539;6;2;2;2;160000000
202539;6;3;2;9672;199864493.31
202539;6;3;3;415;11805374.10
202539;6;3;6;78;2307261.09
202539;6;3;7;2;109980
202539;8;1;2;1005;5887603848.59
202539;8;1;3;163;1231592680.22
202539;8;2;2;11025;5925354866.29
202539;8;4;2;7;384000
202539;8;5;2;7;384000
202539;9;1;2;3254;28389777.40
202539;9;1;3;42;453329
202539;9;2;2;8854;85904798.26
202539;9;3;2;776;23433192.55
202539;9;3;3;32;7706825
202539;9;3;5;1;3400
202539;9;4;2;48;911585
202539;9;5;2;48;911585
202539;9;7;2;9239;33379182
202539;11;1;2;10;696250
202539;11;1;3;29;1685149
202539;11;2;2;3;701067.38
202539;13;1;2;1306;187837437.47
202539;13;1;3;13;1203717.25
202539;13;2;2;80;32495096.27
202539;13;3;2;24;411379.75
202539;13;3;3;13;3447
202539;13;4;2;8;1572257.39
202539;13;5;2;8;1572257.39
202539;14;1;2;442;225291934.03
202539;14;1;3;9;531987.47
202539;14;2;2;522;226248461.89
202539;14;3;2;14;174970.03
202539;14;3;3;4;140015
202539;14;4;2;1017;245169921.08
202539;14;5;2;1017;245169921.08
202539;15;1;2;3155;711980624.61
202539;15;1;3;33;9047485.41
202539;15;2;2;4571;663362195.04
202539;15;3;2;1;3420
202539;15;4;2;2026;738264878.96
202539;15;5;2;2026;738264878.96
202539;16;1;2;5;76900
202539;16;2;2;5;3088305
202539;16;3;2;141;5371140.71
202539;16;3;3;9;180664.10
202539;18;2;2;291;269669883.82
202539;18;3;2;12621;265213090.56
202539;18;3;3;138;2599771.43
202539;18;3;6;10;297442.35
202539;19;1;2;10;2663911.30
202539;19;2;2;51;9500800
202539;20;1;2;54;8802579.07
202539;20;1;3;3;662572.04
202539;20;2;2;111;16930787.06
202539;20;9;2;42;7822885
202539;20;9;5;32;5202847.72
202539;20;10;2;24;4297.30
202539;22;1;2;4;31964708.73
202539;22;2;2;4;31964708.73
202539;24;1;2;17330;1419186569.63
202539;24;1;3;151;17012103.55
202539;24;2;2;17195;1645441693.83
202539;24;3;2;1229;18342768.16
202539;24;3;3;35;458205.38
202539;24;3;6;4;354881.34
202539;24;4;2;17;1294777
202539;24;5;2;17;1294777
202539;25;1;2;16;16
202539;25;2;2;16;215
202539;25;4;2;3;199
202539;25;5;2;3;199
202539;28;1;2;5;62063705.88
202539;28;2;2;200;51552399.96
202539;29;2;2;1;1100000
202539;29;3;2;3;30630
202539;30;1;2;2;2878282.94
202539;30;2;2;48;5212107.79
202539;30;4;2;3;2878282.94
202539;30;5;2;3;2878282.94
202539;31;1;2;15;1901
202539;31;2;2;9;1679.50
202539;32;1;2;1;59600
202539;32;1;3;3;30
202539;32;2;2;2;100009.90
202539;32;3;2;2;110
202539;32;4;2;32;4947
202539;32;5;2;32;4947
202539;33;1;2;1;1
202539;33;9;2;5;144093
202539;33;9;3;2;31000
202540;3;1;2;1;1
202540;3;3;2;19;58.10
202540;3;3;3;6;8.40
202540;3;3;6;6;26.40
202540;3;3;7;1;3.30
202540;4;1;2;38579;8855112162.40
202540;4;1;3;78;10638990.48
202540;4;2;2;82305;14456467791.10
202540;4;3;2;2534;49270590.22
202540;4;3;3;62;1583729.05
202540;4;3;6;2;57845.81
202540;4;4;2;206;31740039.36
202540;4;5;2;206;31740039.36
202540;5;1;2;858928;43237902214.22
202540;5;1;3;3116;348167949.52
202540;5;2;2;1826873;50218293506.14
202540;5;3;2;43153;653865486.76
202540;5;3;3;1461;27803285.56
202540;5;3;6;52;3343655.65
202540;5;3;7;2;91170
202540;5;4;2;853;64612445.84
202540;5;5;2;853;64612445.84
202540;6;2;2;3;200000000
202540;6;3;2;8766;184820791.40
202540;6;3;3;400;11065934.47
202540;6;3;6;63;1890519.05
202540;6;3;7;1;35200
202540;8;1;2;76;205862154.43
202540;8;1;3;3;96581021.83
202540;8;2;2;565;217854984.70
202540;9;1;2;3695;44566686.30
202540;9;1;3;12;114250
202540;9;2;2;9405;106391292.12
202540;9;3;2;919;25888219.62
202540;9;3;3;18;973576
202540;9;3;6;15;442.50
202540;9;3;7;2;4
202540;9;4;2;52;2030473
202540;9;5;2;52;2030473
202540;9;7;2;9468;33707169
202540;11;1;3;1;4000
202540;13;1;2;874;117881886.17
202540;13;2;2;46;17900697.30
202540;13;3;2;2;9400
202540;13;4;2;7;963700.42
202540;13;5;2;7;963700.42
202540;14;1;2;473;233032142.30
202540;14;1;3;11;725848.74
202540;14;2;2;788;237098052
202540;14;3;2;30;525701.19
202540;14;3;3;1;14300
202540;14;4;2;1436;291035685.97
202540;14;5;2;1436;291035685.97
202540;15;1;2;2605;1031827273.60
202540;15;1;3;33;37593254.96
202540;15;2;2;3124;1120480468.32
202540;15;3;2;6;9140
202540;15;4;2;1894;1010530026.55
202540;15;5;2;1894;1010530026.55
202540;16;1;2;10;27901.98
202540;16;2;2;3;5027456
202540;16;3;2;127;4108276.30
202540;16;3;3;7;253573.10
202540;16;3;6;1;21332.46
202540;18;2;2;370;243287780.61
202540;18;3;2;11504;253246646.77
202540;18;3;3;215;22287689.66
202540;18;3;6;26;1107992.30
202540;19;1;2;10;1569271.84
202540;19;2;2;46;6083900
202540;20;1;2;114;17521171.69
202540;20;2;2;121;10844159.89
202540;20;9;2;43;6197809.71
202540;20;9;5;35;3424890.91
202540;20;10;2;72;11059.87
202540;22;1;2;2;183939.30
202540;22;1;3;2;367878.60
202540;22;2;2;1;183939.30
202540;24;1;2;33267;8153950167.30
202540;24;1;3;1415;5256966217.56
202540;24;2;2;41685;9627772272.80
202540;24;3;2;2513;37530610.36
202540;24;3;3;92;1222111.60
202540;24;3;6;6;821839.95
202540;24;3;7;1;1600
202540;24;4;2;14200;1152802548.05
202540;24;5;2;14200;1152802548.05
202540;25;1;2;14;1013
202540;25;2;2;14;1513
202540;25;4;2;1;500
202540;25;5;2;1;500
202540;28;1;2;8;60492098.83
202540;28;2;2;239;37125825.96
202540;29;3;2;9;153161.70
202540;30;1;2;3;10418993.88
202540;30;2;2;49;8809190.84
202540;30;4;2;6;10853288.06
202540;30;5;2;6;10853288.06
202540;31;1;2;9;538.90
202540;31;2;2;5;582.95
202540;31;14;2;17;187.20
202540;31;14;3;10;91
202540;32;1;2;2;55279.64
202540;32;2;2;3;200198.06
202540;32;3;2;1;100
202540;32;4;2;6;754.80
202540;32;5;2;6;754.80
202540;33;9;2;2;36000
202540;33;9;3;3;50000
202541;4;1;2;40507;8053356715.90
202541;4;1;3;641;55690258.13
202541;4;2;2;81116;13664353844.63
202541;4;3;2;2535;51707259.29
202541;4;3;3;110;2040137.44
202541;4;3;6;2;101807.70
202541;4;4;2;224;26929903.60
202541;4;5;2;224;26929903.60
202541;5;1;2;915926;46904361045.12
202541;5;1;3;13533;662221273.70
202541;5;2;2;1946802;55168447468.41
202541;5;3;2;48418;809973810.32
202541;5;3;3;2538;46139615.33
202541;5;3;6;48;2007613.30
202541;5;3;7;1;63157
202541;5;4;2;855;64031952.11
202541;5;5;2;855;64031952.11
202541;6;2;2;3;225000000
202541;6;3;2;9988;233423377.26
202541;6;3;3;878;23992793.90
202541;6;3;6;86;2807347.73
202541;6;3;7;1;49066.89
202541;8;1;2;13;86738876.73
202541;8;1;3;6;63524854.66
202541;8;2;2;492;31207678.03
202541;9;1;2;3716;46221241.09
202541;9;1;3;70;1539921.31
202541;9;2;2;9474;106600225.68
202541;9;3;2;839;30868299
202541;9;3;3;36;4277380.02
202541;9;4;2;69;1914020.60
202541;9;5;2;69;1914020.60
202541;9;7;2;9836;35583970
202541;11;1;3;1;4800
202541;13;1;2;1288;143761313.55
202541;13;1;3;37;4202297.65
202541;13;2;2;79;24284273.87
202541;13;3;2;5;72500
202541;13;4;2;5;1152000
202541;13;5;2;5;1152000
202541;14;1;2;390;391403857.35
202541;14;1;3;10;327700.13
202541;14;2;2;604;378508773.10
202541;14;3;2;38;519532.32
202541;14;3;3;1;7000
202541;14;4;2;1086;406272022.25
202541;14;5;2;1086;406272022.25
202541;15;1;2;1716;663199977.82
202541;15;1;3;47;14677460.82
202541;15;2;2;1841;604893837.03
202541;15;3;2;9;88600
202541;15;4;2;1625;671934889.39
202541;15;5;2;1625;671934889.39
202541;15;14;2;1;1000
202541;16;1;2;2;26754.99
202541;16;2;2;2;5013956
202541;16;3;2;93;5038943.22
202541;16;3;3;5;188290.88
202541;16;3;6;1;74945.70
202541;18;2;2;369;307656097.63
202541;18;3;2;13168;303690627.32
202541;18;3;3;548;16176859.36
202541;18;3;6;24;1139265.93
202541;18;3;7;1;69689.89
202541;19;1;2;6;1716439.16
202541;19;2;2;18;3227901
202541;19;4;2;1;1500
202541;19;5;2;1;1500
202541;20;1;2;96;9576132.52
202541;20;1;3;2;1581382.49
202541;20;2;2;157;12148048.45
202541;20;9;2;81;6783327.95
202541;20;9;5;35;3329573.33
202541;20;10;2;58;6243.78
202541;24;1;2;55516;11123238026.85
202541;24;1;3;2426;4039296006.53
202541;24;2;2;52325;9857337233.61
202541;24;3;2;3582;58268277.86
202541;24;3;3;226;5761624.38
202541;24;3;6;14;1264415.28
202541;24;4;2;36545;5994721523.44
202541;24;5;2;36545;5994721523.44
202541;25;1;2;1;1
202541;25;2;2;1;1
202541;28;1;2;4;39086249.35
202541;28;2;2;184;33834037.13
202541;29;2;2;1;1250000
202541;29;3;2;11;220818
202541;30;1;2;4;7415793.12
202541;30;2;2;46;5021853
202541;30;4;2;9;7123618.10
202541;30;5;2;9;7123618.10
202541;31;1;2;5;24.66
202541;31;2;2;4;3945.97
202541;31;14;2;19;10273.08
202541;31;14;3;7;27019
202541;32;1;2;3;2150
202541;32;1;3;1;10246
202541;32;2;2;4;3810.12
202541;32;3;2;4;80320
202541;32;4;2;15;5383.75
202541;32;5;2;15;5383.75
202541;33;1;2;2;200
202541;33;2;2;1;32
202541;33;4;2;5;31001.04
202541;33;5;2;5;31001.04
202541;33;9;2;2;40000
202541;40;2;2;1;5000000
202541;40;3;2;17;314950.55
202541;40;3;3;1;2600
202542;3;1;2;2;2
202542;3;2;2;1;4
202542;3;3;2;8;21.80
202542;3;3;6;2;8.80
202542;4;1;2;43826;9142224505.83
202542;4;1;3;67;10638240.79
202542;4;2;2;74680;13694401406.97
202542;4;3;2;2922;48457759.97
202542;4;3;3;63;1367613.19
202542;4;3;6;2;80447
202542;4;4;2;218;32257873.58
202542;4;5;2;218;32257873.58
202542;5;1;2;905319;40339647596.05
202542;5;1;3;2786;178524830.75
202542;5;2;2;1911506;54723075967.04
202542;5;3;2;50693;820021440.16
202542;5;3;3;1413;21944966.61
202542;5;3;6;37;1700924.80
202542;5;3;7;2;26875
202542;5;4;2;1011;83618756.28
202542;5;5;2;1011;83618756.28
202542;6;2;2;3;270000000
202542;6;3;2;11649;263458609.44
202542;6;3;3;546;16368084.08
202542;6;3;6;83;2633578.59
202542;8;1;2;67;22860368.90
202542;8;1;3;18;47729954.99
202542;8;2;2;354;27921347
202542;9;1;2;3701;42873335.70
202542;9;1;3;8;96650
202542;9;2;2;9402;84567691.06
202542;9;3;2;818;9675845.33
202542;9;3;3;3;13350
202542;9;3;6;4;2696
202542;9;3;7;1;2
202542;9;4;2;47;904701
202542;9;5;2;47;904701
202542;9;7;2;9930;35610498
202542;9;13;2;1;100
202542;11;1;3;1;10000
202542;11;2;2;2;10000
202542;13;1;2;1369;141795012.68
202542;13;1;3;1;378981
202542;13;2;2;58;44097918.11
202542;13;3;2;2;82982.50
202542;13;4;2;7;2057000
202542;13;5;2;7;2057000
202542;14;1;2;520;816315580.41
202542;14;1;3;6;97338.02
202542;14;2;2;920;824887093.65
202542;14;3;2;26;612791.28
202542;14;4;2;1501;863328499.73
202542;14;5;2;1501;863328499.73
202542;15;1;2;1542;460024799.10
202542;15;1;3;2;869982.24
202542;15;2;2;1338;448433954.19
202542;15;4;2;1804;516872631.33
202542;15;5;2;1804;516872631.33
202542;16;1;2;1;7500
202542;16;2;2;2;12001456
202542;16;3;2;130;5599439.29
202542;16;3;3;5;177226.60
202542;18;2;2;1208;660734059.64
202542;18;3;2;26362;673671175.14
202542;18;3;3;200;10973795.21
202542;18;3;6;61;1779122.09
202542;19;1;2;11;35791794.69
202542;19;2;2;12;1270700
202542;20;1;2;124;15272317.24
202542;20;1;3;2;155430
202542;20;2;2;179;13053379.41
202542;20;9;2;96;10382683.11
202542;20;9;5;6;57300
202542;20;10;2;54;8981.13
202542;24;1;2;79992;14023011725.62
202542;24;1;3;1256;3575588883.37
202542;24;2;2;71730;13719111550.59
202542;24;3;2;6486;98135608.64
202542;24;3;3;122;1542876.18
202542;24;3;6;17;441772.29
202542;24;3;7;1;14300
202542;24;4;2;50128;15023386938.69
202542;24;5;2;50128;15023386938.69
202542;28;1;2;5;135839882.30
202542;28;2;2;275;168463488.35
202542;29;2;2;1;1500000
202542;29;3;2;9;69272.81
202542;30;1;2;5;5347108.89
202542;30;2;2;56;8399219.29
202542;30;4;2;7;7436267.15
202542;30;5;2;7;7436267.15
202542;31;1;2;77;2270013.51
202542;31;2;2;11;4089441.45
202542;31;14;2;53;300913.20
202542;31;14;3;2;14400
202542;32;1;2;3;91200
202542;32;2;2;1;1594.41
202542;32;3;2;6;2710
202542;32;4;2;3;917.94
202542;32;5;2;3;917.94
202542;33;4;2;5;29022
202542;33;5;2;5;29022
202542;33;9;3;4;72000
202542;33;9;5;1;16000
202542;40;2;2;1;10000000
202542;40;3;2;31;593590.40
202542;40;3;3;1;5500
202543;3;1;2;1;1
202543;3;2;2;1;14.85
202543;3;3;2;18;56
202543;3;3;6;4;17.60
202543;4;1;2;40199;7767701653.85
202543;4;1;3;162;88941828.29
202543;4;2;2;57237;9775956739.57
202543;4;3;2;2723;47853286.28
202543;4;3;3;77;1705507.66
202543;4;3;6;5;149991.36
202543;4;3;7;1;200000
202543;4;4;2;218;13171707.34
202543;4;5;2;218;13171707.34
202543;5;1;2;889540;47013908251.08
202543;5;1;3;3223;295596744.27
202543;5;2;2;1868351;51302300101.14
202543;5;3;2;53604;859305420.22
202543;5;3;3;1952;35563756.03
202543;5;3;5;1;13000
202543;5;3;6;106;1782095.39
202543;5;3;7;3;127000
202543;5;4;2;931;80696978.48
202543;5;5;2;931;80696978.48
202543;6;2;2;2;200000000
202543;6;3;2;9810;206252355.79
202543;6;3;3;453;11882179.69
202543;6;3;6;85;1923467.10
202543;6;3;7;1;53171.50
202543;8;1;2;19;17620949.18
202543;8;1;3;3;7900675.79
202543;8;2;2;84;20780056.01
202543;9;1;2;3826;37625503.44
202543;9;1;3;14;83100.01
202543;9;2;2;9106;86032072.25
202543;9;3;2;810;14258870.34
202543;9;3;3;16;1717384.53
202543;9;3;6;1;12
202543;9;4;2;58;821428.95
202543;9;5;2;58;821428.95
202543;9;7;2;9818;35443340
202543;13;1;2;1430;170232569.39
202543;13;1;3;4;659538.40
202543;13;2;2;42;69214238.81
202543;13;3;2;6;113225
202543;13;4;2;33;33220700.43
202543;13;5;2;33;33220700.43
202543;14;1;2;528;423380052.16
202543;14;1;3;4;212000
202543;14;2;2;711;422019873.04
202543;14;3;2;35;393393.48
202543;14;3;3;2;8800
202543;14;4;2;1321;451281846.27
202543;14;5;2;1321;451281846.27
202543;15;1;2;1488;473917421.31
202543;15;2;2;1078;424391966.73
202543;15;3;2;36;256757.82
202543;15;3;3;8;21616.72
202543;15;4;2;1605;519685318.36
202543;15;5;2;1605;519685318.36
202543;15;14;2;2;999000
202543;16;1;2;2;6150
202543;16;2;2;1;38000
202543;16;3;2;198;6356435.62
202543;16;3;3;29;1105463.72
202543;18;2;2;552;402978242.05
202543;18;3;2;16383;368581474.41
202543;18;3;3;317;6883919.38
202543;18;3;6;61;1773246.93
202543;18;3;7;3;83000
202543;19;1;2;7;477037.58
202543;19;2;2;36;2134800
202543;20;1;2;95;13094012.98
202543;20;1;3;2;297237.60
202543;20;2;2;129;17770828.48
202543;20;9;2;56;7731351.51
202543;20;9;5;30;6495300.24
202543;20;10;2;61;6687.28
202543;24;1;2;92354;10224688960.20
202543;24;1;3;646;1883285100.16
202543;24;2;2;60510;8341901876.45
202543;24;3;2;9804;147320310.39
202543;24;3;3;229;3455315.38
202543;24;3;6;43;1349559.62
202543;24;3;7;1;28837.72
202543;25;1;2;2;14001
202543;25;2;2;2;23
202543;25;3;2;8;22
202543;25;14;2;8;16000
202543;28;1;2;3;70307125
202543;28;2;2;276;73358720.56
202543;29;3;2;11;130911.04
202543;30;1;2;1;2231277.42
202543;30;1;3;3;7016116.89
202543;30;2;2;15;1176446
202543;30;4;2;4;3816751.53
202543;30;5;2;4;3816751.53
202543;31;1;2;1;5000
202543;31;2;2;3;44.86
202543;31;14;2;4;6398.28
202543;32;1;2;4;88801
202543;32;2;2;2;40100
202543;32;4;2;4;988
202543;32;5;2;4;988
202543;33;4;2;5;5.50
202543;33;5;2;5;5.50
202543;40;3;2;163;4271183.09
202544;1;3;3;4;42.17
202544;3;1;2;2;2
202544;3;3;2;5;11.90
202544;3;3;6;1;4.40
202544;4;1;2;35913;7892906507.17
202544;4;1;3;142;29764939.46
202544;4;2;2;68838;12317106339.15
202544;4;3;2;2305;41925293.73
202544;4;3;3;57;2437366.54
202544;4;3;6;3;120208.50
202544;4;4;2;184;11225371.09
202544;4;5;2;184;11225371.09
202544;5;1;2;825713;46414629883.64
202544;5;1;3;5569;1458768546.49
202544;5;2;2;1761500;49707746037.11
202544;5;3;2;50420;775208755.74
202544;5;3;3;1771;32271586.60
202544;5;3;6;39;1097953.18
202544;5;3;7;1;12000
202544;5;4;2;918;81169571.91
202544;5;5;2;918;81169571.91
202544;6;2;2;2;200000000
202544;6;3;2;8395;171621474.24
202544;6;3;3;385;12137342.44
202544;6;3;6;78;2073293.68
202544;6;3;7;2;97055.64
202544;8;1;2;5;1753982.81
202544;8;2;2;52;5741516.49
202544;9;1;2;3862;31997920.83
202544;9;1;3;31;399428.87
202544;9;2;2;9106;81911375.47
202544;9;3;2;783;13880411.85
202544;9;3;3;22;2857797.64
202544;9;3;6;1;7100
202544;9;4;2;67;699256.80
202544;9;5;2;67;699256.80
202544;9;7;2;9881;35264069
202544;13;1;2;1178;109255749.72
202544;13;1;3;1;1
202544;13;2;2;34;56015904.80
202544;13;4;2;8;7255630.04
202544;13;5;2;8;7255630.04
202544;14;1;2;491;641648182.27
202544;14;1;3;6;272218.10
202544;14;2;2;702;652104451.44
202544;14;3;2;31;545512.15
202544;14;3;3;2;44800
202544;14;4;2;1280;697121244.31
202544;14;5;2;1280;697121244.31
202544;15;1;2;1795;324558641.28
202544;15;1;3;24;2323869.20
202544;15;2;2;1878;467356268.61
202544;15;3;2;39;425486.52
202544;15;4;2;1880;482120052.02
202544;15;5;2;1880;482120052.02
202544;16;1;2;6;8832.11
202544;16;2;2;8;5047956.55
202544;16;3;2;239;7373445.37
202544;16;3;3;7;380566.72
202544;16;4;2;2;2000
202544;16;5;2;2;2000
202544;18;2;2;478;368014443.24
202544;18;3;2;15401;348774324.96
202544;18;3;3;330;61674652.05
202544;18;3;6;23;1049974.23
202544;18;3;7;2;61148.92
202544;19;1;2;15;4211666.98
202544;19;2;2;20;2963601
202544;19;4;2;1;1
202544;19;5;2;1;1
202544;20;1;2;245;121466780.45
202544;20;1;3;6;2178098.78
202544;20;2;2;100;9401695.19
202544;20;9;2;44;3749673.41
202544;20;9;5;29;3326184.83
202544;20;10;2;227;82169.10
202544;22;2;2;1;4400
202544;24;1;2;93782;11995269678.36
202544;24;1;3;813;299457787.13
202544;24;2;2;74321;17434257271.94
202544;24;3;2;10920;165459431.09
202544;24;3;3;286;7123624.11
202544;24;3;6;8;630817.81
202544;24;3;7;2;76900
202544;25;1;2;33;11044
202544;25;2;2;28;38
202544;28;1;2;6;69675850
202544;28;2;2;262;67229017.84
202544;29;1;2;1;9.92
202544;29;3;2;9;374558.03
202544;29;3;3;3;38934
202544;30;1;2;3;2902646.29
202544;30;2;2;23;3386661.44
202544;30;4;2;4;1424600.39
202544;30;5;2;4;1424600.39
202544;31;2;2;3;42334.40
202544;32;1;2;12;294553.50
202544;32;2;2;1;750000
202544;32;3;2;2;29000
202544;32;4;2;2;763638
202544;32;5;2;2;763638
202544;33;1;2;2;2
202544;33;2;2;2;2001
202544;33;4;2;9;2111.11
202544;33;5;2;9;2111.11
202544;33;9;2;1;17000
202544;40;2;2;1;20000000
202544;40;3;2;650;18446100.15
202544;40;3;3;12;401010
202544;40;3;6;1;202400
202544;42;1;2;3;9.29
202544;42;2;2;5;24.60
202545;4;1;2;39073;5997571172.12
202545;4;1;3;267;35646885.94
202545;4;2;2;82520;12494392194.12
202545;4;3;2;2369;41753949.39
202545;4;3;3;61;1491458.38
202545;4;3;6;1;52142.38
202545;4;4;2;206;8986596.44
202545;4;5;2;206;8986596.44
202545;5;1;2;964418;52662575437.25
202545;5;1;3;6885;489706308.07
202545;5;2;2;2105613;63546146067.30
202545;5;3;2;53230;881847108.61
202545;5;3;3;2176;44687117.62
202545;5;3;6;40;2109169.07
202545;5;3;7;2;26078.81
202545;5;4;2;1053;108618894.40
202545;5;5;2;1053;108618894.40
202545;6;2;2;2;200000000
202545;6;3;2;9444;217593705.28
202545;6;3;3;561;16625949.83
202545;6;3;6;80;2335740.62
202545;8;1;2;3;517001
202545;8;2;2;130;4670171.80
202545;9;1;2;4306;49324965.01
202545;9;1;3;27;421141
202545;9;2;2;10068;107756594.72
202545;9;3;2;765;10047162.86
202545;9;3;3;10;1857727
202545;9;4;2;48;1078140
202545;9;5;2;48;1078140
202545;9;7;2;10364;37224530
202545;9;13;5;1;125
202545;13;1;2;1355;141369673.09
202545;13;2;2;30;28799769.61
202545;13;4;2;8;7539005
202545;13;5;2;8;7539005
202545;14;1;2;450;310502142.97
202545;14;1;3;11;1791713.17
202545;14;2;2;644;309918413.83
202545;14;3;2;27;463756.03
202545;14;3;3;1;15000
202545;14;4;2;1305;377203547.75
202545;14;5;2;1305;377203547.75
202545;15;1;2;1796;410333912.35
202545;15;1;3;15;3414439.92
202545;15;2;2;1642;341972988.98
202545;15;3;2;21;217349.03
202545;15;4;2;1731;475430773.99
202545;15;5;2;1731;475430773.99
202545;16;1;2;11;307800.99
202545;16;2;2;14;6419122
202545;16;3;2;169;5043146.57
202545;16;3;3;12;365668.60
202545;16;4;2;3;37350
202545;16;5;2;3;37350
202545;18;2;2;459;404732952.71
202545;18;3;2;16931;400800885.49
202545;18;3;3;471;16536239.42
202545;18;3;6;20;820300.27
202545;18;3;7;2;61772.77
202545;19;1;2;14;2109953.99
202545;19;2;2;10;2479600
202545;20;1;2;95;13957962.68
202545;20;1;3;1;5880.60
202545;20;2;2;170;18366625.88
202545;20;9;2;69;9414935.83
202545;20;9;5;48;2743016.95
202545;20;10;2;68;6187.14
202545;21;3;2;3;46
202545;24;1;2;137388;28168052255.94
202545;24;1;3;1017;392524607.37
202545;24;2;2;108002;24512967176.44
202545;24;3;2;13882;238703253.58
202545;24;3;3;358;7879241.39
202545;24;3;6;57;4621310.66
202545;24;3;7;2;70789.50
202545;25;1;2;15;25
202545;25;1;3;1;1
202545;25;2;2;10;10
202545;25;4;2;2;22074.49
202545;25;5;2;2;22074.49
202545;28;1;2;7;69591066
202545;28;2;2;271;104287114.44
202545;29;1;2;2;44558.02
202545;29;3;2;4;139891
202545;29;3;3;1;100500
202545;30;1;2;1;600
202545;30;2;2;11;3240668.24
202545;30;4;2;5;4976909.35
202545;30;5;2;5;4976909.35
202545;31;1;2;12;13600
202545;31;2;2;1;10
202545;31;14;2;2;10.10
202545;32;1;2;11;144603
202545;32;2;2;4;10170
202545;32;3;2;4;203510.66
202545;32;4;2;7;313
202545;32;5;2;7;313
202545;33;1;2;1;100
202545;33;1;3;3;4200
202545;33;2;2;6;72200
202545;33;4;2;8;800.04
202545;33;5;2;8;800.04
202545;33;9;2;2;37000
202545;33;9;5;1;21700
202545;33;10;2;1;10
202545;33;10;3;1;10000
202545;40;2;2;2;35000000
202545;40;3;2;1000;32745810.27
202545;40;3;3;27;555540.69
202545;40;3;6;2;9598.10
202545;40;3;7;2;28711.90
202545;42;1;2;7;100037
202545;42;1;3;1;1
202545;42;2;2;7;110117.43
202546;3;1;2;3;3
202546;3;1;3;1;1
202546;3;3;2;11;31.70
202546;3;3;3;4;4
202546;3;3;6;3;13.20
202546;4;1;2;39068;4962432843.96
202546;4;1;3;154;10248476.24
202546;4;2;2;71600;9339544183.85
202546;4;3;2;2309;44064741.71
202546;4;3;3;28;506829.07
202546;4;3;6;5;236093.03
202546;4;4;2;209;9480740.60
202546;4;5;2;209;9480740.60
202546;5;1;2;968849;47801347143.56
202546;5;1;3;4723;255175089.26
202546;5;2;2;2077575;57753133125.13
202546;5;3;2;59923;1012182456.48
202546;5;3;3;1382;28355748.81
202546;5;3;5;1;10000
202546;5;3;6;39;1170083.28
202546;5;3;7;1;2000
202546;5;4;2;1235;118282174.69
202546;5;5;2;1234;118252174.69
202546;6;2;2;2;230000000
202546;6;3;2;10712;241666046.84
202546;6;3;3;477;14226465.75
202546;6;3;6;58;1644566.99
202546;8;1;2;5;1053500
202546;8;1;3;9;5399500
202546;8;2;2;53;1565544.18
202546;9;1;2;4374;47365753.16
202546;9;1;3;26;209563.45
202546;9;2;2;10151;97242430.89
202546;9;3;2;858;13297967.05
202546;9;3;3;4;28827
202546;9;4;2;59;1167161
202546;9;5;2;59;1167161
202546;9;7;2;11103;39999349
202546;13;1;2;1205;116741028.65
202546;13;2;2;35;31758680.61
202546;13;3;2;3;61900
202546;13;3;3;1;21500
202546;13;4;2;11;17350000
202546;13;5;2;11;17350000
202546;14;1;2;453;339566242.70
202546;14;1;3;6;688384.38
202546;14;2;2;635;324029937.21
202546;14;3;2;20;292365.59
202546;14;4;2;1149;378552008.47
202546;14;5;2;1149;378552008.47
202546;15;1;2;1804;404819517.83
202546;15;1;3;8;113839.04
202546;15;2;2;1514;552334818.51
202546;15;3;2;30;664311.76
202546;15;4;2;1674;425435943.26
202546;15;5;2;1674;425435943.26
202546;16;1;2;5;51990
202546;16;2;2;5;5078956
202546;16;3;2;144;6049798.29
202546;16;3;3;9;196572.40
202546;16;4;2;1;5000
202546;16;5;2;1;5000
202546;18;2;2;493;405797276.23
202546;18;3;2;18309;417328319.36
202546;18;3;3;164;9665464.63
202546;18;3;5;1;8400
202546;18;3;6;23;2227539.80
202546;19;1;2;8;5614894.70
202546;19;1;3;1;942.65
202546;19;2;2;9;6091443
202546;20;1;2;101;15744321.92
202546;20;1;3;4;13394.75
202546;20;2;2;136;18907685.28
202546;20;9;2;52;3680535.35
202546;20;9;5;48;4226709.08
202546;20;10;2;54;3582.49
202546;21;3;2;4;60
202546;24;1;2;144137;16636854439.64
202546;24;1;3;579;45860370.65
202546;24;2;2;93056;14685155943.27
202546;24;3;2;15291;255995023.04
202546;24;3;3;232;7660338.33
202546;24;3;6;33;1176618.49
202546;27;1;2;6;2190
202546;27;2;2;13;20808900.95
202546;27;3;2;2;69800
202546;27;4;2;15;20875790.95
202546;27;5;2;15;20875790.95
202546;28;1;2;6;97757175
202546;28;2;2;270;70262873.58
202546;29;3;2;7;549594.79
202546;30;1;2;2;8801187.99
202546;30;2;2;25;3441975.99
202546;30;4;2;9;4164748.37
202546;30;5;2;9;4164748.37
202546;31;1;2;8;13344.23
202546;31;2;2;1;17
202546;31;14;2;5;12098.85
202546;31;14;3;1;1000
202546;32;1;2;9;131140
202546;32;2;2;3;200010
202546;32;3;2;2;85130
202546;32;4;2;8;2241
202546;32;5;2;8;2241
202546;33;2;2;4;21100
202546;33;4;2;10;6987.09
202546;33;5;2;10;6987.09
202546;33;9;2;1;16100
202546;33;9;5;1;20000
202546;40;2;2;2;35000000
202546;40;3;2;1130;33590975.59
202546;40;3;3;13;585219.77
202546;40;3;6;3;63837.71
202546;42;1;2;17;42875.93
202546;42;2;2;11;51351.19
202547;3;1;2;1;1
202547;3;3;2;25;80.20
202547;3;3;6;7;30.80
202547;4;1;2;33560;4142480547.66
202547;4;1;3;192;13680336.40
202547;4;2;2;51685;6386616463.39
202547;4;3;2;2198;37083835.61
202547;4;3;3;72;1729489.34
202547;4;3;6;3;115721.02
202547;4;4;2;218;14056065.31
202547;4;5;2;218;14056065.31
202547;5;1;2;919593;40621148847.24
202547;5;1;3;5836;299259955.09
202547;5;2;2;2026559;54156716468.94
202547;5;3;2;60937;1019859743.72
202547;5;3;3;1188;31326858.89
202547;5;3;6;39;1432356.33
202547;5;3;7;2;89719.28
202547;5;4;2;1111;102177341.40
202547;5;5;2;1111;102177341.40
202547;6;2;2;2;300000000
202547;6;3;2;10843;244574928.88
202547;6;3;3;459;13499553.15
202547;6;3;6;75;2288167.93
202547;6;3;7;1;32500
202547;9;1;2;4273;37770180.56
202547;9;1;3;36;487257.57
202547;9;2;2;10209;120858394.88
202547;9;3;2;841;13152649.03
202547;9;3;3;23;1690900
202547;9;3;5;1;9040
202547;9;4;2;63;483893.13
202547;9;5;2;63;483893.13
202547;9;7;2;10893;39603738
202547;13;1;2;1709;189127061.41
202547;13;2;2;32;85188541.26
202547;13;4;2;10;6156083
202547;13;5;2;10;6156083
202547;14;1;2;377;152702921.51
202547;14;1;3;8;150346.96
202547;14;2;2;560;192160592.55
202547;14;3;2;26;515035.22
202547;14;4;2;1023;229869222.88
202547;14;5;2;1023;229869222.88
202547;15;1;2;1530;355054517.71
202547;15;1;3;22;2537880.06
202547;15;2;2;1310;217079897.38
202547;15;3;2;55;1612783.50
202547;15;4;2;1357;424369140.18
202547;15;5;2;1357;424369140.18
202547;16;1;2;44;1344471
202547;16;2;2;25;10840274.49
202547;16;3;2;150;4845998.19
202547;16;3;3;2;82150
202547;16;3;6;2;18586.38
202547;18;2;2;528;419045050.81
202547;18;3;2;19090;417537387.65
202547;18;3;3;333;8099795.74
202547;18;3;6;14;2017950.17
202547;19;1;2;9;5665806.07
202547;19;2;2;59;7420900
202547;20;1;2;204;22793831.95
202547;20;1;3;9;752433.68
202547;20;2;2;267;25762813.02
202547;20;9;2;127;11997095.41
202547;20;9;5;27;860172.87
202547;20;10;2;23;378.76
202547;20;10;4;57;4077.80
202547;24;1;2;127144;12077340303.14
202547;24;1;3;1350;799328090.46
202547;24;2;2;81347;11943234692.67
202547;24;3;2;15257;256280967.45
202547;24;3;3;302;6646056.15
202547;24;3;6;27;1041167.72
202547;25;1;2;30;1034
202547;25;2;2;22;1145.01
202547;25;4;2;1;1123.01
202547;25;5;2;1;1123.01
202547;27;1;2;10;20941825.92
202547;27;2;2;14;3973589
202547;27;3;2;5;134615
202547;27;4;2;25;2418434
202547;27;5;2;25;2418434
202547;28;1;2;5;82192061.98
202547;28;2;2;229;70382668.69
202547;29;3;2;11;622716.37
202547;30;1;2;6;3213627.36
202547;30;2;2;25;3913441.68
202547;30;4;2;5;2945681.67
202547;30;5;2;5;2945681.67
202547;31;1;2;1;121
202547;31;14;2;2;171
202547;32;1;2;3;134270
202547;32;2;2;1;100000
202547;32;3;2;1;16600
202547;32;4;2;4;2342.70
202547;32;5;2;4;2342.70
202547;33;2;2;1;2000
202547;36;3;2;8;3550
202547;36;3;3;1;250
202547;36;3;6;1;2000
202547;37;1;2;1;10
202547;37;2;2;1;10
202547;40;2;2;2;35000000
202547;40;3;2;1264;32316937.08
202547;40;3;3;16;357946.01
202547;40;3;6;2;1002498
202547;42;1;2;2;503
202547;43;1;2;7;4560.50
202547;43;2;2;21;18019
202547;43;4;2;8;1310
202547;43;5;2;8;1310
202548;3;1;2;1;1
202548;3;2;2;1;31281098.12
202548;3;3;2;1;1
202548;4;1;2;31235;3362632460.72
202548;4;1;3;52;2025553.80
202548;4;2;2;63450;7901923921.78
202548;4;3;2;1926;32622366.95
202548;4;3;3;43;1298020.77
202548;4;3;6;3;146529.22
202548;4;4;2;179;10515617.46
202548;4;5;2;179;10515617.46
202548;5;1;2;890017;41107227797.67
202548;5;1;3;2855;195394438.39
202548;5;2;2;1945822;53977789241.34
202548;5;3;2;63527;1063570560.90
202548;5;3;3;1116;20929640.03
202548;5;3;5;2;278594.50
202548;5;3;6;52;1184969.54
202548;5;3;7;8;382904.63
202548;5;4;2;1073;101422321.47
202548;5;5;2;1073;101422321.47
202548;6;2;2;2;200000000
202548;6;3;2;10936;223534303.55
202548;6;3;3;491;13363606.68
202548;6;3;6;60;1660069.78
202548;9;1;2;4235;70596113.44
202548;9;1;3;14;79900
202548;9;2;2;10432;95359144.32
202548;9;3;2;891;12609655.60
202548;9;3;3;7;230978
202548;9;3;6;1;7000
202548;9;4;2;59;871976
202548;9;5;2;59;871976
202548;9;7;2;11126;41137627
202548;11;1;2;12;2700
202548;11;2;2;14;2900
202548;11;4;2;2;200
202548;11;5;2;2;200
202548;13;1;2;1504;142052556.29
202548;13;1;3;1;10000
202548;13;2;2;32;54370514.60
202548;13;4;2;2;200000
202548;13;5;2;2;200000
202548;14;1;2;470;220798566.62
202548;14;1;3;6;559042.18
202548;14;2;2;630;191749888.08
202548;14;3;2;41;714019.08
202548;14;3;3;2;30000
202548;14;4;2;1205;228557536.39
202548;14;5;2;1205;228557536.39
202548;15;1;2;1356;371593056.71
202548;15;1;3;11;2446110.24
202548;15;2;2;1160;380858868.71
202548;15;3;2;44;579442.96
202548;15;3;3;1;68600
202548;15;4;2;1170;273718748.17
202548;15;5;2;1170;273718748.17
202548;16;1;2;31;404237.99
202548;16;1;3;3;180000
202548;16;2;2;13;294982.08
202548;16;3;2;181;5362039.78
202548;16;3;3;15;345696.30
202548;16;4;2;1;1000
202548;16;5;2;1;1000
202548;18;2;2;663;472878471.93
202548;18;3;2;20284;460744338.81
202548;18;3;3;263;25225970.72
202548;18;3;6;17;1411278.04
202548;18;3;7;1;14963.10
202548;19;1;2;14;7337822.22
202548;19;2;2;11;7718088
202548;20;1;2;164;10364199.38
202548;20;2;2;196;21301578.91
202548;20;9;2;67;13503123.22
202548;20;9;5;33;2700101
202548;20;10;2;34;897.44
202548;20;10;4;39;2786.99
202548;24;1;2;129829;15530889702.05
202548;24;1;3;790;704449138.24
202548;24;2;2;86515;17419353262.19
202548;24;3;2;16316;269639621.72
202548;24;3;3;303;7078239.83
202548;24;3;5;1;28400
202548;24;3;6;27;2002932.74
202548;24;3;7;2;45549.76
202548;25;2;2;1;0.10
202548;27;1;2;19;1993860
202548;27;2;2;20;5124146
202548;27;3;2;9;236036.60
202548;27;4;2;42;6999042.60
202548;27;5;2;42;6999042.60
202548;28;1;2;6;53036678
202548;28;2;2;237;79084406.24
202548;29;1;2;1;1.98
202548;29;3;2;9;162295
202548;30;1;2;4;3970771.69
202548;30;2;2;13;3049510
202548;30;4;2;9;4194740.13
202548;30;5;2;9;4194740.13
202548;31;1;2;3;1100.11
202548;31;2;2;4;1221.74
202548;31;14;2;2;1249
202548;32;1;2;1;100
202548;32;1;3;1;7590
202548;32;2;2;2;22.77
202548;32;4;2;1;100
202548;32;5;2;1;100
202548;33;2;2;1;10000
202548;33;4;2;6;16800.15
202548;33;5;2;6;16800.15
202548;40;2;2;1;20000000
202548;40;3;2;1277;35237962.29
202548;40;3;3;20;875528.96
202548;43;1;2;10;132651
202548;43;2;2;29;341120.34
202548;43;3;2;11;70098
202548;43;3;6;1;650
202548;43;4;2;8;11100
202548;43;5;2;8;11100
202549;3;1;2;2;2
202549;3;3;2;2;2
202549;4;1;2;34969;4520859756.97
202549;4;1;3;325;39440542.27
202549;4;2;2;78413;11455102225.94
202549;4;3;2;1977;39957009.81
202549;4;3;3;80;1378564.83
202549;4;3;6;4;294217.34
202549;4;3;7;1;69890.26
202549;4;4;2;203;24935804.08
202549;4;5;2;203;24935804.08
202549;5;1;2;1045064;61093085724.20
202549;5;1;3;8998;601933823.53
202549;5;2;2;2309751;72543189298.73
202549;5;3;2;71049;1277455077.39
202549;5;3;3;3318;75382885.84
202549;5;3;6;56;2532030.86
202549;5;3;7;2;28975
202549;5;4;2;1426;144121991.95
202549;5;5;2;1426;144121991.95
202549;6;2;2;2;300000000
202549;6;3;2;14698;305578467.41
202549;6;3;3;1163;30322990.58
202549;6;3;6;92;2704361.53
202549;6;3;7;1;12670
202549;9;1;2;4280;47176272.52
202549;9;1;3;52;586573.32
202549;9;2;2;10618;117417238.05
202549;9;3;2;808;22416251.47
202549;9;3;3;28;150865.01
202549;9;4;2;86;1953590
202549;9;5;2;86;1953590
202549;9;7;2;11297;40166486
202549;13;1;2;1137;110803836.27
202549;13;1;3;5;1884245.10
202549;13;2;2;35;36978133.50
202549;13;3;2;2;50991.11
202549;13;4;2;5;227000.96
202549;13;5;2;5;227000.96
202549;14;1;2;499;416257160.69
202549;14;1;3;2;853311.47
202549;14;2;2;550;408385198.57
202549;14;3;2;27;485162.54
202549;14;3;3;2;59730.96
202549;14;4;2;1184;484517363.33
202549;14;5;2;1184;484517363.33
202549;15;1;2;1260;346827399.76
202549;15;1;3;10;355772.55
202549;15;2;2;1237;289753172.92
202549;15;3;2;32;397426.55
202549;15;4;2;1536;404712729.28
202549;15;5;2;1536;404712729.28
202549;16;1;2;50;1950461.98
202549;16;2;2;39;12293087.48
202549;16;3;2;116;3385518.26
202549;16;3;3;33;602495.66
202549;16;4;2;9;16222
202549;16;5;2;9;16222
202549;18;2;2;783;481663947.04
202549;18;3;2;21114;488523585.87
202549;18;3;3;991;26937862.36
202549;18;3;5;3;53892
202549;18;3;6;28;532575.39
202549;18;3;7;3;210892.73
202549;19;1;2;20;14092893.94
202549;19;1;3;1;91885.08
202549;19;2;2;11;9379019.64
202549;20;1;2;200;24449595.72
202549;20;1;3;2;2805913
202549;20;2;2;218;12718273.80
202549;20;9;2;62;5452796
202549;20;9;5;35;1448167.06
202549;20;10;2;83;12153.37
202549;24;1;2;163013;33143691327.75
202549;24;1;3;1674;334881305.74
202549;24;2;2;130876;33677907495.31
202549;24;3;2;17965;323617170.12
202549;24;3;3;1026;29821369.41
202549;24;3;6;32;1968735.46
202549;24;3;7;3;122654.27
202549;25;1;2;2;2
202549;25;2;2;2;1.90
202549;27;1;2;28;1675840
202549;27;2;2;19;1725246
202549;27;3;2;19;383339.68
202549;27;3;3;4;117350.68
202549;27;4;2;64;3384173.36
202549;27;5;2;64;3384173.36
202549;28;1;2;5;86746713
202549;28;2;2;342;107142764.92
202549;29;2;2;3;1000000
202549;29;3;2;17;650865.85
202549;30;1;2;4;438406.72
202549;30;2;2;29;2143984
202549;30;4;2;2;756713
202549;30;5;2;2;756713
202549;31;1;2;85;4245852
202549;31;2;2;8;1128001.62
202549;31;14;2;60;3912108.72
202549;31;14;3;13;90586.18
202549;32;1;2;4;1464
202549;32;2;2;2;30.06
202549;32;3;2;1;11440
202549;32;4;2;1;0.10
202549;32;5;2;1;0.10
202549;33;2;2;1;30000
202549;33;4;2;2;0.02
202549;33;5;2;2;0.02
202549;33;9;2;2;48000
202549;34;2;2;2;2500
202549;34;9;2;2;2500
202549;34;9;3;1;1500
202549;36;3;2;1;3600
202549;37;1;2;3;60.49
202549;37;2;2;7;26.04
202549;40;2;2;2;65000000
202549;40;3;2;1294;33172633.59
202549;40;3;3;207;3635558.73
202549;40;3;6;1;180
202549;42;1;2;6;7226626
202549;42;1;3;1;2000000
202549;42;2;2;3;7250006
202549;43;1;2;19;287497.93
202549;43;2;2;43;620029
202549;43;3;2;10;118700.05
202549;43;4;2;3;3100.11
202549;43;5;2;3;3100.11
202550;3;1;2;1;1
202550;3;1;3;2;62562196.24
202550;3;2;2;1;1
202550;4;1;2;35366;4376259382.19
202550;4;1;3;186;18702018.08
202550;4;2;2;62488;7898423591.68
202550;4;3;2;1965;46584548.81
202550;4;3;3;135;4793490.12
202550;4;3;6;1;7000
202550;4;4;2;193;23623494.94
202550;4;5;2;193;23623494.94
202550;5;1;2;1051536;55744743506.24
202550;5;1;3;5144;343406317.81
202550;5;2;2;2313829;68257078409.44
202550;5;3;2;72636;1346689183.16
202550;5;3;3;3523;75326692.94
202550;5;3;5;1;8606.40
202550;5;3;6;60;2540738.81
202550;5;3;7;1;84000
202550;5;4;2;1239;100987018.84
202550;5;5;2;1239;100987018.84
202550;6;2;2;3;423000000
202550;6;3;2;15257;330533754.70
202550;6;3;3;1498;37012845.63
202550;6;3;6;92;2332401.92
202550;6;3;7;2;51575.50
202550;9;1;2;4455;82804623.95
202550;9;1;3;18;31428898.12
202550;9;2;2;10813;110216661.99
202550;9;3;2;808;11094891.20
202550;9;3;3;65;2841028.48
202550;9;4;2;77;1459750
202550;9;5;2;77;1459750
202550;9;7;2;11578;42141793
202550;13;1;2;1369;129381068.02
202550;13;1;3;6;1125287.12
202550;13;2;2;18;26810200
202550;13;4;2;7;462813.45
202550;13;5;2;7;462813.45
202550;14;1;2;390;136759303.25
202550;14;1;3;3;1100000
202550;14;2;2;390;134365835.36
202550;14;3;2;38;697096.54
202550;14;3;3;3;37826.17
202550;14;4;2;863;177256398.42
202550;14;5;2;863;177256398.42
202550;15;1;2;1411;316044430.91
202550;15;1;3;6;1440529.87
202550;15;2;2;1341;374256242.14
202550;15;3;2;29;537787.20
202550;15;3;3;1;1
202550;15;3;6;5;1175
202550;15;4;2;1222;353344964.08
202550;15;5;2;1222;353344964.08
202550;15;14;2;2;1677534.97
202550;16;1;2;382;19495658.67
202550;16;1;3;2;347800
202550;16;2;2;407;17642181.91
202550;16;3;2;132;5948660.68
202550;16;3;3;11;114846.35
202550;16;4;2;1;18555
202550;16;5;2;1;18555
202550;18;2;2;925;487213173.88
202550;18;3;2;19307;499212524.86
202550;18;3;3;1049;26964041.53
202550;18;3;5;2;223241.81
202550;18;3;6;28;1217085.19
202550;18;3;7;4;198918.09
202550;19;1;2;23;11843695.53
202550;19;2;2;14;13069101
202550;19;4;2;10;17.51
202550;19;5;2;10;17.51
202550;20;1;2;108;12130450
202550;20;1;3;1;190.47
202550;20;2;2;120;4667033.24
202550;20;9;2;29;656553
202550;20;9;5;17;308844
202550;20;10;2;38;5786.90
202550;24;1;2;183377;21908071285.50
202550;24;1;3;1172;1327193608.80
202550;24;2;2;120387;18087507294.76
202550;24;3;2;20150;395673472.16
202550;24;3;3;1159;23898681.70
202550;24;3;5;1;15000
202550;24;3;6;28;876990.29
202550;24;3;7;2;87407.83
202550;27;1;2;35;2813619
202550;27;2;2;29;2845600
202550;27;3;2;23;729126.57
202550;27;4;2;81;6925499.25
202550;27;5;2;81;6925499.25
202550;28;1;2;9;97833240
202550;28;2;2;259;127807318.69
202550;29;1;2;1;0.99
202550;29;2;2;1;500000
202550;29;3;2;6;713673.04
202550;29;3;3;1;800
202550;30;1;2;5;7506144.16
202550;30;2;2;28;6052099.18
202550;30;4;2;5;7234675.32
202550;30;5;2;5;7234675.32
202550;31;1;2;5;3422
202550;31;2;2;3;76409.75
202550;31;14;2;8;4022.78
202550;31;14;3;4;160772.34
202550;32;1;2;5;139800
202550;32;2;2;3;220000
202550;32;4;2;5;3210
202550;32;5;2;5;3210
202550;33;4;2;2;0.02
202550;33;5;2;2;0.02
202550;33;10;2;1;10
202550;34;2;2;4;6100
202550;34;9;2;3;5082.21
202550;34;9;3;1;1582.77
202550;36;3;2;13;312587.15
202550;37;1;2;5;26869
202550;37;2;2;6;32002
202550;40;2;2;1;40000000
202550;40;3;2;1520;41335767.63
202550;40;3;3;99;2696074.69
202550;42;1;2;4;445152
202550;42;2;2;3;450007
202550;43;1;2;21;414061
202550;43;2;2;33;793302.80
202550;43;3;2;23;358195
202550;43;3;3;2;22330
202550;43;4;2;7;28201.01
202550;43;5;2;7;28201.01
202551;3;1;2;1;1
202551;3;3;2;7;20.80
202551;3;3;6;2;8.80
202551;4;1;2;33377;4008827744.47
202551;4;1;3;304;92398226.66
202551;4;2;2;59417;7909968543.97
202551;4;3;2;2052;41387008.15
202551;4;3;3;57;3821643.14
202551;4;3;6;3;129135.79
202551;4;4;2;175;14034129.76
202551;4;5;2;175;14034129.76
202551;5;1;2;1072077;62052504098.35
202551;5;1;3;10273;567259197.77
202551;5;2;2;2400843;76130840079.18
202551;5;3;2;80321;1574449697.29
202551;5;3;3;1568;36388183.68
202551;5;3;5;2;11200
202551;5;3;6;63;2556995.46
202551;5;3;7;7;768020.74
202551;5;4;2;1332;112954306.37
202551;5;5;2;1332;112954306.37
202551;6;2;2;2;400000000
202551;6;3;2;14979;340241737.03
202551;6;3;3;728;22744238.62
202551;6;3;5;1;10976.40
202551;6;3;6;75;2192710.30
202551;6;3;7;1;3000
202551;9;1;2;4413;52765326.77
202551;9;1;3;30;429100
202551;9;2;2;11400;114053632.40
202551;9;3;2;962;12382043.55
202551;9;3;3;16;790048.54
202551;9;3;6;2;23
202551;9;4;2;60;2053570
202551;9;5;2;60;2053570
202551;9;7;2;12429;44827191
202551;11;1;2;4;400
202551;11;2;2;2;400
202551;13;1;2;1094;120220242.68
202551;13;1;3;8;569541
202551;13;2;2;25;36711200
202551;13;4;2;1;1
202551;13;5;2;1;1
202551;14;1;2;441;227443654.02
202551;14;1;3;7;227540.04
202551;14;2;2;485;233372821.80
202551;14;3;2;16;295575.66
202551;14;3;6;1;200
202551;14;4;2;952;268709521.70
202551;14;5;2;952;268709521.70
202551;15;1;2;1100;249461020.74
202551;15;1;3;9;59527.39
202551;15;2;2;1002;298107377.45
202551;15;3;2;45;1851835.51
202551;15;4;2;1402;410509049.19
202551;15;5;2;1402;410509049.19
202551;16;1;2;1547;46471909.25
202551;16;1;3;11;176200
202551;16;2;2;2142;70178720.01
202551;16;3;2;428;19645790.31
202551;16;3;3;44;1831705.42
202551;16;4;2;21;2095316
202551;16;5;2;21;2095316
202551;16;14;2;1;100
202551;18;2;2;715;620354108.45
202551;18;3;2;21938;568350425.24
202551;18;3;3;476;21315237.34
202551;18;3;5;1;29500
202551;18;3;6;22;3678029.03
202551;18;3;7;3;260213.55
202551;19;1;2;29;145017148
202551;19;1;3;4;75091.91
202551;19;2;2;108;150220163.31
202551;20;1;2;102;18627375.65
202551;20;1;3;1;11
202551;20;2;2;117;21033551.69
202551;20;9;2;35;6936452
202551;20;9;5;30;2510242.06
202551;20;10;2;46;4274.46
202551;24;1;2;190928;29042810819.85
202551;24;1;3;1687;423177883.48
202551;24;2;2;147835;29772957831.62
202551;24;3;2;24089;529594949.34
202551;24;3;3;583;14531570.97
202551;24;3;6;63;8649787.50
202551;24;3;7;2;83874.05
202551;27;1;2;44;1616700
202551;27;1;3;2;45000
202551;27;2;2;16;1573803
202551;27;3;2;18;486641.76
202551;27;4;2;84;3914244.76
202551;27;5;2;84;3914244.76
202551;28;1;2;11;154832508.20
202551;28;2;2;310;98190462.50
202551;29;2;2;1;350000
202551;29;3;2;13;989844.11
202551;30;1;2;6;3389038.46
202551;30;2;2;31;4792347.09
202551;30;4;2;6;3553679.19
202551;30;5;2;6;3553679.19
202551;31;1;2;15;610270
202551;31;2;2;9;3863931.27
202551;31;14;2;9;1053695.42
202551;32;1;2;5;23134.50
202551;32;2;2;2;30000
202551;32;3;2;1;121300
202551;32;4;2;4;510.15
202551;32;5;2;4;510.15
202551;33;2;2;2;40000
202551;33;4;2;4;0.04
202551;33;5;2;4;0.04
202551;33;9;2;1;18000
202551;34;10;2;1;1
202551;36;3;2;8;265650.88
202551;36;3;3;5;248020
202551;37;1;2;7;15077.17
202551;37;2;2;7;38002
202551;40;2;2;1;50000000
202551;40;3;2;1632;50907725.62
202551;40;3;3;22;651772.59
202551;40;3;6;5;693796.80
202551;40;3;7;2;75641.01
202551;42;1;2;8;1219434
202551;42;2;2;3;1250025
202551;43;1;2;4;62198.88
202551;43;2;2;4;292000
202551;43;3;2;2;245400
202551;43;4;2;1;29000
202551;43;5;2;1;29000
202551;45;1;2;11;1234.05
202551;45;2;2;5;2202.80
202551;45;4;2;1;200
202551;45;5;2;1;200
202552;3;3;2;12;39.60
202552;3;3;6;2;8.80
202552;4;1;2;29007;4131103350.51
202552;4;1;3;114;34488871.74
202552;4;2;2;47173;6101500024.70
202552;4;3;2;1960;48129938.39
202552;4;3;3;34;729240.21
202552;4;3;6;1;3939
202552;4;4;2;116;13051299.50
202552;4;5;2;116;13051299.50
202552;5;1;2;1020104;65631699976.29
202552;5;1;3;4091;243355234.86
202552;5;2;2;2335394;71685523352.97
202552;5;3;2;76683;1634467728.80
202552;5;3;3;1250;33529732.81
202552;5;3;5;1;12000
202552;5;3;6;68;3261485.94
202552;5;3;7;5;509527.73
202552;5;4;2;1477;135772726.59
202552;5;5;2;1477;135772726.59
202552;6;2;2;8;396800000
202552;6;3;2;19314;485491770.65
202552;6;3;3;901;27880033.70
202552;6;3;5;1;7000
202552;6;3;6;111;3645384.57
202552;9;1;2;4237;47223570.94
202552;9;1;3;29;206149
202552;9;2;2;10538;103775371.35
202552;9;3;2;815;14205878.27
202552;9;3;3;12;932943.72
202552;9;4;2;63;1607280.18
202552;9;5;2;63;1607280.18
202552;9;7;2;11368;41750437
202552;13;1;2;1345;108598783
202552;13;2;2;48;39830564.64
202552;13;3;2;2;1092011.06
202552;13;4;2;1;2000000
202552;13;5;2;1;2000000
202552;14;1;2;315;196909510.30
202552;14;1;3;5;651500
202552;14;2;2;523;210288221.64
202552;14;3;2;38;941368.42
202552;14;4;2;914;242279494.54
202552;14;5;2;914;242279494.54
202552;15;1;2;855;133018316.40
202552;15;1;3;7;1115692.14
202552;15;2;2;971;271218780.52
202552;15;3;2;19;334742.43
202552;15;3;3;2;58603.04
202552;15;4;2;1218;291370725.19
202552;15;5;2;1218;291370725.19
202552;16;1;2;2443;64151079.25
202552;16;1;3;208;9810560
202552;16;2;2;2046;56334460.36
202552;16;3;2;662;27634096.70
202552;16;3;3;123;5098002.89
202552;16;3;6;3;260000
202552;16;3;7;1;110
202552;16;4;2;15;726500
202552;16;5;2;15;726500
202552;16;14;2;8;8400
202552;16;14;3;2;1010
202552;18;2;2;897;901778083.58
202552;18;3;2;28701;858857356.16
202552;18;3;3;359;24473026.40
202552;18;3;6;36;2571305.30
202552;18;3;7;3;246892.47
202552;19;1;2;17;8586831.05
202552;19;1;3;1;1000
202552;19;2;2;42;10461073
202552;19;4;2;1;3914
202552;19;5;2;1;3914
202552;20;1;2;109;6808556
202552;20;1;3;3;22023.87
202552;20;2;2;119;4661682.33
202552;20;9;2;12;148050
202552;20;9;5;18;1859800
202552;20;10;2;29;1787.44
202552;24;1;2;180942;20399287963.30
202552;24;1;3;810;676275092.90
202552;24;2;2;125335;20353343433.38
202552;24;3;2;26117;558125515.63
202552;24;3;3;454;15544214.39
202552;24;3;6;40;2304681.47
202552;24;3;7;5;253491.34
202552;27;1;2;22;318000
202552;27;2;2;9;1045600
202552;27;3;2;16;1180707.40
202552;27;4;2;45;2583673.40
202552;27;5;2;45;2583673.40
202552;28;1;2;6;83092465
202552;28;2;2;218;76563192.13
202552;29;1;2;3;30.74
202552;29;2;2;4;2500000
202552;29;3;2;9;2075794.45
202552;30;1;2;5;14368740.16
202552;30;2;2;39;14063336.71
202552;30;4;2;12;14211591.06
202552;30;5;2;12;14211591.06
202552;31;1;2;3;14000
202552;31;2;2;3;1850155.74
202552;31;14;2;2;416163.91
202552;32;1;2;8;239325
202552;32;1;3;4;488500
202552;32;2;2;3;800019.39
202552;32;3;2;2;46600
202552;32;4;2;2;750
202552;32;5;2;2;750
202552;33;2;2;1;25000
202552;33;4;2;7;0.07
202552;33;5;2;7;0.07
202552;34;9;2;1;4021.53
202552;34;10;2;1;1
202552;36;3;2;2;35500
202552;37;1;2;9;61437.75
202552;37;2;2;18;151629
202552;40;2;2;2;50002000
202552;40;3;2;1695;58663346.14
202552;40;3;3;26;1202883.04
202552;40;3;6;1;7384
202552;40;3;7;1;18575.95
202552;42;1;2;2;5000.12
202552;42;2;2;3;255100
202552;43;1;2;6;149800
202552;43;2;2;19;310955
202552;43;3;2;4;57439
202552;43;4;2;3;128000
202552;43;5;2;3;128000
202601;3;1;2;2;2
202601;3;2;2;2;2
202601;3;3;2;8;21.80
202601;3;3;6;2;8.80
202601;4;1;2;29132;7261657484.02
202601;4;1;3;105;12962865.79
202601;4;2;2;67653;12882702150.30
202601;4;3;2;1798;41784775.28
202601;4;3;3;41;1159748.47
202601;4;3;6;2;34049.50
202601;4;4;2;196;32308488.37
202601;4;5;2;196;32308488.37
202601;5;1;2;966552;68116034071.38
202601;5;1;3;3718;239438545.05
202601;5;2;2;2263682;76002000084.96
202601;5;3;2;74901;1544211926.87
202601;5;3;3;1720;87781368.53
202601;5;3;5;1;16500
202601;5;3;6;92;2182180.77
202601;5;3;7;4;198168.60
202601;5;4;2;1496;156779534.89
202601;5;5;2;1496;156779534.89
202601;6;2;2;2;400000000
202601;6;3;2;16000;360027495.68
202601;6;3;3;663;19991757.96
202601;6;3;6;113;3570167.05
202601;6;3;7;2;87000
202601;9;1;2;4097;41414392.95
202601;9;1;3;13;137180.14
202601;9;2;2;10681;98522450.95
202601;9;3;2;815;11511732.21
202601;9;3;3;6;28200
202601;9;4;2;54;763100
202601;9;5;2;54;763100
202601;9;7;2;11323;44268681
202601;13;1;2;1846;158824771.40
202601;13;1;3;6;200700
202601;13;2;2;78;48721861.70
202601;13;3;2;3;146251.10
202601;13;4;2;3;7510000
202601;13;5;2;3;7510000
202601;14;1;2;341;688429999.09
202601;14;1;3;12;1436302.58
202601;14;2;2;769;674697157.30
202601;14;3;2;34;504305.81
202601;14;3;3;1;10578
202601;14;4;2;1165;704986420.78
202601;14;5;2;1165;704986420.78
202601;15;1;2;866;214743047.08
202601;15;1;3;4;57604.82
202601;15;2;2;799;324904355.25
202601;15;3;2;12;190946.87
202601;15;4;2;1139;402891744.06
202601;15;5;2;1139;402891744.06
202601;15;14;2;1;886859
202601;16;1;2;3493;113026942.93
202601;16;1;3;16;177908.93
202601;16;2;2;2440;82190334.53
202601;16;3;2;496;19088079.84
202601;16;3;3;27;3132116.86
202601;16;4;2;10;390753
202601;16;5;2;10;390753
202601;16;14;2;10;16570
202601;16;14;3;1;1620
202601;18;2;2;863;890401353.40
202601;18;3;2;33172;908888913.73
202601;18;3;3;402;14436412.15
202601;18;3;6;39;1927452.28
202601;18;3;7;7;717308
202601;19;1;2;250;53658305.55
202601;19;2;2;1240;77105753.15
202601;19;4;2;705;24626860.56
202601;19;5;2;705;24626860.56
202601;20;1;2;112;35723110.34
202601;20;1;3;4;767574.82
202601;20;2;2;110;4809627.45
202601;20;9;2;26;776800
202601;20;9;5;30;2232361
202601;20;10;2;69;24312.44
202601;24;1;2;191948;42067515419.67
202601;24;1;3;1213;1184458973.86
202601;24;2;2;143246;41699174564.93
202601;24;3;2;27990;588271886.03
202601;24;3;3;409;9496876.92
202601;24;3;5;2;94500
202601;24;3;6;52;1687518.47
202601;24;3;7;1;94721.55
202601;25;1;2;4;4
202601;25;2;2;2;4
202601;27;1;2;19;1387528.11
202601;27;2;2;20;11111109.34
202601;27;3;2;18;1517474.70
202601;27;4;2;45;8898012.15
202601;27;5;2;45;8898012.15
202601;28;1;2;4;57293900
202601;28;2;2;167;51123336.98
202601;29;1;2;5;1487396.13
202601;29;2;2;3;2300000
202601;29;3;2;8;855453.54
202601;30;1;2;5;7338343.71
202601;30;2;2;23;6609816.35
202601;30;4;2;12;7382639.54
202601;30;5;2;12;7382639.54
202601;31;1;2;1;10
202601;31;2;2;4;926674.25
202601;31;14;2;6;646147
202601;31;14;3;1;100
202601;32;1;2;1;10000
202601;32;3;2;1;84900
202601;33;2;2;3;18131.84
202601;33;9;2;1;17000
202601;34;9;2;11;3269.09
202601;34;9;5;1;738.31
202601;34;10;2;1;3
202601;37;1;2;10;34228.54
202601;37;2;2;11;70249.99
202601;37;4;2;1;148.99
202601;37;5;2;1;148.99
202601;40;2;2;1;70000000
202601;40;3;2;2066;72268609.59
202601;40;3;3;45;4133105.85
202601;40;3;6;3;197804.32
202601;40;3;7;1;147000
202601;42;1;2;1;1000
202601;43;1;2;6;245000
202601;43;2;2;8;237144
202601;43;3;2;2;13200
202601;43;4;2;1;50000
202601;43;5;2;1;50000
202602;3;1;2;2;2
202602;3;3;2;2;2
202602;4;1;2;36506;10010445861.79
202602;4;1;3;231;48191760.30
202602;4;2;2;81893;17463527256.96
202602;4;3;2;2093;47914918.12
202602;4;3;3;43;2108022.62
202602;4;3;6;2;9480
202602;4;4;2;158;69106898.33
202602;4;5;2;158;69106898.33
202602;5;1;2;1067211;72570409909.49
202602;5;1;3;6719;478054990.23
202602;5;2;2;2457976;86896813480.31
202602;5;3;2;80781;1679505812.54
202602;5;3;3;1371;35401644.51
202602;5;3;5;2;33900
202602;5;3;6;64;1903049.41
202602;5;3;7;5;135380.62
202602;5;4;2;1352;157415953.48
202602;5;5;2;1352;157415953.48
202602;6;2;2;2;300000000
202602;6;3;2;14625;314115139.94
202602;6;3;3;640;18672350.85
202602;6;3;6;89;2511622.95
202602;9;1;2;4712;53439940.66
202602;9;1;3;30;375830.70
202602;9;2;2;11798;124213216.54
202602;9;3;2;926;14364130.33
202602;9;3;3;25;2130800
202602;9;3;5;2;52019.06
202602;9;4;2;58;1917164
202602;9;5;2;58;1917164
202602;9;7;2;12230;49073970
202602;13;1;2;1906;210837160.73
202602;13;1;3;28;2890561.25
202602;13;2;2;142;71783989.20
202602;13;3;2;15;2026157.67
202602;13;3;3;5;200000
202602;13;4;2;3;3700000
202602;13;5;2;3;3700000
202602;14;1;2;521;463856057.78
202602;14;1;3;12;1291365.11
202602;14;2;2;765;463664690.03
202602;14;3;2;44;1032714.20
202602;14;4;2;1473;557632552.88
202602;14;5;2;1473;557632552.88
202602;15;1;2;1253;451173896
202602;15;1;3;15;2938032.89
202602;15;2;2;1775;355084389.20
202602;15;3;2;5;150005
202602;15;4;2;1804;517023325.25
202602;15;5;2;1804;517023325.25
202602;15;14;2;4;3395498
202602;16;1;2;5402;258169136.73
202602;16;1;3;28;445940.89
202602;16;2;2;4021;189321765.44
202602;16;3;2;754;29502039.07
202602;16;3;3;14;365393
202602;16;4;2;24;779686
202602;16;5;2;24;779686
202602;18;2;2;819;1038491555.94
202602;18;3;2;36448;998362835.79
202602;18;3;3;504;24765329.09
202602;18;3;5;2;17700
202602;18;3;6;36;3187005.64
202602;18;3;7;1;42338.88
202602;19;1;2;617;96967408.42
202602;19;1;3;3;25771
202602;19;2;2;1834;96989621.36
202602;19;4;2;1735;57539151.94
202602;19;5;2;1735;57539151.94
202602;20;1;2;152;33062420.29
202602;20;1;3;2;9868.63
202602;20;2;2;163;28352358.34
202602;20;9;2;42;9749552
202602;20;9;5;35;5074655.93
202602;20;10;2;65;12541.03
202602;21;14;2;12;120
202602;24;1;2;256183;44152816217.80
202602;24;1;3;1104;279084435.27
202602;24;2;2;177234;40841505843.80
202602;24;3;2;31039;639188817.37
202602;24;3;3;484;11500938.17
202602;24;3;5;2;15966.55
202602;24;3;6;44;1599742.27
202602;24;3;7;10;759686.32
202602;25;1;2;2;2.21
202602;25;2;2;3;65.68
202602;25;4;2;1;63.47
202602;25;5;2;1;63.47
202602;27;1;2;19;5503944
202602;27;2;2;22;5007884.68
202602;27;3;2;7;118403.42
202602;27;4;2;37;16277504.72
202602;27;5;2;37;16277504.72
202602;28;1;2;15;90500471.93
202602;28;2;2;261;79739257.16
202602;29;1;2;2;4048.61
202602;29;2;2;7;5800000
202602;29;3;2;26;5607719.16
202602;29;3;3;1;2000000
202602;30;1;2;6;8344692.80
202602;30;2;2;31;13218451.37
202602;30;4;2;16;11955167
202602;30;5;2;16;11955167
202602;31;1;2;10;913300
202602;31;2;2;10;9224815.32
202602;31;14;2;12;830100.99
202602;32;1;2;1;100
202602;33;1;2;1;0.01
202602;33;2;2;2;16399.48
202602;33;4;2;8;0.10
202602;33;5;2;8;0.10
202602;33;9;2;1;18000
202602;34;9;2;4;80.68
202602;37;1;2;8;150439.41
202602;37;2;2;31;373388
202602;37;4;2;2;6.80
202602;37;5;2;2;6.80
202602;40;2;2;1;80000000
202602;40;3;2;2046;73451848.42
202602;40;3;3;39;6562069.97
202602;40;3;6;3;121614.43
202602;40;3;7;1;69032.02
202602;42;1;2;9;11429814
202602;42;2;2;4;11384300
202602;43;1;2;4;19650
202602;43;2;2;5;112146
202603;3;3;2;3;9.90
202603;3;3;6;1;4.40
202603;4;1;2;36291;5617622970.71
202603;4;1;3;201;20201492.22
202603;4;2;2;62015;9099232895.27
202603;4;3;2;2330;51862906.86
202603;4;3;3;132;3144539.35
202603;4;4;2;160;62668507.10
202603;4;5;2;160;62668507.10
202603;5;1;2;1089818;62322319155.33
202603;5;1;3;5949;363721186.46
202603;5;2;2;2440319;78569339494.45
202603;5;3;2;83233;1659976336.44
202603;5;3;3;3738;78523419.83
202603;5;3;5;7;97140
202603;5;3;6;77;2690713.37
202603;5;3;7;4;571749
202603;5;4;2;1496;180338864.70
202603;5;5;2;1496;180338864.70
202603;6;2;2;2;270000000
202603;6;3;2;15501;327870941.77
202603;6;3;3;1057;27558125.21
202603;6;3;5;1;4200
202603;6;3;6;111;2971513.55
202603;6;3;7;4;128062.85
202603;9;1;2;5157;56884896.43
202603;9;1;3;34;521209
202603;9;2;2;12013;146774202.60
202603;9;3;2;1029;19248547.57
202603;9;3;3;73;5085666.20
202603;9;3;6;1;14.50
202603;9;4;2;60;1667432.32
202603;9;5;2;60;1667432.32
202603;9;7;2;13151;52616222
202603;13;1;2;1507;171784325.08
202603;13;1;3;10;823980
202603;13;2;2;132;59267621.40
202603;13;3;2;4;1592386
202603;13;4;2;1;3500000
202603;13;5;2;1;3500000
202603;14;1;2;485;275717907.31
202603;14;1;3;9;991674.50
202603;14;2;2;653;315110810.89
202603;14;3;2;32;927821.77
202603;14;4;2;1220;375837584.61
202603;14;5;2;1220;375837584.61
202603;15;1;2;1067;228415365.33
202603;15;1;3;5;210292
202603;15;2;2;1189;274593637.19
202603;15;3;2;7;51672
202603;15;4;2;1460;392727069.36
202603;15;5;2;1460;392727069.36
202603;16;1;2;7032;249391164.19
202603;16;1;3;48;614649
202603;16;2;2;4770;189225660.44
202603;16;3;2;1084;32333317.51
202603;16;3;3;112;2862920.05
202603;16;4;2;54;1066203.56
202603;16;5;2;54;1066203.56
202603;18;2;2;877;962077633.06
202603;18;3;2;40097;1006127877.69
202603;18;3;3;1408;58372359.37
202603;18;3;5;2;38337.46
202603;18;3;6;52;1866363.65
202603;18;3;7;4;14800
202603;19;1;2;542;130679412.52
202603;19;1;3;5;125731
202603;19;2;2;1823;121128662.10
202603;19;4;2;2029;67597735.62
202603;19;5;2;2029;67597735.62
202603;20;1;2;146;33468531.60
202603;20;1;3;6;258483.13
202603;20;2;2;150;16532831.27
202603;20;9;2;47;4229589
202603;20;9;5;30;3088531
202603;20;10;2;63;15993.57
202603;24;1;2;260989;28537080251.96
202603;24;1;3;1342;319995084.73
202603;24;2;2;165432;25786698638.35
202603;24;3;2;36120;734626668.27
202603;24;3;3;1437;35320014.97
202603;24;3;5;1;3800
202603;24;3;6;60;3553028.26
202603;24;3;7;4;191729.96
202603;25;1;2;3;3
202603;25;2;2;3;3
202603;27;1;2;28;5209764.98
202603;27;2;2;21;4365681.39
202603;27;3;2;12;263281.78
202603;27;3;3;2;45834
202603;27;4;2;67;10232789.53
202603;27;5;2;67;10232789.53
202603;28;1;2;22;170144560.12
202603;28;1;3;6;7033708.51
202603;28;2;2;219;117308886.02
202603;29;2;2;5;4900000
202603;29;3;2;25;4168188.64
202603;29;3;3;1;144700
202603;30;1;2;9;9504474.37
202603;30;2;2;61;7760244.05
202603;30;4;2;11;6932655.10
202603;30;5;2;11;6932655.10
202603;31;1;2;20;2606877.60
202603;31;2;2;7;7103842.31
202603;32;1;2;1;50000
202603;32;2;2;1;969.75
202603;32;4;2;1;9.70
202603;32;5;2;1;9.70
202603;33;1;2;7;110199.29
202603;33;2;2;11;209299.28
202603;33;4;2;1;0.01
202603;33;5;2;1;0.01
202603;33;9;2;1;17000
202603;34;3;2;1;500
202603;34;9;2;2;2200
202603;34;10;2;2;2
202603;36;3;2;32;1267542.23
202603;36;3;3;29;747390
202603;37;1;2;6;45538.99
202603;37;1;3;1;1
202603;37;2;2;5;16100
202603;40;2;2;2;110000000
202603;40;3;2;2059;64118088.76
202603;40;3;3;99;2837201.26
202603;40;3;6;5;213302.75
202603;42;1;2;9;651288
202603;42;2;2;7;1842005
202603;43;1;2;3;55000
202603;43;2;2;3;100000.37
202603;47;1;3;1;20
202603;47;2;2;13;19008
202603;47;4;2;3;16001
202603;47;5;2;3;16001
202603;48;2;2;1;3452
202604;3;1;2;1;1
202604;3;3;2;4;10.90
202604;3;3;6;1;4.40
202604;4;1;2;33522;3059188973.04
202604;4;1;3;177;16266097.03
202604;4;2;2;50681;5060263580.24
202604;4;3;2;2290;46664253.08
202604;4;3;3;67;2481185.84
202604;4;3;7;1;48842.99
202604;4;4;2;152;8670745.31
202604;4;5;2;152;8670745.31
202604;5;1;2;1036316;55434617980.59
202604;5;1;3;5137;283778800.80
202604;5;2;2;2397543;75197715009.04
202604;5;3;2;86895;1741399652.87
202604;5;3;3;2063;53736890.47
202604;5;3;5;5;344862.50
202604;5;3;6;56;2504782.17
202604;5;3;7;3;230490.80
202604;5;4;2;1317;135211858.09
202604;5;5;2;1317;135211858.09
202604;6;2;2;2;350000000
202604;6;3;2;16633;340497512.73
202604;6;3;3;830;21117954.70
202604;6;3;5;1;15600
202604;6;3;6;121;3382558.60
202604;6;3;7;3;85735
202604;9;1;2;5385;73020287.52
202604;9;1;3;32;739762
202604;9;2;2;12300;129842402.52
202604;9;3;2;1048;19139400.08
202604;9;3;3;57;4831005.12
202604;9;4;2;72;1927717
202604;9;5;2;72;1927717
202604;9;7;2;11882;46937564
202604;13;1;2;1296;152166561.96
202604;13;1;3;14;738135.08
202604;13;2;2;105;51400541.80
202604;13;3;2;2;1633317
202604;13;4;2;4;3700000
202604;13;5;2;4;3700000
202604;14;1;2;533;442792164.16
202604;14;1;3;9;834663.34
202604;14;2;2;655;399638575.96
202604;14;3;2;28;733423.95
202604;14;3;3;1;50
202604;14;3;6;1;5316
202604;14;4;2;1258;453587334.37
202604;14;5;2;1258;453587334.37
202604;15;1;2;1064;285427012.39
202604;15;1;3;4;26030
202604;15;2;2;918;267185983.96
202604;15;3;2;34;1467426.99
202604;15;3;3;1;581502.17
202604;15;4;2;1439;437547205.09
202604;15;5;2;1439;437547205.09
202604;16;1;2;7547;260180585.01
202604;16;1;3;25;668757
202604;16;2;2;5116;178213747.68
202604;16;3;2;1537;48534757.41
202604;16;3;3;70;2765932.14
202604;16;3;6;2;93024.85
202604;16;4;2;50;843194
202604;16;5;2;50;843194
202604;16;14;2;21;24800
202604;16;14;3;11;2004000
202604;18;2;2;940;1469503432.99
202604;18;3;2;41087;1447041371.05
202604;18;3;3;868;61804197.59
202604;18;3;5;3;231655.71
202604;18;3;6;46;3525609.09
202604;18;3;7;5;631153.84
202604;19;1;2;322;68783626.35
202604;19;1;3;5;11761588.24
202604;19;2;2;1281;89586010.79
202604;19;4;2;1040;32928578.36
202604;19;5;2;1040;32928578.36
202604;20;1;2;139;13404777.54
202604;20;1;3;8;451167.78
202604;20;2;2;147;8059845.62
202604;20;9;2;53;4930962.19
202604;20;9;5;29;1054558.89
202604;20;10;2;64;7692.69
202604;24;1;2;277635;24167417299.95
202604;24;1;3;1217;115999938.60
202604;24;2;2;175620;24280718069.31
202604;24;3;2;41473;823958803.67
202604;24;3;3;1050;31690074.14
202604;24;3;5;3;38396
202604;24;3;6;54;1610994.42
202604;24;3;7;8;341564.40
202604;27;1;2;55;4933946.77
202604;27;2;2;26;4171198.91
202604;27;3;2;22;271237.11
202604;27;3;3;2;10.01
202604;27;4;2;112;9408736.81
202604;27;5;2;112;9408736.81
202604;28;1;2;10;8461282.10
202604;28;1;3;20;63007600
202604;28;2;2;14;3468800
202604;29;1;2;1;138959.77
202604;29;2;2;1;1000000
202604;29;3;2;22;1463043.72
202604;30;1;2;12;10371790.81
202604;30;2;2;44;9093464.68
202604;30;4;2;14;9607381.39
202604;30;5;2;14;9607381.39
202604;31;1;2;14;5636780.49
202604;31;2;2;5;213618.33
202604;31;14;2;1;50
202604;32;1;3;2;46464
202604;32;2;2;1;20000
202604;33;1;2;1;6000
202604;33;2;2;9;527389.93
202604;33;4;2;1;0.01
202604;33;5;2;1;0.01
202604;33;9;2;1;390000
202604;34;3;2;1;500
202604;34;3;3;28;16600
202604;34;9;2;9;953.33
202604;34;10;2;11;5.51
202604;36;3;2;6;109685
202604;36;3;3;29;661010.30
202604;37;1;2;6;22168.53
202604;37;2;2;1;1000
202604;37;4;2;7;20.50
202604;37;5;2;7;20.50
202604;40;2;2;1;50000000
202604;40;3;2;2140;69057832.49
202604;40;3;3;39;7099006.30
202604;40;3;6;5;52411.93
202604;42;1;2;5;24498951
202604;42;2;2;3;24500010.30
202604;43;1;2;5;16925
202604;43;2;2;2;27300
202604;44;2;2;1;10
202604;44;9;2;2;4572.82
202604;47;1;2;11;7543698.83
202604;47;1;3;1;1000
202604;47;2;2;15;10410928
202604;47;3;2;2;1256301.17
202604;47;4;2;31;19213935
202604;47;5;2;31;19213935
202604;48;2;2;2;1680
202605;3;1;2;6;6
202605;3;3;2;19;46.60
202605;3;3;3;1;1
202605;3;3;6;4;17.60
202605;4;1;2;31759;1978613615.68
202605;4;1;3;133;8545159.75
202605;4;2;2;63136;6465140763.12
202605;4;3;2;2038;39032768.85
202605;4;3;3;39;620287.49
202605;4;3;6;2;94458.52
202605;4;4;2;174;11610430.10
202605;4;5;2;174;11610430.10
202605;5;1;2;992917;52316036894.05
202605;5;1;3;6546;344275811.84
202605;5;2;2;2216842;72224701297.75
202605;5;3;2;89113;1709757767.69
202605;5;3;3;1757;48409050.87
202605;5;3;6;38;888375.46
202605;5;4;2;1253;128457544.17
202605;5;5;2;1253;128457544.17
202605;5;14;2;3;165
202605;6;2;2;2;330000000
202605;6;3;2;15485;298497274.58
202605;6;3;3;789;20350726.32
202605;6;3;6;103;2674601.45
202605;6;3;7;1;10473.01
202605;9;1;2;5241;53815683.53
202605;9;1;3;46;849289.10
202605;9;2;2;11925;122752709.39
202605;9;3;2;1002;21849488.05
202605;9;3;3;11;3265412
202605;9;3;6;2;150
202605;9;4;2;62;1001660.92
202605;9;5;2;62;1001660.92
202605;9;7;2;13737;55358441
202605;13;1;2;954;94601391.40
202605;13;1;3;1;100
202605;13;2;2;19;5685971.60
202605;13;3;2;2;685636
202605;13;4;2;2;3000
202605;13;5;2;2;3000
202605;14;1;2;491;426368211.59
202605;14;1;3;7;462292.96
202605;14;2;2;809;432696552.91
202605;14;3;2;31;808071.92
202605;14;3;6;1;1.95
202605;14;4;2;1352;486134732.15
202605;14;5;2;1352;486134732.15
202605;15;1;2;1003;477209562.89
202605;15;1;3;6;128500
202605;15;2;2;1067;343505866.40
202605;15;3;2;7;168401.46
202605;15;4;2;1698;457212908.41
202605;15;5;2;1698;457212908.41
202605;16;1;2;11285;364671906.74
202605;16;1;3;69;656531
202605;16;2;2;8302;256407072.26
202605;16;3;2;2318;65928111.80
202605;16;3;3;78;1866595.79
202605;16;3;6;4;88970.24
202605;16;4;2;33;1403064.37
202605;16;5;2;33;1403064.37
202605;16;14;2;99;4743625.73
202605;16;14;3;608;20369146
202605;18;2;2;891;1002678028.43
202605;18;3;2;40700;1011213160.73
202605;18;3;3;423;15160677.31
202605;18;3;6;51;2091823.15
202605;18;3;7;2;300817.04
202605;19;1;2;433;66382930.47
202605;19;2;2;295;47092705.22
202605;19;4;2;125;3665156.18
202605;19;5;2;125;3665156.18
202605;20;1;2;91;18704707.60
202605;20;2;2;125;3097442.33
202605;20;9;2;34;998975
202605;20;9;5;36;1130114.05
202605;20;10;2;47;12332.42
202605;24;1;2;284850;29907044695.61
202605;24;1;3;1183;66406867.45
202605;24;2;2;185363;31890852980.25
202605;24;3;2;42589;828193986.04
202605;24;3;3;702;14744592.60
202605;24;3;5;1;8000
202605;24;3;6;59;3814520.24
202605;24;3;7;2;26898
202605;27;1;2;36;2798338.93
202605;27;1;3;1;20000
202605;27;2;2;38;17700227.45
202605;27;3;2;15;315418.22
202605;27;4;2;90;18053281.60
202605;27;5;2;90;18053281.60
202605;28;1;2;1;5
202605;28;1;3;1;3042000
202605;29;1;2;1;229635.65
202605;29;2;2;1;500000
202605;29;3;2;5;379662.01
202605;29;3;3;1;44377.51
202605;30;1;2;5;14269520.95
202605;30;2;2;102;12729293.59
202605;30;4;2;14;13100907.76
202605;30;5;2;14;13100907.76
202605;31;1;2;17;3324790.60
202605;31;2;2;3;829930.64
202605;31;14;2;1;2000
202605;33;1;2;1;8352.23
202605;33;2;2;3;10814.59
202605;33;4;2;2;0.02
202605;33;5;2;2;0.02
202605;33;9;2;1;16000
202605;34;3;3;1;1000
202605;36;3;2;3;640
202605;37;1;2;5;34133.14
202605;37;2;2;1;10000
202605;40;2;2;2;60000000
202605;40;3;2;2358;75196103.32
202605;40;3;3;21;1053215.85
202605;40;3;6;3;7269.08
202605;42;1;2;5;7922644
202605;42;2;2;3;7001000
202605;43;1;2;1;13587.33
202605;43;2;2;4;35200
202605;44;9;2;3;7465146.45
202605;47;1;2;39;8492340
202605;47;2;2;57;26863568.16
202605;47;4;2;96;35355908.16
202605;47;5;2;96;35355908.16
202605;48;1;2;2;145
202605;48;2;2;5;771.95
202605;49;2;2;4;2400
202605;49;4;2;2;1760
202605;49;5;2;2;1760
202605;49;14;2;2;10001
202605;49;14;3;10;215510
202606;3;3;2;16;50.60
202606;3;3;3;6;19.80
202606;3;3;6;2;8.80
202606;4;1;2;35319;2689119157.74
202606;4;1;3;63;9069997.11
202606;4;2;2;81261;9848339224.13
202606;4;3;2;2234;46274519.70
202606;4;3;3;38;1032674.59
202606;4;3;6;2;67637
202606;4;4;2;170;13595804.19
202606;4;5;2;170;13595804.19
202606;5;1;2;1136271;73730423744.24
202606;5;1;3;1937;223629151.62
202606;5;2;2;2611736;94420332136.79
202606;5;3;2;100516;2040368961.55
202606;5;3;3;1486;70243430.33
202606;5;3;6;48;1314237.87
202606;5;3;7;8;616112
202606;5;4;2;1427;196778056.01
202606;5;5;2;1427;196778056.01
202606;6;2;2;2;240000000
202606;6;3;2;15342;320103162.60
202606;6;3;3;603;16579392.52
202606;6;3;6;101;2651067.89
202606;6;3;7;3;53658.03
202606;9;1;2;4924;50821267.09
202606;9;1;3;10;25700
202606;9;2;2;12837;140662316.49
202606;9;3;2;1082;17084085.94
202606;9;3;3;14;763880
202606;9;3;6;1;1.56
202606;9;4;2;45;473958
202606;9;5;2;45;473958
202606;9;7;2;14283;58116940
202606;11;1;5;1;10000
202606;13;1;2;932;84147837.73
202606;13;1;3;7;17413.60
202606;13;2;2;31;9912627
202606;13;3;2;8;1656184.77
202606;13;3;3;1;152100
202606;13;4;2;6;1221000
202606;13;5;2;6;1221000
202606;14;1;2;540;356460122.06
202606;14;1;3;5;495537.88
202606;14;2;2;1185;351885241.70
202606;14;3;2;68;1410746.89
202606;14;3;3;4;172220
202606;14;4;2;1897;438321893.58
202606;14;5;2;1897;438321893.58
202606;15;1;2;1061;351780666.44
202606;15;1;3;7;171572.24
202606;15;2;2;1100;331822102.73
202606;15;3;2;13;437574.32
202606;15;4;2;1847;602843184.39
202606;15;5;2;1847;602843184.39
202606;16;1;2;18486;802405084.54
202606;16;1;3;48;1899646
202606;16;2;2;14185;639709835.82
202606;16;3;2;2574;84334600.30
202606;16;3;3;70;1340662.95
202606;16;3;6;1;1000
202606;16;4;2;75;39024177
202606;16;5;2;75;39024177
202606;16;14;2;1361;119215688.64
202606;16;14;3;1000;98085328.73
202606;16;14;5;1;115000
202606;18;2;2;844;1081173220.01
202606;18;3;2;41412;1051366261.15
202606;18;3;3;492;26407584.56
202606;18;3;6;47;4350008.97
202606;18;3;7;2;67029.36
202606;19;1;2;214;61827297.50
202606;19;2;2;548;53376874.49
202606;19;4;2;461;14678201.03
202606;19;5;2;461;14678201.03
202606;20;1;2;4;294953.90
202606;20;2;2;4;43100
202606;24;1;2;323507;56317718956.96
202606;24;1;3;383;80405358.81
202606;24;2;2;229969;54636226788.62
202606;24;3;2;46025;928569302.89
202606;24;3;3;643;21022642.39
202606;24;3;6;62;3734407.47
202606;24;3;7;7;258266
202606;27;1;2;46;3988648.42
202606;27;2;2;24;9711709.09
202606;27;3;2;20;277106.66
202606;27;4;2;91;16916767.17
202606;27;5;2;91;16916767.17
202606;29;1;2;1;9.92
202606;29;2;2;1;600000
202606;29;3;2;13;586744.56
202606;30;1;2;6;7061199.43
202606;30;2;2;75;11447681.25
202606;30;4;2;11;7147668.46
202606;30;5;2;11;7147668.46
202606;31;1;2;10;6658368
202606;31;2;2;4;5251295.83
202606;31;14;2;12;769269.16
202606;33;1;2;3;2015.62
202606;33;1;3;1;100
202606;33;2;2;9;323315.02
202606;33;4;2;2;0.02
202606;33;5;2;2;0.02
202606;33;9;2;5;224100
202606;34;3;2;1;5
202606;36;3;2;55;2051367.22
202606;36;3;3;2;718000
202606;37;1;2;3;39566.47
202606;37;1;3;2;51
202606;37;2;2;2;23300
202606;37;4;2;1;2000
202606;37;5;2;1;2000
202606;40;2;2;1;70000000
202606;40;3;2;2926;97911851.83
202606;40;3;3;46;1900284.38
202606;40;3;6;9;346441
202606;40;3;7;1;199500
202606;42;1;2;10;121381089.90
202606;42;2;2;5;122000000
202606;43;1;2;3;42934
202606;43;2;2;4;185002
202606;43;4;2;2;5000
202606;43;5;2;2;5000
202606;47;1;2;65;43690590.14
202606;47;2;2;212;78197714.95
202606;47;4;2;279;121888307.09
202606;47;5;2;279;121888307.09
202606;48;2;2;1;1000
202606;49;2;2;1;5000
202606;49;4;2;2;1760
202606;49;5;2;2;1760
202606;49;14;2;2;3
202606;49;14;3;1;500000
202607;3;1;2;2;2
202607;3;3;2;23;61
202607;3;3;3;2;82463.54
202607;3;3;6;5;22
202607;4;1;2;37499;2326728430.31
202607;4;1;3;184;10247013.22
202607;4;2;2;75624;6528133598.67
202607;4;3;2;2176;47606765.77
202607;4;3;3;45;1090243.60
202607;4;3;6;2;87849
202607;4;4;2;388;34103259.05
202607;4;5;2;388;34103259.05
202607;5;1;2;1189193;79744583604.47
202607;5;1;3;6904;486301384.06
202607;5;2;2;2563441;88666808363.71
202607;5;3;2;105934;2241075156.83
202607;5;3;3;2127;63002895.46
202607;5;3;6;80;2231304.83
202607;5;3;7;5;211969.20
202607;5;4;2;1677;157136343.52
202607;5;5;2;1677;157136343.52
202607;6;2;2;4;580000000
202607;6;3;2;19012;416085222.79
202607;6;3;3;1091;31636111.95
202607;6;3;6;136;3740363.20
202607;9;1;2;5422;62121866.93
202607;9;1;3;41;246750
202607;9;2;2;13992;154157684.76
202607;9;3;2;1099;18477405.49
202607;9;3;3;15;1240370
202607;9;4;2;50;1174847
202607;9;5;2;50;1174847
202607;9;7;2;15626;63803682
202607;13;1;2;955;101405246.62
202607;13;1;3;5;33440.70
202607;13;2;2;22;3962643
202607;13;3;2;2;801596
202607;13;4;2;5;1803600
202607;13;5;2;5;1803600
202607;14;1;2;950;302720879.32
202607;14;1;3;6;364266.24
202607;14;2;2;4988;319221054.13
202607;14;3;2;558;8767847.55
202607;14;3;3;9;138000
202607;14;4;2;6564;416302417.24
202607;14;5;2;6564;416302417.24
202607;15;1;2;1103;288236998.65
202607;15;1;3;1;25387
202607;15;2;2;810;169612776.58
202607;15;3;2;23;966033.78
202607;15;4;2;1541;357283451.40
202607;15;5;2;1541;357283451.40
202607;16;1;2;21372;822769605.94
202607;16;1;3;135;10344006.96
202607;16;2;2;16227;646929371.87
202607;16;3;2;3010;83608211.74
202607;16;3;3;105;5521444.58
202607;16;3;6;3;50959.60
202607;16;3;7;1;34045.20
202607;16;4;2;81;6956100
202607;16;5;2;81;6956100
202607;16;14;2;72;43785393.30
202607;16;14;3;71;5679421
202607;18;2;2;1094;1178615783.56
202607;18;3;2;43741;1197264829.61
202607;18;3;3;809;46617895.69
202607;18;3;6;52;2849286.91
202607;18;3;7;4;126176.38
202607;19;1;2;110;57493558.57
202607;19;2;2;27;51199950.28
202607;20;1;2;20;536206.90
202607;24;1;2;356238;36906605791.35
202607;24;1;3;1677;241572941.87
202607;24;2;2;216407;28605657124.46
202607;24;3;2;50909;1054593435.55
202607;24;3;3;1144;28990093.40
202607;24;3;6;69;3325929.89
202607;24;3;7;9;740943.88
202607;27;1;2;46;10933000.03
202607;27;2;2;40;14961541.94
202607;27;3;2;12;387982.94
202607;27;4;2;92;26293680.91
202607;27;5;2;92;26293680.91
202607;29;2;2;3;3000000
202607;29;3;2;13;1711525.29
202607;30;1;2;15;30876130.91
202607;30;2;2;118;30817169.26
202607;30;4;2;38;30905344.12
202607;30;5;2;38;30905344.12
202607;31;1;2;7;4429919.65
202607;31;2;2;5;8155804.08
202607;31;14;2;10;1303322.86
202607;31;14;3;1;246854.51
202607;32;1;2;2;6780.20
202607;32;1;3;2;33522.66
202607;33;1;2;2;3000.30
202607;33;2;2;9;4501199.90
202607;33;9;2;3;759460
202607;34;9;2;2;15000
202607;34;10;2;4;18.62
202607;36;3;2;535;24686427.84
202607;36;3;3;11;159848
202607;36;3;7;1;46510
202607;37;1;2;3;23991.61
202607;37;2;2;3;5003.01
202607;40;2;2;4;240002886.56
202607;40;3;2;3110;99175167.78
202607;40;3;3;109;2135500.40
202607;40;3;6;5;81325.36
202607;42;1;2;10;85036250
202607;42;2;2;3;84000000
202607;43;1;2;1;5000
202607;43;2;2;2;2510
202607;43;3;2;4;38550
202607;43;4;2;1;0.11
202607;43;5;2;1;0.11
202607;47;1;2;118;135130767.99
202607;47;1;3;4;3503000
202607;47;2;2;751;211212115.34
202607;47;3;2;2;91000.01
202607;47;4;2;875;353555883.34
202607;47;5;2;875;353555883.34
202607;50;2;2;1;100
202607;52;1;2;2;16000
202607;52;2;2;2;12000
202607;52;14;2;9;32000
202607;52;14;3;5;203000
202608;3;1;2;4;4
202608;3;3;2;9;15.90
202608;3;3;3;2;2
202608;3;3;6;1;4.40
202608;4;1;2;32174;1758113931.99
202608;4;1;3;174;15865589.87
202608;4;2;2;56797;3803753701.54
202608;4;3;2;2263;45205030.85
202608;4;3;3;30;658965.66
202608;4;3;6;2;53752.50
202608;4;4;2;610;52578002.49
202608;4;5;2;610;52578002.49
202608;5;1;2;1069298;54962765638.26
202608;5;1;3;7069;432827540.53
202608;5;2;2;2242446;71165988187.30
202608;5;3;2;97160;1962637749.25
202608;5;3;3;1859;60436295.40
202608;5;3;6;54;2442398.28
202608;5;3;7;11;508697.17
202608;5;4;2;1282;138597051.32
202608;5;5;2;1282;138597051.32
202608;6;2;2;2;250000000
202608;6;3;2;18383;386992770.18
202608;6;3;3;977;28164749.55
202608;6;3;6;138;3905533.35
202608;6;3;7;2;39352.48
202608;9;1;2;4903;53855344.17
202608;9;1;3;36;259440.72
202608;9;2;2;10512;112324592.91
202608;9;3;2;862;18912941.33
202608;9;3;3;23;2664665.34
202608;9;3;6;1;500
202608;9;4;2;74;1116681
202608;9;5;2;74;1116681
202608;9;7;2;10767;44569530
202608;13;1;2;1555;145340577.54
202608;13;2;2;13;7064505.04
202608;13;3;2;1;990000
202608;14;1;2;1361;322549570.72
202608;14;1;3;8;267838.34
202608;14;2;2;10662;330565902.63
202608;14;3;2;77;1509386.06
202608;14;4;2;12108;437474321.83
202608;14;5;2;12108;437474321.83
202608;15;1;2;705;124149920.50
202608;15;1;3;5;905893.76
202608;15;2;2;328;81198490.45
202608;15;4;2;839;122142289.15
202608;15;5;2;839;122142289.15
202608;15;14;2;2;41000.63
202608;16;1;2;20003;651027867.02
202608;16;1;3;153;2156298
202608;16;2;2;14296;497648949.53
202608;16;3;2;3398;93668664.79
202608;16;3;3;92;4311285.80
202608;16;3;6;4;38493.39
202608;16;4;2;88;3906324.38
202608;16;5;2;88;3906324.38
202608;18;2;2;1143;1046681209.79
202608;18;3;2;42542;1075719375.60
202608;18;3;3;677;43587888.04
202608;18;3;6;43;2051077.70
202608;18;3;7;3;109662.19
202608;19;1;2;75;42673864.11
202608;19;2;2;56;42555530
202608;19;4;2;54;1491440
202608;19;5;2;54;1491440
202608;24;1;2;307712;23692601624.38
202608;24;1;3;1310;216334456.91
202608;24;2;2;177405;17844297638.76
202608;24;3;2;51516;1022616781.23
202608;24;3;3;908;25407378.51
202608;24;3;6;58;2285068.27
202608;24;3;7;5;280358.47
202608;27;1;2;37;4732938.23
202608;27;1;3;1;100
202608;27;2;2;15;2074600.10
202608;27;3;2;12;172623.25
202608;27;4;2;65;6980261.58
202608;27;5;2;65;6980261.58
202608;29;3;2;8;318230.96
202608;30;1;2;16;11063754.15
202608;30;2;2;98;9351151.92
202608;30;4;2;15;8546884.67
202608;30;5;2;15;8546884.67
202608;31;1;2;3;9000
202608;31;2;2;3;2218237.13
202608;31;14;2;3;246365.96
202608;32;1;2;1;100
202608;33;1;2;1;100.50
202608;33;9;2;2;2722000
202608;34;9;2;1;7362.70
202608;34;10;2;1;5
202608;36;3;2;1283;54849307.30
202608;36;3;3;13;846520.81
202608;36;3;6;1;61000
202608;37;1;2;2;63289.97
202608;37;2;2;11;212041.92
202608;40;2;2;3;8859.75
202608;40;3;2;3078;99195427.46
202608;40;3;3;59;2031601.61
202608;40;3;6;3;273840.60
202608;40;3;7;1;424637.29
202608;42;1;2;2;1189890
202608;42;2;2;1;2000000
202608;43;1;2;1;300
202608;43;2;2;1;10000
202608;47;1;2;158;147119282.98
202608;47;1;3;5;719000
202608;47;2;2;1006;198410721.91
202608;47;3;2;2;61951
202608;47;4;2;1169;347958131.23
202608;47;5;2;1169;347958131.23
202608;48;2;2;2;2494.92
202608;49;2;2;1;100
202608;49;4;2;1;880
202608;49;5;2;1;880
202608;49;14;2;6;4460
202608;50;2;2;1;200
202608;52;1;2;8;90000
202608;52;14;2;14;62000
202608;52;14;3;2;20000
202609;3;6;2;3;1788.63
202609;4;1;2;36002;2727115684.95
202609;4;1;3;132;26308142.25
202609;4;2;2;78057;7276920422.82
202609;4;3;2;2111;46752135.34
202609;4;3;3;34;2828993.19
202609;4;4;2;770;88852651.77
202609;4;5;2;770;88852651.77
202609;5;1;2;1099250;59537814989.91
202609;5;1;3;4431;455152396.63
202609;5;2;2;2305681;76616971890.14
202609;5;3;2;105794;2117656898.99
202609;5;3;3;1871;55840948.07
202609;5;3;5;1;6500
202609;5;3;6;61;2048047.83
202609;5;3;7;7;485071.90
202609;5;4;2;1331;149499088.23
202609;5;5;2;1331;149499088.23
202609;5;14;2;18;18421.40
202609;5;14;3;6;21514.39
202609;6;2;2;3;450000000
202609;6;3;2;19241;406375105.07
202609;6;3;3;1153;33075288.86
202609;6;3;6;138;3602123
202609;6;3;7;3;94607.01
202609;9;1;2;5679;56586974.06
202609;9;1;3;21;232072
202609;9;2;2;14187;157528381.68
202609;9;3;2;1074;35089365
202609;9;3;3;27;5861100
202609;9;4;2;107;2227449.99
202609;9;5;2;107;2227449.99
202609;9;7;2;16142;65276040
202609;13;1;2;932;96328542.90
202609;13;2;2;13;4764521
202609;13;3;2;2;420750
202609;13;4;2;2;702000
202609;13;5;2;2;702000
202609;14;1;2;1254;542348918.09
202609;14;1;3;13;101374436.74
202609;14;2;2;7329;540956554.77
202609;14;3;2;26;765505.66
202609;14;4;2;8548;629634693.14
202609;14;5;2;8548;629634693.14
202609;15;1;2;868;203991263.35
202609;15;1;3;4;247324.07
202609;15;2;2;438;189636920.68
202609;15;4;2;1285;236386389.23
202609;15;5;2;1285;236386389.23
202609;16;1;2;23394;744369755.41
202609;16;1;3;142;4729781.69
202609;16;2;2;18227;620536808.82
202609;16;3;2;4112;109276789.30
202609;16;3;3;123;3427825.89
202609;16;3;6;6;493032.36
202609;16;4;2;132;4601859.54
202609;16;5;2;132;4601859.54
202609;16;14;2;19;55465
202609;16;14;3;46;1112592
202609;18;2;2;1136;1193110522.78
202609;18;3;2;43297;1115843985.29
202609;18;3;3;671;33653993.63
202609;18;3;6;46;2480372.93
202609;18;3;7;4;50974.02
202609;19;1;2;99;61727269.97
202609;19;2;2;65;65268005
202609;24;1;2;324727;33898998815.45
202609;24;1;3;1415;186679574.44
202609;24;2;2;211362;37601627520.66
202609;24;3;2;53326;1024197705.92
202609;24;3;3;1135;32313047.84
202609;24;3;6;54;1535821.67
202609;24;3;7;7;365158.48
202609;27;1;2;35;10370571.65
202609;27;1;3;1;411.55
202609;27;2;2;19;10404448.53
202609;27;3;2;6;183837.64
202609;27;4;2;78;20967520.92
202609;27;5;2;78;20967520.92
202609;29;2;2;1;1500000
202609;29;3;2;13;437854.80
202609;30;1;2;42;24376364.35
202609;30;2;2;138;24252819.67
202609;30;4;2;24;21298549.47
202609;30;5;2;24;21298549.47
202609;31;1;2;29;2375761.41
202609;31;2;2;6;1188695.52
202609;31;14;2;6;5520
202609;31;14;3;2;68600
202609;32;1;2;1;11597.84
202609;32;2;2;1;59700
202609;33;1;2;1;100
202609;33;2;2;5;1225267.99
202609;33;4;2;2;0.02
202609;33;5;2;2;0.02
202609;33;9;2;3;2515000
202609;34;3;2;1;35.78
202609;34;9;2;2;15157.86
202609;34;10;2;2;10
202609;36;3;2;1392;54911422.84
202609;36;3;3;22;12389025.18
202609;36;3;6;1;24944
202609;37;1;2;9;1258764
202609;37;1;3;1;1100000
202609;37;2;2;10;1319419.82
202609;37;4;2;2;2
202609;37;5;2;2;2
202609;40;2;2;2;100000000
202609;40;3;2;3365;108828705.42
202609;40;3;3;70;1594912.49
202609;40;3;6;7;53909.25
202609;42;1;2;7;9914084.19
202609;42;2;2;3;9500000
202609;43;2;2;3;22001
202609;43;3;2;1;13800
202609;47;1;2;481;1028908171.91
202609;47;1;3;2;5193922
202609;47;2;2;2302;1136447709.68
202609;47;3;2;1;59070
202609;47;4;2;2781;2102403980.90
202609;47;5;2;2781;2102403980.90
202609;48;2;2;8;2037.90
202609;48;4;2;1;100
202609;48;5;2;1;100
202609;48;14;3;6;60
202609;49;14;2;4;26698
202609;50;1;2;4;8601
202609;50;2;2;15;5063702
202609;52;1;2;32;291000
202609;52;2;2;1;1000
202609;52;14;2;31;290000
202609;52;14;3;6;31000
202610;3;3;2;13;41.80
202610;3;3;6;3;13.20
202610;4;1;2;40179;3827931001.59
202610;4;1;3;196;18421097.02
202610;4;2;2;114922;10661785219.07
202610;4;3;2;1946;45622041.77
202610;4;3;3;28;2319815.38
202610;4;3;6;1;180400
202610;4;4;2;2092;284992250.75
202610;4;5;2;2092;284992250.75
202610;5;1;2;1233374;76142697961.15
202610;5;1;3;5662;427250057.08
202610;5;2;2;2579092;93765974497.97
202610;5;3;2;121686;2516617933.33
202610;5;3;3;2073;58509683.23
202610;5;3;6;71;3224818.65
202610;5;3;7;7;461555.50
202610;5;4;2;1701;188623869.63
202610;5;5;2;1701;188623869.63
202610;5;14;2;3;22
202610;5;14;3;2;1010
202610;6;2;2;3;400000000
202610;6;3;2;18379;398474785.73
202610;6;3;3;1033;29630375.44
202610;6;3;6;121;3668695.98
202610;6;3;7;3;112391.98
202610;9;1;2;6153;64937856.78
202610;9;1;3;32;386410
202610;9;2;2;15417;174674936.92
202610;9;3;2;1165;23387383.82
202610;9;3;3;27;220378.57
202610;9;4;2;86;1264696
202610;9;5;2;86;1264696
202610;9;7;2;16559;66728791
202610;13;1;2;903;94782475.64
202610;13;2;2;17;4060501.37
202610;13;3;2;5;472800
202610;13;4;2;5;1490000
202610;13;5;2;5;1490000
202610;14;1;2;1357;326523628.79
202610;14;1;3;9;266590.98
202610;14;2;2;7795;318638720.67
202610;14;3;2;30;372591.82
202610;14;4;2;9337;427618649.32
202610;14;5;2;9337;427618649.32
202610;15;1;2;111;167605904.25
202610;15;1;3;1;1200
202610;15;2;2;39;6151238.70
202610;15;4;2;1036;36415103.63
202610;15;5;2;1036;36415103.63
202610;16;1;2;24575;1206507631.97
202610;16;1;3;142;7265770.18
202610;16;2;2;20453;1140315095.30
202610;16;3;2;3557;122389363.13
202610;16;3;3;161;13535514.04
202610;16;3;6;3;173734
202610;16;3;7;1;34658
202610;16;4;2;81;2743959
202610;16;5;2;81;2743959
202610;16;14;2;237;7710520.83
202610;16;14;3;1172;64723926.63
202610;18;2;2;1002;1075507820.36
202610;18;3;2;43640;1124342279.03
202610;18;3;3;705;24292645.67
202610;18;3;6;69;50211837.43
202610;18;3;7;6;144044.53
202610;19;1;2;98;89511519.64
202610;19;1;3;2;79.16
202610;19;2;2;37;86196963
202610;24;1;2;383613;62458174703.46
202610;24;1;3;1761;166316080.44
202610;24;2;2;277150;60298824508.30
202610;24;3;2;54729;1106251482.81
202610;24;3;3;1137;30804075.53
202610;24;3;6;85;4838512.52
202610;24;3;7;10;542005.53
202610;27;1;2;37;5179958.57
202610;27;1;3;2;5170.78
202610;27;2;2;26;23887436.22
202610;27;3;2;2;8600
202610;27;4;2;69;29101165.57
202610;27;5;2;69;29101165.57
202610;29;1;2;1;302455.97
202610;29;2;2;1;800000
202610;29;3;2;9;1975904.79
202610;30;1;2;29;39430609.06
202610;30;1;3;1;500
202610;30;2;2;147;38295664.28
202610;30;4;2;33;30833451.81
202610;30;5;2;33;30833451.81
202610;31;1;2;13;5789281.10
202610;31;2;2;5;2743398.30
202610;31;14;2;4;503512
202610;32;1;2;3;102065
202610;32;1;3;1;1527.98
202610;32;2;2;2;201389.90
202610;32;4;2;1;1018.65
202610;32;5;2;1;1018.65
202610;33;1;2;7;70200
202610;33;2;2;5;109420.89
202610;33;4;2;2;0.02
202610;33;5;2;2;0.02
202610;33;9;2;2;31000
202610;34;3;2;1;100
202610;34;10;2;9;31.25
202610;34;10;3;1;3.46
202610;36;3;2;1430;61088113.69
202610;36;3;3;12;2353487.68
202610;36;3;6;6;769500
202610;37;1;2;5;44019.82
202610;37;2;2;6;37100
202610;40;2;2;4;110003000
202610;40;3;2;3591;118094320.10
202610;40;3;3;72;7342928.96
202610;40;3;6;8;366940.63
202610;42;1;2;11;57715490.15
202610;42;2;2;4;58001000
202610;43;1;2;5;18401
202610;43;2;2;5;71400
202610;43;3;2;4;15500
202610;43;4;2;2;501
202610;43;5;2;2;501
202610;46;1;2;2;150
202610;46;2;2;4;401
202610;47;1;2;1094;1926384624
202610;47;1;3;3;3862130
202610;47;2;2;3395;2025911022.06
202610;47;3;2;12;809530.22
202610;47;3;3;1;42643.45
202610;47;4;2;4589;3903056303.24
202610;47;5;2;4589;3903056303.24
202610;48;1;2;28;572642.15
202610;48;2;2;11;899626.80
202610;48;4;2;1;669.59
202610;48;5;2;1;669.59
202610;48;14;2;43;299051.43
202610;48;14;3;19;185270
202610;49;2;2;5;10121
202610;49;14;2;13;32005
202610;50;1;2;627;181253370.77
202610;50;1;3;4;2290700.36
202610;50;2;2;1623;322085489.14
202610;50;4;2;7;993681.57
202610;50;5;2;7;993681.57
202610;52;1;2;39;739500
202610;52;2;2;1;10000
202610;52;14;2;38;729500
202610;52;14;3;10;30000
202610;54;2;2;1;10000
202610;56;1;2;2;100
202610;56;2;2;2;201
202611;1;8;3;1;10000
202611;1;8;4;1;500
202611;3;1;2;4;36
202611;3;3;2;7;12.80
202611;3;3;6;1;4.40
202611;3;8;4;1;100
202611;4;1;2;41707;3666028397.37
202611;4;1;3;220;63481866.69
202611;4;2;2;102179;7207790030.67
202611;4;3;2;1970;52218983.19
202611;4;3;3;37;481939.37
202611;4;3;6;3;47391.08
202611;4;4;2;1680;306160475.97
202611;4;5;2;1680;306160475.97
202611;4;8;3;82;16978636.39
202611;4;8;4;204;18587364.75
202611;5;1;2;1263502;82512384687.36
202611;5;1;3;7146;680182714.22
202611;5;2;2;2656919;89296107912.39
202611;5;3;2;124865;2621717525.68
202611;5;3;3;2449;75092058.30
202611;5;3;5;5;135823
202611;5;3;6;92;4440145.75
202611;5;3;7;8;971374.18
202611;5;4;2;1546;189261348.28
202611;5;5;2;1546;189261348.28
202611;5;8;3;975;323211779.10
202611;5;8;4;1583;392411021.83
202611;5;14;2;932;66668054.71
202611;5;14;3;559;23018812.62
202611;6;2;2;2;400000000
202611;6;3;2;20601;449148644.16
202611;6;3;3;1228;34066581.76
202611;6;3;6;134;3643194.10
202611;6;3;7;2;46261.85
202611;9;1;2;5986;81915812.27
202611;9;1;3;31;175990
202611;9;2;2;15377;165952182.77
202611;9;3;2;1183;28804856.40
202611;9;3;3;21;3115981.36
202611;9;3;6;1;1
202611;9;4;2;106;2903119
202611;9;5;2;106;2903119
202611;9;7;2;17160;68546420
202611;9;8;4;2;10000
202611;13;1;2;1074;87871805.92
202611;13;1;3;1;5300
202611;13;2;2;4;520039.70
202611;13;3;2;5;175099.41
202611;14;1;2;1450;300274307.84
202611;14;1;3;9;272920.57
202611;14;2;2;8518;311951397.50
202611;14;3;2;23;509495.67
202611;14;3;3;1;4428.18
202611;14;4;2;10185;416603458.74
202611;14;5;2;10185;416603458.74
202611;15;1;2;27;472051.46
202611;16;1;2;29168;1584506608.66
202611;16;1;3;196;11218095.22
202611;16;2;2;22311;1405576926.42
202611;16;3;2;3897;120752049.73
202611;16;3;3;121;4174521.50
202611;16;3;6;1;19550
202611;16;3;7;1;1400
202611;16;4;2;128;7738796
202611;16;5;2;128;7738796
202611;16;8;3;13;4820000
202611;16;8;4;32;6112400
202611;16;14;2;7;145940
202611;16;14;3;35;8424304
202611;18;2;2;1010;1150848064.50
202611;18;3;2;43191;1136742984.62
202611;18;3;3;818;26265317.97
202611;18;3;6;79;8021531.18
202611;18;3;7;1;1500
202611;19;1;2;111;76565510
202611;19;2;2;18;76098571
202611;24;1;2;416272;39333071889.08
202611;24;1;3;2273;258824860.20
202611;24;2;2;261831;31115566074.64
202611;24;3;2;58710;1233279561.11
202611;24;3;3;1231;38596344.37
202611;24;3;6;87;3216387.51
202611;24;3;7;3;386148
202611;24;8;3;1021;142822783.17
202611;24;8;4;1489;125577599.27
202611;27;1;2;15;5586797.63
202611;27;1;3;2;10350.74
202611;27;2;2;20;15818531.12
202611;27;3;2;2;45668.56
202611;27;4;2;41;21471694.20
202611;27;5;2;41;21471694.20
202611;29;1;2;1;786204.50
202611;29;3;2;6;209641.28
202611;30;1;2;32;42354140.58
202611;30;2;2;213;46080565.35
202611;30;4;2;44;43195144.35
202611;30;5;2;44;43195144.35
202611;31;1;2;30;7319309.92
202611;31;2;2;11;9832237.47
202611;31;14;2;24;1293167.91
202611;31;14;3;3;258300
202611;32;1;2;1;170000
202611;32;1;3;3;13550
202611;32;3;2;1;14295.74
202611;32;4;2;3;2810
202611;32;5;2;3;2810
202611;33;1;2;1;20000
202611;33;2;2;3;32748.52
202611;33;4;2;6;101.24
202611;33;5;2;6;101.24
202611;33;9;2;2;31700.07
202611;34;9;2;1;2300000
202611;34;10;2;3;1621.59
202611;36;3;2;1600;66273276.85
202611;36;3;3;25;787835.31
202611;36;3;6;18;4835139.91
202611;37;1;2;5;34526
202611;37;1;3;1;1
202611;37;2;2;16;38362
202611;37;4;2;3;3
202611;37;5;2;3;3
202611;40;2;2;5;105002960
202611;40;3;2;3188;114147356.56
202611;40;3;3;84;31692349.45
202611;40;3;6;6;146166.40
202611;42;1;2;5;5911121.60
202611;42;2;2;2;5500000
202611;43;1;2;5;42420.25
202611;43;2;2;6;60500
202611;43;3;2;3;21600
202611;43;4;2;1;2500
202611;43;5;2;1;2500
202611;44;9;2;1;2925.13
202611;47;1;2;955;1725061678.36
202611;47;1;3;8;27005954.24
202611;47;2;2;3684;1679176163.52
202611;47;3;2;15;1124511.27
202611;47;4;2;4831;3561758202.24
202611;47;5;2;4831;3561758202.24
202611;48;1;2;34;782230
202611;48;2;2;4;344022.68
202611;48;14;2;17;539206
202611;48;14;3;7;60012
202611;49;2;2;5;16.01
202611;49;14;2;3;1008
202611;49;14;3;1;1000
202611;50;1;2;2166;607734456.25
202611;50;1;3;62;23566662.32
202611;50;2;2;3572;728754892.15
202611;50;4;2;76;14402808.53
202611;50;5;2;76;14402808.53
202611;52;1;2;65;1100000
202611;52;2;2;1;50000
202611;52;14;2;64;1050000
202611;52;14;3;12;713000
202611;54;1;2;16;99666764.05
202611;54;2;2;12;143486799.06
202612;3;1;2;1;1
202612;3;2;2;2;323.08
202612;3;3;2;1;1
202612;4;1;2;38014;2771346097.56
202612;4;1;3;196;15823268.19
202612;4;2;2;85360;5057338465.12
202612;4;3;2;1837;40299038.12
202612;4;3;3;86;1563277.96
202612;4;4;2;868;108664610.02
202612;4;5;2;868;108664610.02
202612;4;8;3;79;14355870
202612;4;8;4;145;14874565.10
202612;5;1;2;1181545;85471920831.72
202612;5;1;3;5901;495318335.36
202612;5;1;5;1;10000
202612;5;2;2;2416928;77497513813.91
202612;5;3;2;116526;2358631569.25
202612;5;3;3;4402;94951849.53
202612;5;3;4;6;1036938.04
202612;5;3;5;17;319229.34
202612;5;3;6;58;2690207.65
202612;5;3;7;5;272944.21
202612;5;4;2;1467;168247019.09
202612;5;5;2;1467;168247019.09
202612;5;8;3;31498;16540073122.63
202612;5;8;4;40516;12557398096.03
202612;5;8;5;4151;2164374258.25
202612;5;14;2;4764;390711798.86
202612;5;14;3;2984;274145130.40
202612;5;14;4;5;634368
202612;5;14;5;17;736417.06
202612;6;2;2;2;600000000
202612;6;3;2;20898;438403617.16
202612;6;3;3;2449;62550546.96
202612;6;3;6;136;3305603.36
202612;6;3;7;2;69446.66
202612;9;1;2;5824;66114004.52
202612;9;1;3;95;606564.58
202612;9;2;2;14758;149832416.99
202612;9;3;2;1170;22607476.44
202612;9;3;3;69;4656341
202612;9;3;6;1;13579.34
202612;9;4;2;102;2379149
202612;9;5;2;102;2379149
202612;9;7;2;16425;66186311
202612;13;1;2;1007;95975361.90
202612;13;1;3;1;93000
202612;13;2;2;10;3467301
202612;14;1;2;1097;221849765.33
202612;14;1;3;14;534202.02
202612;14;2;2;6253;221525193.54
202612;14;3;2;16;723718.63
202612;14;4;2;8120;378798008.16
202612;14;5;2;8120;378798008.16
202612;15;1;2;5;22437505.55
202612;16;1;2;27953;1235690354.43
202612;16;1;3;141;10600322.52
202612;16;2;2;19813;1053794466.42
202612;16;3;2;4045;116660137.25
202612;16;3;3;521;18585718.49
202612;16;3;4;1;121704.29
202612;16;3;6;8;174551.21
202612;16;3;7;2;108134.40
202612;16;4;2;144;8492732.34
202612;16;5;2;144;8492732.34
202612;16;8;3;15;3522888
202612;16;8;4;41;2126000
202612;16;8;5;1;100000
202612;18;2;2;1033;959821709.62
202612;18;3;2;38308;991861899.85
202612;18;3;3;2009;66042650.73
202612;18;3;4;3;113200
202612;18;3;6;65;5105575.38
202612;18;3;7;8;1478911.93
202612;19;1;2;122;93213229.74
202612;19;2;2;28;92366362.09
202612;24;1;2;379278;29159476439.96
202612;24;1;3;6610;474330973.51
202612;24;2;2;233654;25138821282.91
202612;24;3;2;58076;1106526340.85
202612;24;3;3;3379;68949596.32
202612;24;3;4;5;181406.50
202612;24;3;5;3;18500
202612;24;3;6;115;5432579.67
202612;24;3;7;5;862460.37
202612;24;8;3;1540;318010803
202612;24;8;4;3019;292397520.68
202612;24;8;5;111;21472600
202612;27;1;2;17;1276482.56
202612;27;2;2;13;3265455
202612;27;3;2;3;136908.20
202612;27;4;2;62;7538996.13
202612;27;5;2;62;7538996.13
202612;29;1;2;1;99.15
202612;29;2;2;3;3200000
202612;29;3;2;10;2397624.41
202612;30;1;2;19;41472203.23
202612;30;2;2;141;42331089
202612;30;4;2;41;41856950.56
202612;30;5;2;41;41856950.56
202612;31;1;2;12;2177514.51
202612;31;2;2;5;2317465.03
202612;32;1;2;1;70000
202612;32;1;3;2;4050
202612;32;2;2;1;150000
202612;32;3;2;2;200
202612;32;4;2;3;2310
202612;32;5;2;3;2310
202612;33;1;2;1;1000
202612;33;2;2;4;23034.94
202612;33;4;2;3;0.13
202612;33;5;2;3;0.13
202612;34;10;2;2;7.66
202612;36;3;2;113;3155700.13
202612;36;3;3;84;3941918.18
202612;36;3;6;1;21285
202612;37;1;2;34;438587.84
202612;37;2;2;76;635164.69
202612;37;4;2;3;10014.24
202612;37;5;2;3;10014.24
202612;40;2;2;5;140101471
202612;40;3;2;2930;99818343.29
202612;40;3;3;195;25149600.21
202612;40;3;6;3;221663.88
202612;42;1;2;11;2696379
202612;42;2;2;2;2400000
202612;43;1;2;6;22349.25
202612;43;2;2;7;12702
202612;43;3;2;1;8000
202612;43;4;2;1;3600
202612;43;5;2;1;3600
202612;47;1;2;1051;1755797885.18
202612;47;1;3;5;2835000
202612;47;2;2;5125;1906283967.47
202612;47;3;2;22;1379655.51
202612;47;4;2;6338;3813591159.69
202612;47;5;2;6338;3813591159.69
202612;49;2;2;6;2213.02
202612;49;14;2;11;17208
202612;49;14;3;2;100.01
202612;50;1;2;5957;885586490.32
202612;50;1;3;61;4859562.38
202612;50;2;2;6239;888472952.55
202612;50;4;2;533;80452479.06
202612;50;5;2;533;80452479.06
202612;52;1;2;76;1192000
202612;52;14;2;76;1192000
202612;52;14;3;13;91000
202612;54;1;2;16;40129966.21
202612;54;2;2;5;7494130.45
202612;54;4;2;1;5000
202612;54;5;2;1;5000
202612;56;1;2;2;33
202612;56;2;2;1;15
202613;3;2;2;1;14.85
202613;3;3;3;1;1
202613;4;1;2;35397;2237159638.82
202613;4;1;3;171;20515011.35
202613;4;2;2;87353;5534233179.19
202613;4;3;2;1695;32784694.03
202613;4;3;3;19;179848.24
202613;4;3;6;2;289384.15
202613;4;4;2;486;61557365.86
202613;4;5;2;486;61557365.86
202613;5;1;2;1091082;70257216513.46
202613;5;1;3;4726;382206374.10
202613;5;2;2;2195144;68731243702.87
202613;5;3;2;115655;2268792941.68
202613;5;3;3;1321;41443601.46
202613;5;3;5;22;173029.47
202613;5;3;6;68;1333786.49
202613;5;3;7;11;240453.43
202613;5;4;2;1372;142040391.85
202613;5;5;2;1372;142040391.85
202613;6;2;2;3;500000000
202613;6;3;2;20283;408620174.91
202613;6;3;3;1080;30311480.75
202613;6;3;6;122;3675252.98
202613;6;3;7;2;80151.10
202613;9;1;2;5369;45809813.68
202613;9;1;3;31;291475
202613;9;2;2;12951;118575448.61
202613;9;3;2;1085;18076467.13
202613;9;3;3;15;1715177
202613;9;4;2;100;1739579
202613;9;5;2;100;1739579
202613;9;7;2;14119;57501407
202613;13;1;2;1114;101912529.61
202613;13;1;3;2;16000
202613;13;2;2;6;95301
202613;14;1;2;1286;193009812.14
202613;14;1;3;19;875914.57
202613;14;2;2;7767;184803762.45
202613;14;3;2;21;932121.48
202613;14;3;6;1;6360
202613;14;4;2;9252;273431419.75
202613;14;5;2;9252;273431419.75
202613;16;1;2;28315;1137782440.75
202613;16;1;3;157;6107839.40
202613;16;2;2;18756;839289710.17
202613;16;3;2;5212;132552359.76
202613;16;3;3;138;5947448.90
202613;16;3;6;4;121061.97
202613;16;3;7;3;69678.63
202613;16;4;2;176;19313956
202613;16;5;2;176;19313956
202613;18;2;2;1081;1073458187.98
202613;18;3;2;39118;1031291930.35
202613;18;3;3;621;29248426.25
202613;18;3;6;57;8602469.71
202613;18;3;7;3;71168.59
202613;19;1;2;92;57757522.67
202613;19;2;2;17;57788525.86
202613;24;1;2;348990;26496445046.56
202613;24;1;3;1333;183745127.75
202613;24;2;2;205195;21090777901.29
202613;24;3;2;57616;1091223004.09
202613;24;3;3;982;21572063.11
202613;24;3;6;107;2743380.80
202613;24;3;7;13;546608.73
202613;27;1;2;36;2521606.16
202613;27;2;2;7;4700358.92
202613;27;3;2;7;206868.24
202613;27;4;2;51;7536833.32
202613;27;5;2;51;7536833.32
202613;29;3;2;11;684965
202613;30;1;2;14;41280416.89
202613;30;2;2;106;52519923.03
202613;30;4;2;44;44426768.66
202613;30;5;2;44;44426768.66
202613;31;1;2;16;6772307.62
202613;31;2;2;3;472351.47
202613;32;4;2;5;650
202613;32;5;2;5;650
202613;33;1;2;3;71870.02
202613;33;2;2;6;136572.27
202613;33;4;2;2;0.02
202613;33;5;2;2;0.02
202613;33;9;2;2;30000
202613;34;3;3;2;105
202613;34;3;6;2;15
202613;34;9;2;1;1431.14
202613;34;10;2;1;1
202613;36;3;2;2381;72825381.79
202613;36;3;3;47;2206621.97
202613;36;3;6;5;189253.22
202613;36;3;7;1;85970
202613;37;1;2;24;407499.49
202613;37;2;2;36;729953.36
202613;37;4;2;1;100
202613;37;5;2;1;100
202613;40;2;2;2;50025000
202613;40;3;2;3250;97663065.72
202613;40;3;3;68;3386750.13
202613;40;3;6;9;913761.98
202613;40;3;7;1;1470
202613;42;1;2;4;14118352
202613;42;2;2;21;18028806
202613;43;1;2;4;13300.01
202613;43;2;2;10;42253
202613;47;1;2;2579;1853842154.15
202613;47;1;3;19;28615466
202613;47;2;2;5505;2050607530.32
202613;47;3;2;40;2575461.06
202613;47;4;2;8286;4158718913.42
202613;47;5;2;8286;4158718913.42
202613;48;1;2;13;3528
202613;48;2;2;7;1699
202613;48;4;2;2;3
202613;48;5;2;2;3
202613;49;2;2;2;3800
202613;50;1;2;8022;1385658108.50
202613;50;1;3;47;6160177.69
202613;50;2;2;9393;1592545519.46
202613;50;4;2;139;31593468.77
202613;50;5;2;139;31593468.77
202613;52;1;2;1;2000
202613;52;2;2;1;2000
202613;54;1;2;6;194849314.52
202613;54;2;2;2;200895440.46
202613;54;4;2;2;2000
202613;54;5;2;2;2000
202614;3;3;2;10;131.70
202614;3;3;6;3;13.20
202614;4;1;2;36442;2436391796.65
202614;4;1;3;66;4361290.64
202614;4;2;2;86917;6871032932.01
202614;4;3;2;1758;39875889.39
202614;4;3;3;13;5893389.99
202614;4;3;6;1;202800
202614;4;4;2;356;46502046.04
202614;4;5;2;356;46502046.04
202614;5;1;2;333021;33904860371.39
202614;5;1;3;649;185515532.62
202614;5;1;5;2;6000
202614;5;2;2;862935;27289251302.26
202614;5;3;2;61020;1210536193.78
202614;5;3;3;397;11862958.65
202614;5;3;6;82;1847918.74
202614;5;3;7;5;229120.20
202614;5;4;2;516;60731018.22
202614;5;5;2;516;60731018.22
202614;6;2;2;1;200000000
202614;6;3;2;19936;415574879.02
202614;6;3;3;959;27786013.90
202614;6;3;6;156;4091149.29
202614;6;3;7;3;84275.50
202614;9;1;2;5922;58936558
202614;9;1;3;19;139246
202614;9;2;2;12675;126193158.48
202614;9;3;2;988;20981229.88
202614;9;3;3;13;1491897
202614;9;3;6;1;331000
202614;9;4;2;115;2863479.10
202614;9;5;2;115;2863479.10
202614;9;7;2;10033;40217300
202614;13;1;2;484;82856470.04
202614;13;2;2;1;141400
202614;14;1;2;1332;340258924.06
202614;14;1;3;11;301205
202614;14;2;2;8550;338024811.04
202614;14;3;2;28;603950.70
202614;14;3;3;1;150000
202614;14;4;2;10025;443128545.45
202614;14;5;2;10025;443128545.45
202614;15;2;2;1;5823.23
202614;16;1;2;30827;1428179646.53
202614;16;1;3;150;4228277.01
202614;16;2;2;22657;1333921047.36
202614;16;3;2;3526;121648445.73
202614;16;3;3;61;5542878.33
202614;16;4;2;185;27974563.63
202614;16;5;2;185;27974563.63
202614;18;1;2;2;28851441.89
202614;18;2;2;942;887069567.69
202614;18;3;2;34849;919499410.70
202614;18;3;3;311;22235565.32
202614;18;3;6;70;2846659.86
202614;18;3;7;1;318368.75
202614;19;1;2;94;56210744.75
202614;19;1;3;1;53835.06
202614;19;2;2;61;61987197.51
202614;24;1;2;370227;55943843627.82
202614;24;1;3;876;95428952.09
202614;24;2;2;266364;56050692905.50
202614;24;3;2;60255;1180253920.50
202614;24;3;3;631;17310662
202614;24;3;6;117;5111819.43
202614;24;3;7;7;320895.60
202614;27;1;2;25;3202665.46
202614;27;2;2;11;16914385.95
202614;27;3;2;7;231972.90
202614;27;4;2;43;20349024.31
202614;27;5;2;43;20349024.31
202614;29;2;2;1;500000
202614;29;3;2;14;382611
202614;30;1;2;26;59541650.34
202614;30;2;2;149;41634454.42
202614;30;4;2;43;46626890.16
202614;30;5;2;43;46626890.16
202614;31;1;2;18;3827058.46
202614;31;2;2;7;930892.67
202614;32;1;3;9;15.50
202614;32;3;2;6;700
202614;32;4;2;7;304
202614;32;5;2;7;304
202614;33;1;2;4;2001.02
202614;33;2;2;6;22983.45
202614;33;4;2;3;10.02
202614;33;5;2;3;10.02
202614;33;9;2;2;30500
202614;33;9;5;1;15500
202614;36;3;2;5;38059
202614;36;3;3;2;78900
202614;37;1;2;20;964630.14
202614;37;2;2;34;932720
202614;40;2;2;4;131030566
202614;40;3;2;4487;146504512.67
202614;40;3;3;34;1189359
202614;40;3;6;8;265729.84
202614;40;3;7;1;30249
202614;42;1;2;8;17861322.24
202614;42;2;2;45;16041402.91
202614;43;1;2;4;10020
202614;43;2;2;3;30010
202614;47;1;2;2975;2379509463.47
202614;47;1;3;13;4117172.62
202614;47;2;2;6451;2396117521.88
202614;47;3;2;61;4740435.22
202614;47;3;6;1;151998.83
202614;47;4;2;9737;5040448342.59
202614;47;5;2;9737;5040448342.59
202614;48;1;2;8;54
202614;48;2;2;4;36
202614;48;4;2;1;1
202614;48;5;2;1;1
202614;49;2;2;10;118060
202614;50;1;2;24472;5329001632.49
202614;50;1;3;227;38932140.35
202614;50;2;2;25653;4896401887.85
202614;50;4;2;361;70737656.10
202614;50;5;2;361;70737656.10
202614;54;1;2;15;82239664.81
202614;54;2;2;4;73964502
202614;54;4;2;1;5000000
202614;54;5;2;1;5000000
202614;56;1;2;2;30.02
202614;56;2;2;2;500016
202615;3;1;2;1;1
202615;3;3;2;1;10
202615;4;1;2;43123;3781936234.78
202615;4;1;3;85;21626063.33
202615;4;2;2;101506;10221294263.93
202615;4;3;2;1751;43963419.29
202615;4;3;3;9;451211.58
202615;4;3;6;1;4002.75
202615;4;4;2;356;33662569.90
202615;4;5;2;356;33662569.90
202615;5;2;2;213;6375591.29
202615;6;2;2;3;540000000
202615;6;3;2;19696;424286206.32
202615;6;3;3;935;29831234.70
202615;6;3;6;126;3472387.20
202615;6;3;7;1;39519
202615;9;1;2;5863;64680725.46
202615;9;1;3;22;263680
202615;9;2;2;14210;148849941.35
202615;9;3;2;1083;19134818.18
202615;9;3;3;6;919600
202615;9;3;6;3;155
202615;9;3;7;2;150
202615;9;4;2;74;1224659
202615;9;5;2;74;1224659
202615;9;7;2;17156;68076172
202615;13;2;2;2;500500
202615;14;1;2;1481;469912993.95
202615;14;1;3;12;648925.23
202615;14;2;2;8465;474121264.87
202615;14;3;2;47;1147234.03
202615;14;4;2;10213;631822013.52
202615;14;5;2;10213;631822013.52
202615;15;1;2;1;5823.23
202615;15;2;2;1;1000
202615;16;1;2;40641;2304972533.96
202615;16;1;3;167;8175905.80
202615;16;2;2;32483;2491904288.70
202615;16;3;2;2889;123385114.64
202615;16;3;3;83;6118009.83
202615;16;3;6;1;4800
202615;16;4;2;226;43921795
202615;16;5;2;226;43921795
202615;18;2;2;816;1017704998.02
202615;18;3;2;31235;957546362.45
202615;18;3;3;305;22729286.43
202615;18;3;6;49;2389475.68
202615;19;1;2;130;122225306.86
202615;19;2;2;15;120147907.10
202615;24;1;2;468200;54090279020.59
202615;24;1;3;944;135505146.64
202615;24;2;2;299254;44855586984.39
202615;24;3;2;61914;1314054113.57
202615;24;3;3;736;26489943.73
202615;24;3;6;133;7281908.38
202615;24;3;7;11;770936.28
202615;27;1;2;51;13395955.25
202615;27;2;2;14;9311767
202615;27;3;2;3;70454.12
202615;27;4;2;68;22778176.37
202615;27;5;2;68;22778176.37
202615;29;1;2;2;1001.45
202615;29;2;2;2;1700000
202615;29;3;2;13;1306560.93
202615;30;1;2;21;65511207.04
202615;30;2;2;276;67142489.10
202615;30;4;2;54;63010556.95
202615;30;5;2;54;63010556.95
202615;31;1;2;22;8071387.12
202615;31;2;2;9;13349137.69
202615;32;1;2;2;100010
202615;32;1;3;21;2828.15
202615;32;2;2;3;10988.50
202615;32;3;2;1;100
202615;32;4;2;29;3029.47
202615;32;5;2;29;3029.47
202615;33;1;2;4;30010.06
202615;33;2;2;11;83177.07
202615;33;4;2;2;0.03
202615;33;5;2;2;0.03
202615;33;9;2;2;32400
202615;37;1;2;15;643969.92
202615;37;2;2;13;826788
202615;40;2;2;4;180429917
202615;40;3;2;3569;118948525.95
202615;40;3;3;42;30936986.13
202615;40;3;6;5;613260.76
202615;42;1;2;11;35449447
202615;42;1;3;1;10
202615;42;2;2;98;33640451.17
202615;43;1;2;4;20000.25
202615;43;2;2;4;85.40
202615;43;3;2;1;4000
202615;47;1;2;5325;3820995997.90
202615;47;1;3;28;31620461.60
202615;47;2;2;8115;3771393135.36
202615;47;3;2;40;2551007.94
202615;47;3;3;1;515944
202615;47;4;2;13916;8218463134.92
202615;47;5;2;13916;8218463134.92
202615;48;4;2;2;2
202615;48;5;2;2;2
202615;49;2;2;8;67800
202615;50;1;2;26450;6528433706.26
202615;50;1;3;255;31715363.25
202615;50;2;2;23801;6808883416.35
202615;50;4;2;380;77060244.11
202615;50;5;2;380;77060244.11
202615;54;1;2;124;896818784.79
202615;54;1;3;2;47823056.60
202615;54;2;2;22;919163130.55
202615;54;3;3;3;45
202615;54;4;2;1;7000000
202615;54;5;2;1;7000000
202615;56;2;2;1;100
202616;3;1;2;1;1
202616;3;3;2;2;11
202616;4;1;2;38652;2486627732.57
202616;4;1;3;341;38787907.46
202616;4;2;2;72374;5323084398.71
202616;4;3;2;1943;44432958.24
202616;4;3;3;26;548733.58
202616;4;3;6;2;10100
202616;4;4;2;244;37176807.01
202616;4;5;2;244;37176807.01
202616;5;2;2;111;5653401
202616;6;2;2;2;400000000
202616;6;3;2;22552;484900064.36
202616;6;3;3;1027;29038060.40
202616;6;3;6;171;4418504.40
202616;6;3;7;2;53133.43
202616;9;1;2;5692;55987689.83
202616;9;1;3;119;1001706
202616;9;2;2;13227;124527024.83
202616;9;3;2;1127;13646582.56
202616;9;3;3;19;1674000
202616;9;3;6;2;135
202616;9;4;2;89;1727158
202616;9;5;2;89;1727158
202616;9;7;2;12863;50139122
202616;13;2;2;2;227000
202616;14;1;2;1603;413746176.85
202616;14;1;3;46;3738377.64
202616;14;2;2;8557;416919615.31
202616;14;3;2;36;949736.79
202616;14;4;2;10430;562684415.20
202616;14;5;2;10430;562684415.20
202616;16;1;2;41721;1832409870.32
202616;16;1;3;549;29088073.85
202616;16;2;2;32040;1656815428.72
202616;16;3;2;4636;153473913.60
202616;16;3;3;127;10273064.02
202616;16;3;6;8;171389.12
202616;16;3;7;2;361063.16
202616;16;4;2;349;53216560
202616;16;5;2;349;53216560
202616;18;2;2;927;838385259.45
202616;18;3;2;31569;876051105.12
202616;18;3;3;304;41404523.85
202616;18;3;6;50;1446793.07
202616;18;3;7;1;24136.07
202616;19;1;2;160;134636805.14
202616;19;1;3;1;71196.87
202616;19;2;2;21;132324120
202616;19;4;2;1;1057000
202616;19;5;2;1;1057000
202616;24;1;2;408711;31065424138.29
202616;24;1;3;8154;597408268.56
202616;24;2;2;264935;25253850269.63
202616;24;3;2;63612;1240372802.40
202616;24;3;3;634;18654858.44
202616;24;3;6;128;5329297.22
202616;24;3;7;15;645282.41
202616;27;1;2;26;57165144.47
202616;27;1;3;1;200
202616;27;2;2;15;5002946.51
202616;27;3;2;5;61800.86
202616;27;4;2;53;6442787.67
202616;27;5;2;53;6442787.67
202616;29;1;2;1;9.92
202616;29;2;2;2;2000000
202616;29;3;2;14;1043965.95
202616;30;1;2;14;77374080.61
202616;30;1;3;1;999
202616;30;2;2;256;79344076.42
202616;30;4;2;63;80262871.29
202616;30;5;2;63;80262871.29
202616;31;1;2;35;9871107.52
202616;31;1;3;1;500000
202616;31;2;2;11;7514554.30
202616;32;1;2;1;100
202616;32;4;2;1;1.50
202616;32;5;2;1;1.50
202616;33;1;2;9;18000.07
202616;33;2;2;6;39314.05
202616;33;9;2;2;31800
202616;37;1;2;16;457773.56
202616;37;2;2;16;200297.72
202616;40;2;2;4;110800000
202616;40;3;2;3842;128311371.76
202616;40;3;3;60;1657613.04
202616;40;3;6;3;34756.61
202616;42;1;2;12;56276921
202616;42;2;2;190;64122366.51
202616;43;1;2;2;11000
202616;43;2;2;3;32500
202616;47;1;2;2008;2924219981.99
202616;47;1;3;20;20050163.50
202616;47;2;2;8181;2837249488.41
202616;47;3;2;41;4249121.65
202616;47;3;3;3;228997
202616;47;4;2;10635;6295583925.79
202616;47;5;2;10635;6295583925.79
202616;48;1;2;10;518.95
202616;48;2;2;11;301
202616;49;2;2;10;124700
202616;50;1;2;25097;4491471121.38
202616;50;1;3;609;86588825.39
202616;50;2;2;20505;4471464578.38
202616;50;4;2;518;83121510.35
202616;50;5;2;518;83121510.35
202616;54;1;2;50;355253984.93
202616;54;2;2;10;385992015.47
202616;54;4;2;2;18250000
202616;54;5;2;2;18250000
202616;56;1;2;7;101429.53
202616;56;2;2;10;10053769.41
202617;3;1;2;1;1
202617;4;1;2;35506;2693465201.49
202617;4;1;3;91;4331892.77
202617;4;2;2;65710;4119954269.20
202617;4;3;2;1964;50696282.91
202617;4;3;3;21;1694163.91
202617;4;3;6;1;82840.76
202617;4;4;2;358;52610275.22
202617;4;5;2;358;52610275.22
202617;5;2;2;43;1557815.89
202617;6;2;2;1;400000000
202617;6;3;2;22498;465890609.30
202617;6;3;3;1034;29993763.65
202617;6;3;6;154;4053826.52
202617;6;3;7;1;56271.50
202617;9;1;2;5639;52165441.69
202617;9;1;3;20;221250
202617;9;2;2;12831;128391595.17
202617;9;3;2;906;17774801.26
202617;9;3;3;8;920610
202617;9;4;2;77;1658363.55
202617;9;5;2;77;1658363.55
202617;9;7;2;16146;63226332
202617;13;2;2;2;30020
202617;14;1;2;1646;200517184.77
202617;14;1;3;13;437949.58
202617;14;2;2;8511;202966310.70
202617;14;3;2;42;1968066.49
202617;14;4;2;10360;324718261.75
202617;14;5;2;10360;324718261.75
202617;16;1;2;42498;1756928465.82
202617;16;1;3;152;5699426.55
202617;16;2;2;28969;1462231618.14
202617;16;3;2;6863;204734686.92
202617;16;3;3;131;12760588.40
202617;16;3;6;14;227160.22
202617;16;3;7;1;65500
202617;16;4;2;437;108565693
202617;16;5;2;437;108565693
202617;18;2;2;1121;870937839.64
202617;18;3;2;32592;901005343.90
202617;18;3;3;351;27816841.71
202617;18;3;6;74;3115079.38
202617;18;3;7;8;386888.64
202617;19;1;2;187;157175146.95
202617;19;2;2;25;157236500
202617;19;4;2;2;4621599.27
202617;19;5;2;2;4621599.27
202617;24;1;2;391406;26480342154.59
202617;24;1;3;1369;107979402.78
202617;24;2;2;249212;24387524967.10
202617;24;3;2;63460;1178816583.15
202617;24;3;3;705;18405871.15
202617;24;3;6;116;7034728.01
202617;24;3;7;10;215967.69
202617;27;1;2;32;5140351.59
202617;27;2;2;13;3601959.44
202617;27;3;2;6;88974.60
202617;27;4;2;52;9131285.63
202617;27;5;2;52;9131285.63
202617;29;1;2;1;4.96
202617;29;2;2;1;500000
202617;29;3;2;14;1448429.39
202617;29;3;3;1;100000
202617;30;1;2;15;63419911.39
202617;30;2;2;269;73654711.61
202617;30;4;2;62;62264898.48
202617;30;5;2;62;62264898.48
202617;31;1;2;12;2842374
202617;31;2;2;7;2561526.75
202617;32;1;2;3;105030
202617;32;2;2;1;100000
202617;32;4;2;6;6635.10
202617;32;5;2;6;6635.10
202617;33;1;2;4;72342.33
202617;33;2;2;12;148318.05
202617;33;4;2;3;15110
202617;33;5;2;3;15110
202617;33;9;2;5;85000
202617;37;1;2;14;343199.34
202617;37;1;3;1;1
202617;37;2;2;16;244774
202617;37;4;2;2;10
202617;37;5;2;2;10
202617;40;2;2;3;125000000
202617;40;3;2;4140;124673064.55
202617;40;3;3;49;13648345.14
202617;40;3;6;9;266388.66
202617;40;3;7;1;37000
202617;42;1;2;34;65636635.82
202617;42;2;2;141;63042505.16
202617;42;4;2;19;13849188.43
202617;42;5;2;19;13849188.43
202617;42;14;3;4;4600
202617;43;1;2;2;13000
202617;43;2;2;3;30100
202617;43;3;2;1;24000
202617;43;4;2;1;4000
202617;43;5;2;1;4000
202617;47;1;2;2116;2821516571.51
202617;47;1;3;13;13557959.64
202617;47;2;2;9213;3157410878.32
202617;47;3;2;33;3649941.72
202617;47;4;2;11402;6285603951.68
202617;47;5;2;11402;6285603951.68
202617;48;1;2;3;120
202617;48;4;2;2;200
202617;48;5;2;2;200
202617;49;2;2;3;34000
202617;50;1;2;24003;3840783838.45
202617;50;1;3;216;48327578.37
202617;50;2;2;19231;4211654016.22
202617;50;4;2;354;74340681.46
202617;50;5;2;354;74340681.46
202617;54;1;2;38;317988695.18
202617;54;1;3;2;7749852
202617;54;2;2;13;491076296.69
202617;54;3;2;19;14944411.19
202617;54;4;2;1;21300000
202617;54;5;2;1;21300000
202617;56;1;2;7;180660
202617;56;2;2;4;431.03
202617;56;4;2;2;37.90
202617;56;5;2;2;37.90
202618;3;1;2;1;1
202618;3;2;2;1;1568.01
202618;3;3;2;18;46.60
202618;3;3;3;2;2
202618;3;3;6;3;13.20
202618;3;6;3;2;2
202618;4;1;2;31795;2579057569.40
202618;4;1;3;76;7723020.72
202618;4;2;2;77477;6291438225.97
202618;4;3;2;1898;42009303.33
202618;4;3;3;9;240182.16
202618;4;3;6;3;110119.34
202618;4;3;7;2;287771.86
202618;4;4;2;408;66768984.09
202618;4;5;2;408;66768984.09
202618;5;1;3;1;668559.91
202618;5;2;2;29;2377137.61
202618;6;2;2;2;550000000
202618;6;3;2;20047;404214056.50
202618;6;3;3;911;26443335.24
202618;6;3;6;167;4224973.22
202618;6;3;7;2;31071
202618;9;1;2;5546;51479102
202618;9;1;3;17;121580
202618;9;2;2;12800;131268352.31
202618;9;3;2;912;20827468.84
202618;9;3;3;15;3093599.97
202618;9;4;2;83;1965800
202618;9;5;2;83;1965800
202618;9;7;2;13549;53567271
202618;13;2;2;2;293000
202618;14;1;2;1543;430995523.76
202618;14;1;3;7;133266.22
202618;14;2;2;9409;427438997.80
202618;14;3;2;35;724207.83
202618;14;4;2;11152;571563046.69
202618;14;5;2;11152;571563046.69
202618;16;1;2;37376;1632600764.66
202618;16;1;3;137;8565140.91
202618;16;2;2;28899;1795076504.17
202618;16;3;2;6373;203133999.80
202618;16;3;3;82;6885191.01
202618;16;3;6;6;108268.29
202618;16;4;2;351;80952213
202618;16;5;2;351;80952213
202618;18;2;2;1277;860609572.31
202618;18;3;2;31044;831921400.42
202618;18;3;3;264;22726765.88
202618;18;3;6;56;2095708.85
202618;18;3;7;6;1321127.08
202618;19;1;2;134;105712911.89
202618;19;2;2;16;105224790.82
202618;19;4;2;1;1558000
202618;19;5;2;1;1558000
202618;24;1;2;375830;50961658528.91
202618;24;1;3;763;78439440.85
202618;24;2;2;264377;54842904072.16
202618;24;3;2;61587;1200380863.27
202618;24;3;3;569;17923751.59
202618;24;3;6;119;4341863.64
202618;24;3;7;7;285198.46
202618;27;1;2;32;107798760.07
202618;27;1;3;1;100000
202618;27;2;2;17;111364240.72
202618;27;3;2;13;439443.83
202618;27;4;2;62;113777273.41
202618;27;5;2;62;113777273.41
202618;29;1;2;3;251415.03
202618;29;2;2;2;1700000
202618;29;3;2;21;1852810.47
202618;30;1;2;19;67291115.97
202618;30;2;2;175;61836475.07
202618;30;4;2;63;64587417.49
202618;30;5;2;63;64587417.49
202618;31;1;2;13;2726326
202618;31;2;2;5;1898775.51
202618;32;1;2;11;2305
202618;32;3;2;1;1000
202618;32;4;2;7;1133
202618;32;5;2;7;1133
202618;33;1;2;2;1211
202618;33;2;2;2;1452846.60
202618;33;9;2;1;1430000
202618;34;3;6;3;1600
202618;34;10;2;3;1.09
202618;37;1;2;14;236012.53
202618;37;2;2;11;147615.69
202618;40;2;2;4;110170000
202618;40;3;2;4444;134454237.56
202618;40;3;3;44;1733536.56
202618;40;3;6;5;222269.72
202618;42;1;2;26;43350178.68
202618;42;2;2;187;54938504.74
202618;42;4;2;20;11051870.52
202618;42;5;2;20;11051870.52
202618;43;1;2;13;1124136
202618;43;2;2;7;1830136
202618;47;1;2;2109;3118711455.17
202618;47;1;3;11;15412000
202618;47;2;2;8578;3325873584.90
202618;47;3;2;36;4243608.26
202618;47;3;6;1;744699
202618;47;4;2;11115;6891797382.68
202618;47;5;2;11115;6891797382.68
202618;48;1;2;1;1
202618;48;2;2;1;10
202618;49;2;2;7;136950
202618;50;1;2;24098;4831680189.31
202618;50;1;3;196;36851146.97
202618;50;2;2;18178;5304796932.62
202618;50;4;2;355;87518925.58
202618;50;5;2;355;87518925.58
202618;54;1;2;48;391093682.67
202618;54;1;3;1;3874926.24
202618;54;2;2;11;216297326.81
202618;54;3;2;1;30
202618;54;4;2;1;42956200
202618;54;5;2;1;42956200
202618;56;1;2;35;1181618
202618;56;2;2;20;81932.67
202619;3;1;2;1;1
202619;3;3;2;5;11.90
202619;3;3;6;1;4.40
202619;4;1;2;38556;3315492863.91
202619;4;1;3;77;7184821
202619;4;2;2;114934;12489040857.51
202619;4;3;2;1915;41942856.86
202619;4;3;3;45;1360463.58
202619;4;3;6;4;53935.87
202619;4;4;2;736;136106991.85
202619;4;5;2;736;136106991.85
202619;5;2;2;41;14487318.29
202619;6;2;2;1;400000000
202619;6;3;2;20863;454896870.14
202619;6;3;3;1252;35090394.20
202619;6;3;6;240;6579465.95
202619;6;3;7;8;49704.15
202619;9;1;2;5808;67670350.39
202619;9;1;3;13;122756.16
202619;9;2;2;13611;149299416.29
202619;9;3;2;1092;22085387.32
202619;9;3;3;22;824440.35
202619;9;3;6;1;16
202619;9;4;2;83;2472940
202619;9;5;2;83;2472940
202619;9;7;2;15033;58625830
202619;14;1;2;1840;491756457.71
202619;14;1;3;31;3593398.30
202619;14;2;2;10791;495439554.53
202619;14;3;2;38;823780.59
202619;14;3;3;2;40000
202619;14;4;2;13029;753696150.72
202619;14;5;2;13027;753659150.72
202619;16;1;2;44378;2484666108.87
202619;16;1;3;96;9883524.63
202619;16;2;2;38844;3528352682.04
202619;16;3;2;5800;186755262.42
202619;16;3;3;171;9585051.48
202619;16;3;6;10;497894
202619;16;3;7;1;1300
202619;16;4;2;179;19581878
202619;16;5;2;179;19581878
202619;18;2;2;1057;973127357.32
202619;18;3;2;33026;945164499.16
202619;18;3;3;643;33116225.10
202619;18;3;6;78;13568588.47
202619;18;3;7;5;116750
202619;19;1;2;192;154823249.54
202619;19;2;2;35;154962544
202619;19;4;2;3;430184
202619;19;5;2;3;430184
202619;24;1;2;486185;63971878619.55
202619;24;1;3;1138;183724388.15
202619;24;2;2;345874;59723199186.71
202619;24;3;2;66244;1377586272.65
202619;24;3;3;1248;35720247.59
202619;24;3;6;145;6623845.95
202619;24;3;7;9;511510.40
202619;27;1;2;44;13317408.60
202619;27;2;2;14;11209320.42
202619;27;3;2;7;137553.48
202619;27;4;2;77;22484642.50
202619;27;5;2;77;22484642.50
202619;29;1;2;1;991.53
202619;29;2;2;3;7800000
202619;29;3;2;14;4872957.27
202619;29;3;3;4;10523660
202619;30;1;2;24;98384782.25
202619;30;2;2;596;99509099.91
202619;30;4;2;74;100464817.78
202619;30;5;2;74;100464817.78
202619;31;1;2;21;9810611.11
202619;31;2;2;9;19053163.47
202619;32;1;2;9;1022.40
202619;32;1;3;2;0
202619;32;2;2;2;50010
202619;32;4;2;10;580.81
202619;32;4;3;1;0
202619;32;5;2;10;580.81
202619;32;5;3;1;0
202619;33;1;2;1;1000
202619;33;1;3;1;30000
202619;33;2;2;7;252410.31
202619;33;4;2;2;1000.01
202619;33;5;2;2;1000.01
202619;33;9;2;3;117400
202619;37;1;2;6;452245.44
202619;37;2;2;7;485001
202619;37;4;2;2;19
202619;37;5;2;2;19
202619;40;2;2;3;160000000
202619;40;3;2;4265;123483251.85
202619;40;3;3;98;2196424.23
202619;40;3;6;10;280014.48
202619;42;1;2;34;88694356.93
202619;42;2;2;197;74099960.56
202619;42;4;2;3;999083.48
202619;42;5;2;3;999083.48
202619;42;14;3;3;30
202619;42;14;4;5;62
202619;42;14;5;1;10
202619;43;1;2;12;1536204.50
202619;43;2;2;9;1784199
202619;43;3;2;12;521515.48
202619;47;1;2;3901;5664249358.47
202619;47;1;3;10;35048003.40
202619;47;2;2;11132;5276246408.19
202619;47;3;2;59;6457617.04
202619;47;3;3;2;190508.88
202619;47;4;2;15661;12281763064.38
202619;47;5;2;15661;12281763064.38
202619;48;1;2;3;402
202619;48;2;2;3;399.57
202619;49;2;2;4;35100
202619;50;1;2;30721;9102952023.38
202619;50;1;3;234;47180498.24
202619;50;2;2;21948;9712677602.40
202619;50;4;2;386;110486830.11
202619;50;5;2;386;110486830.11
202619;54;1;2;83;573365967.31
202619;54;2;2;14;645572379.77
202619;56;1;2;78;27446213.38
202619;56;1;3;3;3273971.25
202619;56;2;2;12;21405613.30
202620;3;1;2;2;2
202620;3;3;2;8;1013.90
202620;3;3;3;1;1
202620;3;3;6;1;4.40
202620;4;1;2;38055;3043139624.09
202620;4;1;3;151;18068529.56
202620;4;2;2;96542;7332023943.59
202620;4;3;2;1964;46221394.53
202620;4;3;3;20;856653.96
202620;4;3;6;8;129322.45
202620;4;4;2;606;114149442.86
202620;4;5;2;606;114149442.86
202620;5;2;2;20;8820322.87
202620;6;2;2;1;400000000
202620;6;3;2;19998;476775355.18
202620;6;3;3;986;30795202.54
202620;6;3;6;172;4840062.53
202620;6;3;7;5;225124.70
202620;9;1;2;5771;65084750.60
202620;9;1;3;23;3690450
202620;9;2;2;13661;154341643.41
202620;9;3;2;1102;32251023.01
202620;9;3;3;30;3221532.85
202620;9;3;6;1;11.50
202620;9;4;2;56;949810
202620;9;5;2;56;949810
202620;9;7;2;14943;58467030
202620;9;14;4;1;1
202620;13;1;3;4;888000
202620;14;1;2;1979;293304078.36
202620;14;1;3;25;4372352.65
202620;14;2;2;10663;307196758.05
202620;14;3;2;32;1474990.13
202620;14;3;3;1;4400
202620;14;4;2;12922;506034681.27
202620;14;5;2;12922;506034681.27
202620;16;1;2;43070;2210803117.44
202620;16;1;3;163;7150343.44
202620;16;2;2;34093;2383506779.79
202620;16;3;2;5815;184011389.94
202620;16;3;3;90;3682217.33
202620;16;3;6;11;564968.20
202620;16;3;7;1;10787.40
202620;16;4;2;206;20524631.75
202620;16;5;2;206;20524631.75
202620;18;1;2;1;1115000.31
202620;18;2;2;963;804289258.02
202620;18;3;2;29691;827282621.43
202620;18;3;3;421;17791805.57
202620;18;3;6;78;2267090.14
202620;18;3;7;6;1027712.91
202620;19;1;2;224;181226912.99
202620;19;2;2;25;181265174.22
202620;19;4;2;2;27208000
202620;19;5;2;2;27208000
202620;24;1;2;469998;39179338801.27
202620;24;1;3;1605;148614993.50
202620;24;2;2;304795;31718089151.42
202620;24;3;2;66728;1410066730.29
202620;24;3;3;948;33844953.60
202620;24;3;6;135;7691396.21
202620;24;3;7;9;359864.50
202620;27;1;2;45;14254893.70
202620;27;2;2;13;15401109.44
202620;27;3;2;12;420735.71
202620;27;4;2;78;17565260.55
202620;27;5;2;78;17565260.55
202620;29;3;2;5;786502
202620;30;1;2;27;92653495.88
202620;30;2;2;726;90612635.55
202620;30;4;2;85;85299985.63
202620;30;5;2;85;85299985.63
202620;31;1;2;62;10108327.66
202620;31;2;2;6;28220593.51
202620;32;1;2;18;12982.46
202620;32;1;3;1;1.82
202620;32;2;2;8;26067
202620;32;3;2;1;100
202620;32;3;3;2;200
202620;32;4;2;10;250493.07
202620;32;5;2;10;250493.07
202620;33;1;2;4;45500
202620;33;2;2;10;122875.04
202620;33;4;2;3;17500.01
202620;33;5;2;3;17500.01
202620;33;9;2;5;98000
202620;33;9;3;1;93365
202620;33;9;5;1;16000
202620;33;10;2;10;24.50
202620;37;1;2;8;101601.75
202620;37;2;2;9;84070
202620;40;2;2;2;120000000
202620;40;3;2;3893;121452550.29
202620;40;3;3;74;2484278.52
202620;40;3;6;4;29931.77
202620;42;1;2;16;47832203.20
202620;42;2;2;191;52026883.38
202620;42;4;2;8;3784971.46
202620;42;5;2;8;3784971.46
202620;43;1;2;24;933100
202620;43;2;2;3;377000
202620;43;3;2;11;135284.90
202620;43;4;2;1;5000
202620;43;5;2;1;5000
202620;47;1;2;3276;4755814716.01
202620;47;1;3;15;40792058.04
202620;47;2;2;13055;5040250316.62
202620;47;3;2;65;4403499.12
202620;47;4;2;16815;10621293220.31
202620;47;5;2;16815;10621293220.31
202620;49;2;2;5;15200
202620;49;14;2;36;86564.20
202620;49;14;3;2;8999.20
202620;50;1;2;28554;9344135205.37
202620;50;1;3;237;114340582.65
202620;50;2;2;22025;9054424817.25
202620;50;4;2;402;87132097.83
202620;50;5;2;402;87132097.83
202620;54;1;2;53;864612848.80
202620;54;2;2;23;882361361.40
202620;54;3;2;2;8894878.16
202620;54;3;3;4;22716491.52
202620;56;1;2;59;17579607.89
202620;56;1;3;2;840000
202620;56;2;2;14;51538960.56
202620;60;1;2;5;11
202620;60;1;3;1;5
202620;60;4;2;6;16
202620;60;5;2;6;16
202620;60;14;2;14;38
202620;60;14;3;1;1
202620;60;14;4;1;1
202621;3;1;2;6;1505
202621;3;2;2;2;1540.74
202621;3;3;2;8;14.90
202621;3;3;6;1;4.40
202621;4;1;2;33339;2824422918.88
202621;4;1;3;428;48822763.78
202621;4;2;2;69114;5243203713.40
202621;4;3;2;1857;41533843.18
202621;4;3;3;33;343147.74
202621;4;3;6;5;25708.56
202621;4;4;2;440;243431754.38
202621;4;5;2;440;243431754.38
202621;5;2;2;16;9909891.24
202621;6;2;2;2;550000000
202621;6;3;2;17729;442455961.15
202621;6;3;3;1289;39638860.42
202621;6;3;6;160;5051023.35
202621;6;3;7;3;94411.32
202621;9;1;2;5563;56337486.95
202621;9;1;3;50;392855
202621;9;2;2;13219;130419350.36
202621;9;3;2;904;13543056.95
202621;9;3;3;31;654618.82
202621;9;3;6;1;3750
202621;9;4;2;93;3220632
202621;9;5;2;93;3220632
202621;9;7;2;14579;57120780
202621;13;1;2;2;364347.28
202621;13;1;3;1;142347.28
202621;14;1;2;1653;230593165.09
202621;14;1;3;30;2952428.35
202621;14;2;2;9360;218813571.87
202621;14;3;2;31;1026021.02
202621;14;4;2;11401;397492614.83
202621;14;5;2;11401;397492614.83
202621;16;1;2;39407;1732365747.90
202621;16;1;3;460;15945147.37
202621;16;2;2;28931;1726927973.56
202621;16;3;2;6461;184507221.27
202621;16;3;3;188;5755880.39
202621;16;3;6;10;123494.88
202621;16;4;2;179;12599397.70
202621;16;5;2;179;12599397.70
202621;18;2;2;1101;799735665.19
202621;18;3;2;29133;793172991.31
202621;18;3;3;823;36882060.94
202621;18;3;6;75;3099187.47
202621;18;3;7;31;1771355.02
202621;19;1;2;230;171825659.88
202621;19;1;3;3;199156.89
202621;19;2;2;16;171512961.89
202621;24;1;2;429357;29773010918.78
202621;24;1;3;3422;284321479.30
202621;24;2;2;277863;25226134408.99
202621;24;3;2;67528;1218114772.68
202621;24;3;3;1607;38966045.79
202621;24;3;6;135;8448773.13
202621;24;3;7;12;203129.87
202621;27;1;2;16;3370101
202621;27;1;3;2;150000
202621;27;2;2;7;2879967.94
202621;27;3;2;17;487399.47
202621;27;4;2;46;7091950.11
202621;27;5;2;46;7091950.11
202621;29;1;2;2;707784.23
202621;29;2;2;1;1000000
202621;29;3;2;16;2058970
202621;29;3;3;1;221920
202621;30;1;2;39;123645861.67
202621;30;2;2;716;111718048.50
202621;30;4;2;102;109674870.26
202621;30;5;2;102;109674870.26
202621;31;1;2;47;14035324
202621;31;1;3;1;100000
202621;31;2;2;8;13748253.60
202621;32;1;2;2;700
202621;32;2;2;3;690.79
202621;32;3;2;2;270
202621;32;4;2;7;111.11
202621;32;5;2;7;111.11
202621;33;1;2;2;1800
202621;33;2;2;10;180638.01
202621;33;4;2;1;15990
202621;33;5;2;1;15990
202621;33;9;2;10;160385.01
202621;33;10;2;13;23.49
202621;33;10;3;1;1
202621;34;3;2;1;1750
202621;34;3;3;2;6000
202621;34;3;6;1;1500
202621;34;9;2;1;3006.24
202621;34;10;2;4;6.38
202621;37;1;2;11;189079.16
202621;37;2;2;26;437690
202621;37;4;2;2;10
202621;37;5;2;2;10
202621;40;2;2;3;118600000
202621;40;3;2;4636;141300760.91
202621;40;3;3;167;5800761.06
202621;40;3;6;11;218215
202621;42;1;2;51;62474396.11
202621;42;2;2;176;61074691.24
202621;42;4;2;33;24773249.46
202621;42;5;2;33;24773249.46
202621;43;1;2;6;4025
202621;43;2;2;9;109300
202621;43;3;2;1;8100
202621;43;4;2;2;11264
202621;43;5;2;2;11264
202621;47;1;2;3292;4800149289.67
202621;47;1;3;46;94045273
202621;47;2;2;12530;4665914952.25
202621;47;3;2;40;5001572.94
202621;47;4;2;16265;11747177323.13
202621;47;5;2;16265;11747177323.13
202621;48;2;2;3;30
202621;49;2;2;10;121602
202621;49;14;2;37;319104.80
202621;49;14;3;5;34839.16
202621;50;1;2;26216;4659268238.84
202621;50;1;3;235;48955951.85
202621;50;2;2;18809;4975313355.38
202621;50;4;2;351;56894674.97
202621;50;5;2;351;56894674.97
202621;54;1;2;43;446395269.95
202621;54;1;3;1;2134885.82
202621;54;2;2;12;404770041.60
202621;56;1;2;67;22063010.63
202621;56;1;3;1;60000
202621;56;2;2;17;2023040.38
202621;60;1;2;4;104.90
202621;60;2;2;1;1
202621;60;4;2;4;104.90
202621;60;5;2;4;104.90
202621;60;14;2;9;210.40
202622;3;1;2;8;8
202622;3;3;2;11;17.90
202622;3;3;6;1;4.40
202622;4;1;2;34045;3016840812.91
202622;4;1;3;247;23715275.12
202622;4;1;5;1;116.60
202622;4;2;2;83103;7716543302.24
202622;4;3;2;1840;41839652.34
202622;4;3;3;38;722629.41
202622;4;3;6;3;22480
202622;4;4;2;428;99170337.33
202622;4;5;2;428;99170337.33
202622;5;2;2;21;4600904
202622;6;2;2;2;350000000
202622;6;3;2;15011;361888125.35
202622;6;3;3;916;27027716.98
202622;6;3;6;120;3314552.28
202622;6;3;7;1;2500
202622;9;1;2;5142;52432063.16
202622;9;1;3;33;217392
202622;9;2;2;12191;116396168.20
202622;9;3;2;935;8088948.23
202622;9;3;3;11;133170
202622;9;4;2;103;2883874
202622;9;5;2;103;2883874
202622;9;7;2;13582;53912470
202622;14;1;2;1716;343990075.65
202622;14;1;3;18;958696.68
202622;14;2;2;10454;344639949.77
202622;14;3;2;41;775178.89
202622;14;4;2;12474;498515516.87
202622;14;5;2;12474;498515516.87
202622;15;1;2;1;100000
202622;16;1;2;32944;1476841231.59
202622;16;1;3;269;11864108.57
202622;16;1;5;1;50000
202622;16;2;2;27119;1834695774.80
202622;16;3;2;5938;166365392.82
202622;16;3;3;152;6272147.37
202622;16;3;6;8;136026.27
202622;16;3;7;2;2200
202622;16;4;2;248;16875170.76
202622;16;5;2;248;16875170.76
202622;18;2;2;1035;740814823.59
202622;18;3;2;27423;763112757.36
202622;18;3;3;471;28768198.60
202622;18;3;6;63;8016153.95
202622;18;3;7;7;282068.08
202622;19;1;2;211;184412566.64
202622;19;1;3;1;5700
202622;19;2;2;7;184409000
202622;24;1;2;398455;37663345141.55
202622;24;1;3;1921;151338997.66
202622;24;1;5;7;265309
202622;24;2;2;272949;39112630407.62
202622;24;3;2;64409;1204283400.83
202622;24;3;3;934;21459078.91
202622;24;3;6;117;4572340.15
202622;24;3;7;10;289536.40
202622;27;1;2;42;5144098.29
202622;27;2;2;10;3331382.34
202622;27;3;2;15;360968.75
202622;27;4;2;74;9468449.38
202622;27;5;2;74;9468449.38
202622;29;1;2;1;0.99
202622;29;2;2;1;1000000
202622;29;3;2;16;1233365.33
202622;30;1;2;29;91038002.26
202622;30;1;3;1;4335
202622;30;2;2;600;99063327.94
202622;30;4;2;103;94100466.39
202622;30;5;2;103;94100466.39
202622;31;1;2;48;28428650.69
202622;31;2;2;6;12374185.78
202622;32;4;2;10;2105
202622;32;5;2;10;2105
202622;33;1;2;2;0.02
202622;33;2;2;6;153039.77
202622;33;9;2;2;32000
202622;33;10;2;3;3.06
202622;34;9;2;1;500
202622;37;1;2;20;772880.42
202622;37;2;2;42;624123
202622;40;2;2;3;128000000
202622;40;3;2;4204;124335527.38
202622;40;3;3;97;3697334.99
202622;40;3;6;15;5637888.52
202622;42;1;2;26;34667817.29
202622;42;2;2;123;38658577.09
202622;42;4;2;12;9523912.06
202622;42;5;2;12;9523912.06
202622;43;1;2;15;701610
202622;43;2;2;19;184710
202622;43;3;2;2;8850
202622;43;4;2;2;3800
202622;43;5;2;2;3800
202622;47;1;2;2996;4648744895.41
202622;47;1;3;12;6947423.06
202622;47;2;2;12759;4740779587.72
202622;47;3;2;83;7754315.90
202622;47;3;3;2;27315.88
202622;47;4;2;16341;10373950198.98
202622;47;5;2;16341;10373950198.98
202622;48;1;2;2;112
202622;48;2;2;2;110
202622;48;4;2;1;100
202622;48;5;2;1;100
202622;49;2;2;3;82160
202622;49;14;2;17;144843.40
202622;49;14;3;1;3459.98
202622;50;1;2;26355;5131465424.94
202622;50;1;3;249;46625928.35
202622;50;2;2;18135;5270699408.97
202622;50;4;2;375;66546648.80
202622;50;5;2;375;66546648.80
202622;54;1;2;41;380021011.42
202622;54;2;2;9;602390747.79
202622;56;1;2;175;131880737.66
202622;56;2;2;17;183661019.03
202622;60;1;2;1;1.20
202622;60;4;2;2;2.50
202622;60;5;2;2;2.50
202622;60;14;2;2;2.50
202623;3;1;2;1;1
202623;3;3;2;7;20.80
202623;3;3;6;2;8.80
202623;4;1;2;38864;3515814825.86
202623;4;1;3;231;26889417.35
202623;4;2;2;108554;11875701235.18
202623;4;3;2;1966;43142086.90
202623;4;3;3;19;343396.79
202623;4;4;2;825;278365433.17
202623;4;5;2;825;278365433.17
202623;5;2;2;18;5245805.13
202623;6;2;2;1;250000000
202623;6;3;2;10294;296102849.31
202623;6;3;3;480;17176061.38
202623;6;3;6;111;3635654.16
202623;6;3;7;1;20700
202623;9;1;2;5418;64735031.88
202623;9;1;3;46;482770.66
202623;9;2;2;12313;127643075.62
202623;9;3;2;1012;9501994.43
202623;9;3;3;12;95800
202623;9;3;6;2;3100
202623;9;4;2;67;1328571
202623;9;5;2;67;1328571
202623;9;7;2;14067;54496160
202623;14;1;2;1881;767394700.54
202623;14;1;3;16;1517584.51
202623;14;2;2;12480;768036783.41
202623;14;3;2;45;650073.78
202623;14;3;3;1;7400
202623;14;4;2;14699;1000985742.72
202623;14;5;2;14699;1000985742.72
202623;16;1;2;40058;2265822363.73
202623;16;1;3;260;15991590.61
202623;16;2;2;40873;4109155473.17
202623;16;3;2;6246;209814795.21
202623;16;3;3;118;7406304.27
202623;16;3;6;6;359651.75
202623;16;3;7;1;56472.30
202623;16;4;2;146;8395932
202623;16;5;2;146;8395932
202623;18;2;2;1050;902822728.16
202623;18;3;2;30582;900562850.84
202623;18;3;3;467;16569918.24
202623;18;3;6;111;13825659.07
202623;18;3;7;3;22300
202623;19;1;2;287;202996485.35
202623;19;1;3;1;30000
202623;19;2;2;12;202677000
202623;24;1;2;483313;68966769391.68
202623;24;1;3;2396;210343135.34
202623;24;2;2;375495;68078627768.93
202623;24;3;2;69253;1427222858.70
202623;24;3;3;1020;30215220.28
202623;24;3;6;146;6403929.94
202623;24;3;7;8;650168.08
202623;27;1;2;49;14053637.39
202623;27;1;3;1;16359.73
202623;27;2;2;23;21029550.24
202623;27;3;2;8;156374.21
202623;27;4;2;90;35404121.57
202623;27;5;2;90;35404121.57
202623;29;2;2;1;1000000
202623;29;3;2;13;1261215.89
202623;29;3;3;1;41154.16
202623;30;1;2;45;117176428.08
202623;30;2;2;819;105981021.36
202623;30;4;2;95;100473797.04
202623;30;5;2;95;100473797.04
202623;31;1;2;65;25016394.62
202623;31;2;2;6;35817409.50
202623;31;14;2;1;10
202623;32;2;2;2;977.22
202623;33;1;2;10;1693213.38
202623;33;2;2;12;1766395.17
202623;33;4;2;3;7100.01
202623;33;5;2;3;7100.01
202623;33;9;2;2;33000
202623;33;10;2;8;8
202623;33;10;3;2;2
202623;37;1;2;28;901844.21
202623;37;2;2;43;1684598.03
202623;37;4;2;1;100
202623;37;5;2;1;100
202623;40;2;2;5;135000000
202623;40;3;2;4318;135683368.39
202623;40;3;3;82;3032029.35
202623;40;3;6;14;346417.83
202623;42;1;2;22;62428839.33
202623;42;2;2;206;71401118.69
202623;42;4;2;6;4333859.89
202623;42;5;2;6;4333859.89
202623;43;1;2;42;7867966.68
202623;43;2;2;34;4085758.23
202623;43;3;2;11;362147.12
202623;43;3;6;1;100
202623;43;4;2;4;209900
202623;43;5;2;4;209900
202623;47;1;2;4787;6245473440.45
202623;47;1;3;35;28126439.78
202623;47;2;2;20295;6125302649.75
202623;47;3;2;89;7629000.65
202623;47;3;6;1;29741
202623;47;4;2;26068;13292047514
202623;47;5;2;26068;13292047514
202623;48;1;2;2;305000
202623;48;4;2;1;1
202623;48;5;2;1;1
202623;48;14;2;1;10
202623;49;2;2;2;75000
202623;49;14;2;25;195896.80
202623;49;14;3;1;18320
202623;50;1;2;31884;8054134708.78
202623;50;1;3;262;105068889.37
202623;50;2;2;22955;8455354792.17
202623;50;4;2;411;117240075.24
202623;50;5;2;411;117240075.24
202623;52;1;2;1;50000
202623;52;14;2;1;50000
202623;54;1;2;47;520320264.44
202623;54;2;2;13;341228436.09
202623;54;4;2;3;29453400
202623;54;5;2;3;29453400
202623;56;1;2;220;132783246.18
202623;56;2;2;14;146701964.81
202623;56;3;2;1;15.64
202623;56;3;3;1;16
202623;56;3;6;1;18
202623;56;3;7;1;16
202623;56;4;2;4;313
202623;56;5;2;3;303
202623;60;1;2;18;1768301.69
202623;60;4;2;15;1768291.19
202623;60;5;2;15;1768291.19
202623;60;14;2;15;1768291.19
202623;60;14;3;2;11
202623;60;14;6;1;1
202623;60;14;7;1;2
202623;60;14;8;1;1
202624;3;1;2;5;5
202624;3;2;2;2;2079.68
202624;3;3;2;9;32
202624;3;3;3;10;150
202624;3;3;5;1;10
202624;4;1;2;40045;3949513584.44
202624;4;1;3;2502;198725949.42
202624;4;2;2;83181;7999012502.06
202624;4;3;2;2046;55051997.74
202624;4;3;3;59;1412957.71
202624;4;3;6;4;76229.20
202624;4;4;2;556;310431363.73
202624;4;5;2;556;310431363.73
202624;5;2;2;15;6751439.60
202624;6;2;2;2;350000000
202624;6;3;2;6829;217802880.90
202624;6;3;3;587;22689092
202624;6;3;6;75;2717075.20
202624;6;3;7;1;47183.82
202624;9;1;2;5439;70630176.40
202624;9;1;3;348;5299594.06
202624;9;2;2;12346;134176951.93
202624;9;3;2;1009;9238461.22
202624;9;3;3;49;448103.70
202624;9;3;6;4;15535
202624;9;4;2;97;2250444
202624;9;5;2;97;2250444
202624;9;7;2;13896;54323470
202624;14;1;2;2064;373167494.69
202624;14;1;3;96;7108308.96
202624;14;2;2;14006;513748946.78
202624;14;3;2;40;907640.92
202624;14;3;3;2;6800
202624;14;4;2;16500;748428006.81
202624;14;5;2;16500;748428006.81
202624;16;1;2;44274;2411376636.71
202624;16;1;3;3922;170883202.14
202624;16;2;2;38495;3138782056.91
202624;16;3;2;6533;215535699.44
202624;16;3;3;278;10098425.37
202624;16;3;6;14;567475.91
202624;16;4;2;118;8085967
202624;16;5;2;118;8085967
202624;18;2;2;993;890937105.04
202624;18;3;2;29553;881173394.42
202624;18;3;3;710;26223344.13
202624;18;3;6;128;2684242.08
202624;18;3;7;2;116819.10
202624;19;1;2;303;227253662.45
202624;19;1;3;2;100250
202624;19;2;2;12;227358001
202624;24;1;2;493682;46832899000.34
202624;24;1;3;22395;1510799308.61
202624;24;2;2;332387;35811354582.32
202624;24;3;2;69285;1518997364.93
202624;24;3;3;2595;85050856.93
202624;24;3;6;188;9116920.84
202624;24;3;7;6;1094488.49
202624;27;1;2;49;7316535.76
202624;27;1;3;3;590030.43
202624;27;2;2;6;2759045.38
202624;27;3;2;11;475991.20
202624;27;4;2;80;12759034.93
202624;27;5;2;80;12759034.93
202624;29;1;2;1;79.32
202624;29;2;2;1;1000000
202624;29;3;2;16;1136762.67
202624;29;3;3;4;1363100
202624;30;1;2;37;137359380.39
202624;30;2;2;703;139973303.68
202624;30;4;2;108;132617597.80
202624;30;5;2;108;132617597.80
202624;31;1;2;71;31149905.97
202624;31;1;3;2;500000
202624;31;2;2;60;73925688.42
202624;31;14;2;5;850133.17
202624;32;2;2;1;488.11
202624;33;1;2;4;9100
202624;33;2;2;7;108362.46
202624;33;4;2;5;18000.04
202624;33;5;2;5;18000.04
202624;33;9;2;7;117166.91
202624;33;10;2;11;78.03
202624;33;10;4;1;10
202624;34;3;2;16;4901
202624;34;9;2;2;593.66
202624;34;10;2;14;2.64
202624;34;10;4;1;0.34
202624;36;3;2;3548;82365006.77
202624;36;3;3;282;9780043
202624;36;3;6;25;674661.69
202624;37;1;2;15;182422.74
202624;37;1;3;2;2932.20
202624;37;2;2;31;347024
202624;37;4;2;1;2
202624;37;5;2;1;2
202624;40;2;2;4;200900000
202624;40;3;2;4520;152733912.39
202624;40;3;3;203;5140400.30
202624;40;3;6;33;1190949.87
202624;42;1;2;25;78230731.52
202624;42;1;3;3;1802000
202624;42;2;2;213;66106923.42
202624;42;4;2;14;8193369.35
202624;42;5;2;14;8193369.35
202624;43;1;2;91;11746371.26
202624;43;1;3;16;1290895
202624;43;2;2;62;2767173.62
202624;43;3;2;19;276305
202624;43;4;2;6;16804
202624;43;5;2;6;16804
202624;47;1;2;4387;7067242883.28
202624;47;1;3;252;303650028.27
202624;47;2;2;23010;7706005961.55
202624;47;3;2;75;7829087.06
202624;47;4;2;28458;16710676352.81
202624;47;5;2;28458;16710676352.81
202624;48;1;2;5;1710000
202624;48;2;2;3;1091530
202624;48;14;2;5;300042.01
202624;49;2;2;12;330562
202624;49;14;2;21;171091.58
202624;49;14;3;5;130950.40
202624;50;1;2;29851;6087569744.98
202624;50;1;3;1588;216547827.89
202624;50;2;2;23124;6520219079.76
202624;50;4;2;435;99094173.49
202624;50;5;2;435;99094173.49
202624;51;2;2;1;5000
202624;54;1;2;68;1157119598.12
202624;54;1;3;3;3800000.01
202624;54;2;2;36;1183086971.14
202624;54;3;2;4;17319097.17
202624;54;4;2;6;185312800.08
202624;54;5;2;6;185312800.08
202624;56;1;2;1083;499574122.34
202624;56;1;3;73;18944922.66
202624;56;2;2;126;1034389961.87
202624;56;3;2;17;290243.90
202624;56;3;3;2;15252.50
202624;56;4;2;4;480420
202624;56;5;2;4;480420
202624;58;2;2;1;20000
202624;58;3;6;1;16.98
202624;60;1;2;3;132621.20
202624;60;2;2;1;1.20
202624;60;4;2;3;132621.20
202624;60;5;2;3;132621.20
202624;60;14;2;2;132620
202625;3;1;2;2;2
202625;3;3;2;2;2
202625;3;3;3;1;1
202625;4;1;2;38091;3001756695.23
202625;4;1;3;264;27992584.33
202625;4;2;2;97996;6342613337.68
202625;4;3;2;1905;47338649.93
202625;4;3;3;24;923131.15
202625;4;3;6;5;73101.76
202625;4;3;7;2;88394.50
202625;4;4;2;1816;386167236.52
202625;4;5;2;1816;386167236.52
202625;5;2;2;8;10336294.78
202625;6;3;2;4340;139357696.57
202625;6;3;3;266;9959210.76
202625;6;3;6;44;1657449.23
202625;6;3;7;1;1689.80
202625;9;1;2;5199;51319571.72
202625;9;1;3;45;374940.03
202625;9;2;2;11267;110833612.49
202625;9;3;2;980;9034365.40
202625;9;3;3;8;52000
202625;9;4;2;75;1742865
202625;9;5;2;75;1742865
202625;9;7;2;12691;50757810
202625;14;1;2;1821;445749199.83
202625;14;1;3;26;1494046.92
202625;14;2;2;11173;319817573.95
202625;14;3;2;35;1445918.19
202625;14;4;2;13174;490299944.66
202625;14;5;2;13174;490299944.66
202625;16;1;2;39502;1755511984.95
202625;16;1;3;290;9660615.52
202625;16;2;2;29512;1796305024.75
202625;16;3;2;6836;200294026.73
202625;16;3;3;77;2615352.76
202625;16;3;6;9;489199.16
202625;16;4;2;137;7636221
202625;16;5;2;137;7636221
202625;18;2;2;1043;914768498.66
202625;18;3;2;30771;885425071.59
202625;18;3;3;381;14730759.20
202625;18;3;6;113;4281504.74
202625;18;3;7;6;77860
202625;19;1;2;254;170982534.86
202625;19;2;2;14;172219998.84
202625;24;1;2;453926;33368470680.71
202625;24;1;3;2285;151285336.36
202625;24;2;2;310071;31110946416.65
202625;24;3;2;71710;1484238126.22
202625;24;3;3;841;23152651.24
202625;24;3;6;140;7504996.18
202625;24;3;7;11;568920.24
202625;27;1;2;30;4821336.12
202625;27;2;2;24;10546137.02
202625;27;3;2;5;214835.44
202625;27;4;2;64;14683658.20
202625;27;5;2;64;14683658.20
202625;29;3;2;14;685145.19
202625;30;1;2;61;133499336.08
202625;30;2;2;866;106818077.49
202625;30;4;2;100;102753889.89
202625;30;5;2;100;102753889.89
202625;31;1;2;82;29111481.02
202625;31;2;2;6;15652715.10
202625;31;14;2;22;7264625.95
202625;31;14;3;1;60100
202625;32;2;2;2;289.72
202625;33;1;2;23;315870.75
202625;33;1;3;1;7000
202625;33;2;2;33;801441.01
202625;33;4;2;2;18200
202625;33;5;2;2;18200
202625;33;9;2;4;64000.37
202625;33;10;3;2;2.38
202625;33;10;4;3;3
202625;37;1;2;18;1114199.26
202625;37;2;2;30;1296267
202625;37;4;2;1;4
202625;37;5;2;1;4
202625;40;2;2;3;100500000
202625;40;3;2;4586;143822261.54
202625;40;3;3;80;3382700.72
202625;40;3;6;34;156283.55
202625;42;1;2;46;63933735.49
202625;42;2;2;145;75121123.33
202625;42;4;2;33;22387511.18
202625;42;5;2;33;22387511.18
202625;43;1;2;391;49689241.06
202625;43;1;3;30;8106687.88
202625;43;2;2;170;6276473.35
202625;43;3;2;40;731805.80
202625;43;4;2;2;10800
202625;43;5;2;2;10800
202625;47;1;2;4225;6471872268.17
202625;47;1;3;24;51190254.30
202625;47;2;2;22721;6276398030.59
202625;47;3;2;76;6359503.91
202625;47;4;2;27958;14235044146.18
202625;47;5;2;27958;14235044146.18
202625;48;2;2;3;4945.50
202625;48;14;2;5;10022
202625;48;14;3;1;843
202625;49;2;2;5;93278
202625;49;14;2;13;116533.60
202625;50;1;2;28070;4876608404.04
202625;50;1;3;249;67110223
202625;50;2;2;21480;4917693339.61
202625;50;4;2;442;101126754.58
202625;50;5;2;442;101126754.58
202625;51;2;2;3;45000
202625;54;1;2;40;357904709.82
202625;54;1;3;1;70899
202625;54;2;2;4;343381671.11
202625;54;4;2;1;15029000
202625;54;5;2;1;15029000
202625;56;1;2;1074;244462496.93
202625;56;1;3;8;2652000
202625;56;2;2;110;122300123.96
202625;56;3;2;8;140988.27
202625;56;3;3;3;54.09
202625;56;3;6;2;36.02
202625;56;3;7;2;36.06
202625;56;4;2;1;70000
202625;56;5;2;1;70000
202625;60;1;2;12;65215.24
202625;60;2;2;7;14.24
202625;60;4;2;13;65315.24
202625;60;5;2;13;65315.24
202625;60;14;2;5;65201
202626;3;1;2;1;1
202626;3;2;2;2;1.50
202626;3;3;2;10;30.70
202626;3;3;6;3;13.20
202626;4;1;2;37673;2544740986.99
202626;4;1;3;327;36829471.37
202626;4;2;2;86605;4856848294.52
202626;4;3;2;1963;56772608.17
202626;4;3;3;47;1490661.64
202626;4;3;6;12;261138.01
202626;4;4;2;1733;238649552.27
202626;4;5;2;1733;238649552.27
202626;5;2;2;4;1400811.19
202626;6;3;2;1915;54324684.14
202626;6;3;3;175;6507559.20
202626;6;3;6;30;1016719.29
202626;6;3;7;1;59836.40
202626;9;1;2;4906;47354070.87
202626;9;1;3;47;406730.31
202626;9;2;2;11264;112983498.35
202626;9;3;2;994;9675217.79
202626;9;3;3;24;200100
202626;9;4;2;62;1882933
202626;9;5;2;62;1882933
202626;9;7;2;12905;49580430
202626;14;1;2;1847;471911242.06
202626;14;1;3;16;781336.82
202626;14;2;2;12547;467184598.07
202626;14;3;2;35;637630.24
202626;14;3;3;4;189548
202626;14;3;6;1;500
202626;14;4;2;14853;666531628
202626;14;5;2;14853;666531628
202626;16;1;2;32310;1423692165.09
202626;16;1;3;328;17481799.87
202626;16;2;2;24038;1508603718.24
202626;16;3;2;6114;182475892.69
202626;16;3;3;172;3525064.59
202626;16;3;6;21;1281324.57
202626;16;3;7;2;86575
202626;16;4;2;110;6020473.10
202626;16;5;2;110;6020473.10
202626;18;2;2;1151;838951755.87
202626;18;3;2;29873;850941752.38
202626;18;3;3;672;27567322.62
202626;18;3;4;1;143500
202626;18;3;6;130;2672450.30
202626;18;3;7;6;93470
202626;19;1;2;319;203081547.70
202626;19;2;2;22;220188006
202626;24;1;2;442110;32430678209.90
202626;24;1;3;3276;208905073.92
202626;24;1;5;7;127759.91
202626;24;2;2;297232;32539565818.63
202626;24;3;2;71915;1482611741.31
202626;24;3;3;1730;45282183.78
202626;24;3;4;2;65480.17
202626;24;3;6;315;8539209
202626;24;3;7;7;227011.10
202626;27;1;2;46;11767225.44
202626;27;2;2;43;16010509.31
202626;27;3;2;11;293944.78
202626;27;4;2;101;23971679.53
202626;27;5;2;101;23971679.53
202626;29;1;2;1;1000
202626;29;2;2;1;5100000
202626;29;3;2;6;25100
202626;30;1;2;43;141757650.14
202626;30;2;2;688;136244297.19
202626;30;4;2;104;127046476.40
202626;30;5;2;104;127046476.40
202626;31;1;2;108;45876920.50
202626;31;2;2;6;20788885.65
202626;31;14;2;21;2360041.02
202626;31;14;3;1;250000
202626;33;1;2;15;2399091.97
202626;33;2;2;56;1848894.29
202626;33;4;2;4;31100.01
202626;33;5;2;4;31100.01
202626;33;9;2;4;67000
202626;33;9;3;2;37000
202626;33;10;2;3;21
202626;36;3;2;71;1419144.37
202626;36;3;3;3;54100
202626;37;1;2;103;5432595.31
202626;37;2;2;286;9447964.36
202626;37;4;2;6;20718
202626;37;5;2;6;20718
202626;40;2;2;3;138700000
202626;40;3;2;5664;177251892.59
202626;40;3;3;124;5087521.04
202626;40;3;6;39;3071034.22
202626;42;1;2;22;11482704.03
202626;42;2;2;178;50223337.93
202626;42;4;2;10;6779578.79
202626;42;5;2;10;6779578.79
202626;43;1;2;610;65593998.24
202626;43;1;3;3;205100
202626;43;2;2;195;10196483.43
202626;43;3;2;37;1174709.75
202626;43;3;3;1;19800
202626;43;4;2;4;5750
202626;43;5;2;4;5750
202626;47;1;2;4617;6765317999.40
202626;47;1;3;32;30824259
202626;47;2;2;25368;6758640349.87
202626;47;3;2;46;2741457.83
202626;47;3;3;2;94250
202626;47;3;6;1;28350
202626;47;4;2;31073;15312661992.63
202626;47;5;2;31073;15312661992.63
202626;48;1;2;2;13
202626;48;14;2;1;12
202626;49;1;2;1;128002
202626;49;2;2;4;45116.80
202626;49;14;2;24;468992.80
202626;50;1;2;28332;5480184244.89
202626;50;1;3;300;49767815.16
202626;50;2;2;20867;5454675339.36
202626;50;4;2;461;110077379.63
202626;50;5;2;461;110077379.63
202626;52;1;2;34;1832502
202626;52;2;2;1;1500
202626;52;14;2;33;1831002
202626;52;14;3;16;1356000
202626;54;1;2;30;236678051.97
202626;54;2;2;6;242268942.06
202626;54;4;2;3;34269333
202626;54;5;2;3;34269333
202626;56;1;2;1549;779241444.33
202626;56;1;3;6;5560000
202626;56;2;2;197;1260537728.54
202626;56;3;2;79;2605309.15
202626;56;3;3;1;15.50
202626;56;3;6;2;35
202626;56;4;2;8;214540.11
202626;56;5;2;8;214540.11
202626;58;3;2;1;100
202626;60;1;2;2;51000
202626;60;4;2;2;51000
202626;60;5;2;2;51000
202626;60;14;2;2;51000
202626;63;2;2;3;3
202627;3;1;2;2;2
202627;3;3;2;25;74.60
202627;3;3;6;7;30.80
202627;4;1;2;38632;2831871072.83
202627;4;1;3;157;21322540.04
202627;4;2;2;119190;13168774913.33
202627;4;3;2;1958;57991267.50
202627;4;3;3;13;286440
202627;4;3;6;4;125739.82
202627;4;4;2;1016;162717318.31
202627;4;5;2;1016;162717318.31
202627;5;2;2;7;3856223.50
202627;6;3;2;1323;37618616.15
202627;6;3;3;87;3165432.24
202627;6;3;6;10;350590.04
202627;6;3;7;1;38379.68
202627;9;1;2;4095;50303453.01
202627;9;1;3;18;121974.97
202627;9;2;2;10088;106695919.08
202627;9;3;2;963;10695738.77
202627;9;3;3;8;273185.01
202627;9;4;2;131;4532174.89
202627;9;5;2;131;4532174.89
202627;9;7;2;11557;44067740
202627;14;1;2;1925;696523901.76
202627;14;1;3;23;3305174
202627;14;2;2;14063;706283103.43
202627;14;3;2;54;882979.73
202627;14;4;2;16239;943378777.78
202627;14;5;2;16239;943378777.78
202627;16;1;2;31071;1725722085.79
202627;16;1;3;98;4608518.12
202627;16;1;5;1;13000
202627;16;2;2;38622;3876234647.60
202627;16;3;2;5301;173287554.55
202627;16;3;3;77;2404042.92
202627;16;3;6;7;341843.45
202627;16;4;2;103;5868751
202627;16;5;2;103;5868751
202627;18;2;2;1190;894342885.15
202627;18;3;2;31276;892104678.70
202627;18;3;3;324;18115770.34
202627;18;3;6;114;10255598.27
202627;18;3;7;1;4600
202627;19;1;2;373;280930172.87
202627;19;1;3;1;47939.77
202627;19;2;2;11;262557177.38
202627;24;1;2;467802;87188230110.27
202627;24;1;3;1473;161230742.17
202627;24;1;5;1;40000
202627;24;2;2;388833;91314853083.88
202627;24;3;2;71918;1538076030.14
202627;24;3;3;752;27992172.17
202627;24;3;6;167;6782864.13
202627;24;3;7;5;197859.61
202627;27;1;2;53;26629163.44
202627;27;2;2;56;23554052.27
202627;27;3;2;15;742910.13
202627;27;4;2;129;30390925.40
202627;27;5;2;129;30390925.40
202627;29;1;2;11;2234295.74
202627;30;1;2;33;81969668.87
202627;30;2;2;770;88536709.87
202627;30;4;2;84;82953942.70
202627;30;5;2;84;82953942.70
202627;31;1;2;77;39489931.80
202627;31;2;2;9;42799488.25
202627;31;14;2;18;6354345.56
202627;31;14;3;1;300000
202627;33;1;2;30;5215642.01
202627;33;1;3;1;127608
202627;33;2;2;63;6351395.72
202627;33;9;2;4;69000
202627;33;10;2;5;17
202627;36;2;2;4;6688.38
202627;36;3;2;5645;118456682.17
202627;36;3;3;104;3021731.81
202627;36;3;6;27;630931.28
202627;37;1;2;271;21148215.58
202627;37;1;3;6;647300
202627;37;2;2;700;25132755.59
202627;37;4;2;3;5600
202627;37;5;2;3;5600
202627;40;2;2;5;235700000
202627;40;3;2;5555;182661563.08
202627;40;3;3;59;3024690.78
202627;40;3;6;10;3918735.35
202627;40;3;7;1;14304.92
202627;42;1;2;21;21951824.36
202627;42;2;2;101;44096085.91
202627;42;4;2;11;6489675.04
202627;42;5;2;11;6489675.04
202627;43;1;2;526;94470402.10
202627;43;2;2;333;44860978.81
202627;43;3;2;39;949878.14
202627;43;3;3;1;40000
202627;43;4;2;5;266200
202627;43;5;2;5;266200
202627;47;1;2;5611;7457142665.39
202627;47;1;3;14;35569706
202627;47;2;2;26227;6968237682.20
202627;47;3;2;63;4222839.08
202627;47;3;3;1;14960
202627;47;4;2;32939;16265845186.38
202627;47;5;2;32939;16265845186.38
202627;48;1;2;1;10
202627;48;2;2;3;22.84
202627;48;14;2;1;1.22
202627;49;2;2;5;59999.21
202627;49;14;2;25;368317.80
202627;49;14;3;1;42699
202627;50;1;2;32614;7747557246.32
202627;50;1;3;195;62924864.78
202627;50;2;2;24690;7814971825.58
202627;50;4;2;575;162827910.19
202627;50;5;2;575;162827910.19
202627;51;2;2;1;3000
202627;51;4;2;1;3000
202627;51;5;2;1;3000
202627;52;1;2;77;3673500
202627;52;1;3;5;309000
202627;52;2;2;2;4000
202627;52;14;2;84;3674500
202627;52;14;3;33;1912000
202627;54;1;2;68;510604321.51
202627;54;2;2;10;513480799.22
202627;54;4;2;5;243277065
202627;54;5;2;5;243277065
202627;56;1;2;1716;876229567.52
202627;56;1;3;5;2920000
202627;56;2;2;147;980321673.16
202627;56;3;2;141;4364517.43
202627;56;3;3;1;20304
202627;56;4;2;4;530143
202627;56;5;2;4;530143
202627;60;1;2;11;1785188
202627;60;4;2;11;1785188
202627;60;5;2;11;1785188
202627;60;14;2;11;1785188
202627;63;2;2;7;664001
202627;63;3;2;3;75407
202628;3;1;2;5;5
202628;3;3;2;35;100.70
202628;3;3;3;1;10
202628;3;3;6;8;35.20
202628;4;1;2;44578;3436918940.05
202628;4;1;3;568;46171737.78
202628;4;2;2;128357;12211537934.31
202628;4;3;2;1965;58292036.59
202628;4;3;3;39;874783.76
202628;4;3;6;5;122580.77
202628;4;4;2;1447;296211631.60
202628;4;5;2;1447;296211631.60
202628;5;2;2;6;222209.80
202628;6;2;2;1;25000000
202628;6;3;2;1555;46191587.03
202628;6;3;3;110;4163207.53
202628;6;3;5;1;5000
202628;6;3;6;22;783233.98
202628;9;1;2;4139;49221657.71
202628;9;1;3;62;1269406.40
202628;9;2;2;10044;111229115.70
202628;9;3;2;971;9577089.62
202628;9;3;3;22;191550.08
202628;9;3;6;1;4000
202628;9;4;2;114;3406230
202628;9;5;2;114;3406230
202628;9;7;2;10809;42905080
202628;14;1;2;2453;365167788.25
202628;14;1;3;34;3830384.15
202628;14;1;4;1;3000
202628;14;2;2;13852;419730993.07
202628;14;3;2;38;937361.49
202628;14;3;3;1;28600
202628;14;4;2;16387;658598696.75
202628;14;5;2;16387;658598696.75
202628;15;2;2;1;677.66
202628;16;1;2;36248;2179489631.84
202628;16;1;3;493;23469908.22
202628;16;2;2;39165;4174055804.23
202628;16;3;2;5325;189670739.61
202628;16;3;3;96;3635379.91
202628;16;3;6;5;309763.44
202628;16;4;2;103;8729197
202628;16;5;2;103;8729197
202628;18;1;2;1;3481150.12
202628;18;2;2;1214;1074895568.63
202628;18;3;2;33889;1078753851.18
202628;18;3;3;714;30859193.83
202628;18;3;6;146;7822985.56
202628;18;3;7;5;50635.13
202628;19;1;2;179;126884218.08
202628;19;1;3;40;50896913.31
202628;19;2;2;6;177788474.25
202628;24;1;2;540749;63107148490.98
202628;24;1;3;7908;764758667.59
202628;24;1;4;1;10000
202628;24;2;2;392106;53293107180.05
202628;24;3;2;78308;1861594796.19
202628;24;3;3;1739;57834535.14
202628;24;3;5;13;262389.27
202628;24;3;6;220;10213858.51
202628;24;3;7;7;259996.56
202628;27;1;2;89;14456399.47
202628;27;1;3;1;51000
202628;27;2;2;29;9188959.59
202628;27;3;2;21;551375.82
202628;27;4;2;161;29141265.90
202628;27;5;2;161;29141265.90
202628;29;1;2;14;3697703.82
202628;29;2;2;1;1800000
202628;29;3;2;1;10600
202628;30;1;2;20;110941844.84
202628;30;2;2;513;95846507.03
202628;30;4;2;110;96944637.88
202628;30;5;2;110;96944637.88
202628;31;1;2;93;43024894.92
202628;31;1;3;7;4530139.02
202628;31;2;2;4;83815873.26
202628;31;14;2;23;4942033.17
202628;31;14;3;4;1811100
202628;33;1;2;34;3803785
202628;33;2;2;43;7766957.98
202628;33;4;2;2;0.10
202628;33;5;2;2;0.10
202628;33;9;2;5;5112000
202628;33;9;3;6;115600
202628;33;10;2;2;11
202628;33;10;3;4;54
202628;36;3;2;2643;68807449.21
202628;36;3;3;247;8360236.24
202628;36;3;6;20;512947.03
202628;37;1;2;401;28676522.15
202628;37;1;3;11;208798.55
202628;37;2;2;964;30570284.84
202628;37;4;2;2;60010.50
202628;37;5;2;2;60010.50
202628;40;2;2;2;210100000
202628;40;3;2;4640;151650515.56
202628;40;3;3;135;4439967.19
202628;40;3;5;1;6985.04
202628;40;3;6;18;566774.92
202628;40;3;7;3;4800
202628;42;1;2;7;2445972.26
202628;42;2;2;1;1450000
202628;42;4;2;6;1313929
202628;42;5;2;6;1313929
202628;43;1;2;722;109615900.81
202628;43;1;3;7;1617800
202628;43;2;2;465;22079079.02
202628;43;3;2;37;1324866.91
202628;43;3;3;1;31949
202628;43;4;2;6;263300
202628;43;5;2;6;263300
202628;47;1;2;4339;5167364486.06
202628;47;1;3;62;113285265.19
202628;47;2;2;24686;6342987743.37
202628;47;3;2;123;9418973.11
202628;47;4;2;29481;12988969711.32
202628;47;5;2;29481;12988969711.32
202628;48;1;2;9;237.01
202628;48;14;2;1;1
202628;49;2;2;3;277520
202628;49;14;2;23;430996
202628;49;14;3;3;34500
202628;50;1;2;32961;7115466368.92
202628;50;1;3;469;121095268.28
202628;50;2;2;25725;7863697873.66
202628;50;4;2;548;115200180.19
202628;50;5;2;548;115200180.19
202628;51;2;2;1;2500
202628;51;4;2;1;2500
202628;51;5;2;1;2500
202628;52;1;2;65;2620002
202628;52;1;3;1;100000
202628;52;14;2;67;2717002
202628;52;14;3;36;4098000
202628;52;14;5;2;1000000
202628;54;1;2;10;6519525.49
202628;54;2;2;14;23397927.45
202628;56;1;2;20383;4417306118.07
202628;56;1;3;344;77682452.12
202628;56;2;2;2284;4047017463.25
202628;56;3;2;1228;44812672.92
202628;56;3;3;31;3038362.79
202628;56;3;6;3;59876.86
202628;56;4;2;6;1391500
202628;56;5;2;6;1391500
202628;60;1;2;8;2505326
202628;60;4;2;8;2505326
202628;60;5;2;8;2505326
202628;60;14;2;8;2505326
202628;60;14;3;2;1639000
202628;63;2;2;1;50000
202628;63;3;2;7;150200
202629;3;1;2;5;5
202629;3;3;2;26;133.60
202629;3;3;3;18;217
202629;3;3;6;3;13.20
202629;4;1;2;40806;2898848491.04
202629;4;1;3;230;29952884.98
202629;4;2;2;94422;9018325875.65
202629;4;3;2;1968;52417969.28
202629;4;3;3;25;363473.93
202629;4;3;6;6;186253.03
202629;4;3;7;2;56261.41
202629;4;4;2;1152;209064011.42
202629;4;5;2;1152;209064011.42
202629;5;2;2;7;1991300.06
202629;6;2;2;3;100001000
202629;6;3;2;953;27431249
202629;6;3;3;64;2110892.70
202629;6;3;6;11;304997.96
202629;6;4;2;11;70000200.30
202629;6;5;2;11;70000200.30
202629;9;1;2;4334;59096142.16
202629;9;1;3;27;283260
202629;9;2;2;10028;102762393.46
202629;9;3;2;1029;10372320.39
202629;9;3;3;11;170852
202629;9;4;2;81;2012657
202629;9;5;2;81;2012657
202629;9;7;2;11372;44569380
202629;14;1;2;3319;560924322.77
202629;14;1;3;27;2913269.86
202629;14;2;2;16011;511998593.29
202629;14;3;2;35;1098118.28
202629;14;4;2;19573;810267205.70
202629;14;5;2;19573;810267205.70
202629;16;1;2;32944;1874337634.16
202629;16;1;3;129;5577797.22
202629;16;2;2;27267;2173302898.33
202629;16;3;2;5919;187998952.69
202629;16;3;3;74;4141392.48
202629;16;3;6;13;606088.57
202629;16;4;2;168;10464210
202629;16;5;2;168;10464210
202629;18;2;2;1511;1144137440.37
202629;18;3;2;36004;1108082588.87
202629;18;3;3;491;43205657.94
202629;18;3;5;1;10000
202629;18;3;6;164;5306450.24
202629;18;3;7;8;58740.38
202629;19;1;2;467;368517882.37
202629;19;2;2;18;317997694.13
202629;24;1;2;512111;49168748342.42
202629;24;1;3;2400;189732990.56
202629;24;2;2;321583;30017561194.30
202629;24;3;2;80733;1788484349.71
202629;24;3;3;984;43922203.61
202629;24;3;5;8;84180
202629;24;3;6;198;10386368.81
202629;24;3;7;10;396479.44
202629;27;1;2;66;9486843.79
202629;27;2;2;33;19078466.58
202629;27;3;2;14;326284.81
202629;27;4;2;120;26359043.67
202629;27;5;2;120;26359043.67
202629;29;1;2;1;2000000
202629;29;2;2;1;600000
202629;29;3;2;1;250000
202629;30;1;2;19;134531343.11
202629;30;2;2;366;138323475.55
202629;30;4;2;114;125597963.08
202629;30;5;2;114;125597963.08
202629;31;1;2;316;142306092.34
202629;31;2;2;8;152613864.04
202629;31;4;2;1;150000
202629;31;5;2;1;150000
202629;31;14;2;19;5719210.71
202629;33;1;2;11;46434.02
202629;33;2;2;14;2052868.61
202629;33;4;2;1;20000
202629;33;5;2;1;20000
202629;33;9;2;5;87000
202629;33;9;3;1;17000
202629;33;10;2;7;55.18
202629;33;10;3;1;20
202629;34;3;2;6;4100
202629;34;10;2;6;2.68
202629;36;3;2;7344;186772903.81
202629;36;3;3;240;8561872.99
202629;36;3;5;1;4000
202629;36;3;6;57;1673461.12
202629;36;3;7;1;2100
202629;37;1;2;519;24931007.07
202629;37;1;3;2;55000
202629;37;2;2;1134;26534599.98
202629;37;4;2;19;285065.14
202629;37;5;2;19;285065.14
202629;40;2;2;2;80200000
202629;40;3;2;4837;172614925.62
202629;40;3;3;69;5438224.19
202629;40;3;6;13;231466.55
202629;40;3;7;4;152874.80
202629;42;1;2;15;7204782.48
202629;42;2;2;21;12770676
202629;42;4;2;5;1706923.49
202629;42;5;2;5;1706923.49
202629;43;1;2;989;100760636.31
202629;43;1;3;10;123200
202629;43;2;2;574;27610209.96
202629;43;3;2;67;1621118.33
202629;43;4;2;7;587595
202629;43;5;2;7;587595
202629;47;1;2;5442;7875405216.49
202629;47;1;3;34;29546830.19
202629;47;2;2;25260;7674191822.96
202629;47;3;2;84;4533104.81
202629;47;3;3;3;222800
202629;47;3;6;1;1000
202629;47;4;2;30700;16319048487.26
202629;47;5;2;30700;16319048487.26
202629;48;2;2;1;3.95
202629;49;2;2;6;247215.20
202629;49;14;2;30;591362.40
202629;49;14;3;5;43500
202629;50;1;2;31737;6125249826.75
202629;50;1;3;256;53852608.84
202629;50;2;2;23213;5557416249.98
202629;50;4;2;484;104234645.52
202629;50;5;2;484;104234645.52
202629;51;1;2;1;2000
202629;51;4;2;1;2000
202629;51;5;2;1;2000
202629;52;1;2;87;2338000
202629;52;2;2;5;266773.74
202629;52;14;2;81;2065000
202629;52;14;3;41;1730000
202629;54;1;2;8;3704421.27
202629;54;2;2;7;43608051.55
202629;54;3;2;3;17860873.63
202629;56;1;2;34365;8653433163.69
202629;56;1;3;116;26472609.76
202629;56;2;2;3923;8540075904.06
202629;56;3;2;1809;80084890.31
202629;56;3;3;44;2475508.21
202629;56;3;5;1;12400
202629;56;3;6;5;283116.41
202629;56;4;2;16;10782366.55
202629;56;5;2;16;10782366.55
202629;59;1;2;3;4030
202629;59;2;2;5;7012
202629;60;1;2;7;1044415.77
202629;60;4;2;7;1044415.77
202629;60;5;2;7;1044415.77
202629;60;14;2;7;1044415.77
202629;61;2;2;1;1234
202629;63;2;2;2;4000
202629;63;3;2;1;17182
202629;63;3;3;1;6944
202630;3;1;2;4;4
202630;3;3;2;12;42
202630;3;3;3;3;12
202630;4;1;2;37632;2422313263.13
202630;4;1;3;909;72921025.26
202630;4;2;2;75185;5723376200.46
202630;4;3;2;2001;53634781.07
202630;4;3;3;126;4635046.30
202630;4;3;6;1;3149.11
202630;4;4;2;1745;235594039.67
202630;4;5;2;1745;235594039.67
202630;5;2;2;12;11064744
202630;6;2;2;1;40000000
202630;6;3;2;1304;36161410.93
202630;6;3;3;120;4512259.87
202630;6;3;6;11;276949.41
202630;9;1;2;4596;58806719.12
202630;9;1;3;103;941612.02
202630;9;2;2;9898;104630195.21
202630;9;3;2;940;7268675.66
202630;9;3;3;46;221301.51
202630;9;4;2;71;2233779
202630;9;5;2;71;2233779
202630;9;7;2;10615;40150150
202630;14;1;2;3415;369589839.99
202630;14;1;3;68;5716070.51
202630;14;2;2;16583;374480661.15
202630;14;3;2;38;2729662.18
202630;14;3;3;2;25150.98
202630;14;4;2;20062;626263444.85
202630;14;5;2;20062;626263444.85
202630;16;1;2;29245;1592074839.28
202630;16;1;3;635;35165603.62
202630;16;2;2;20134;1671588224.17
202630;16;3;2;6592;221979992.95
202630;16;3;3;531;18388201.24
202630;16;3;6;22;1577394.01
202630;16;4;2;82;4681987
202630;16;5;2;82;4681987
202630;18;2;2;992;1043401048.54
202630;18;3;2;35584;1037983874.16
202630;18;3;3;2117;70499644.76
202630;18;3;5;2;37923
202630;18;3;6;143;3287345.06
202630;18;3;7;4;1462082.54
202630;19;1;2;436;363117665.97
202630;19;1;3;1;165299.92
202630;19;2;2;16;363504920.02
202630;24;1;2;466096;29978529830.78
202630;24;1;3;9683;546307078.16
202630;24;2;2;301633;25248816616.48
202630;24;3;2;69729;1488674470.48
202630;24;3;3;4317;110818541.96
202630;24;3;5;4;72505.10
202630;24;3;6;177;8960110.38
202630;24;3;7;8;132748.62
202630;27;1;2;44;14508733.95
202630;27;2;2;32;8993145.26
202630;27;3;2;9;316968.78
202630;27;4;2;86;18560847.99
202630;27;5;2;86;18560847.99
202630;30;1;2;13;145799364.56
202630;30;2;2;299;157563146.01
202630;30;4;2;95;138485417.17
202630;30;5;2;95;138485417.17
202630;31;1;2;181;75149541.48
202630;31;1;3;2;650000
202630;31;2;2;6;34728432.73
202630;31;14;2;9;1795525.50
202630;33;1;2;82;14104075.50
202630;33;1;3;1;19
202630;33;2;2;428;14171104.48
202630;33;9;2;2;34000
202630;33;10;2;2;2.22
202630;36;3;2;8428;244028152.51
202630;36;3;3;374;12199793.96
202630;36;3;6;61;1802391.11
202630;36;3;7;1;37066.65
202630;37;1;2;549;23776752.66
202630;37;1;3;4;18566
202630;37;2;2;947;25007530.49
202630;37;4;2;10;88000
202630;37;5;2;10;88000
202630;40;2;2;6;171116000
202630;40;3;2;4712;159901731.34
202630;40;3;3;287;8353182.85
202630;40;3;5;2;38200
202630;40;3;6;13;1023015.16
202630;40;3;7;2;69864.74
202630;42;1;2;32;30720538.67
202630;42;2;2;56;45663850
202630;42;4;2;66;37836794.98
202630;42;5;2;66;37836794.98
202630;43;1;2;1043;106149449.61
202630;43;1;3;33;849062
202630;43;2;2;450;29598589.51
202630;43;3;2;21;541480.75
202630;43;4;2;3;39200
202630;43;5;2;3;39200
202630;47;1;2;2954;5283315636.84
202630;47;1;3;66;103849226.26
202630;47;2;2;16793;4618941011.07
202630;47;3;2;86;8332526.60
202630;47;3;3;4;104073.62
202630;47;4;2;21171;16185080428.59
202630;47;5;2;21171;16185080428.59
202630;48;1;2;13;2075
202630;48;2;2;1;1000
202630;48;14;2;1;10.01
202630;49;2;2;7;102639.20
202630;49;14;2;39;629098.40
202630;49;14;3;4;99679.20
202630;50;1;2;29941;5016718652.11
202630;50;1;3;806;144062837.74
202630;50;2;2;22384;5215941668.66
202630;50;4;2;399;76744370.02
202630;50;5;2;399;76744370.02
202630;52;1;2;85;5897278.36
202630;52;2;2;10;2136394.62
202630;52;14;2;73;3686215
202630;52;14;3;39;1755000
202630;54;1;2;19;128283862.43
202630;54;2;2;3;130653258.47
202630;56;1;2;30345;5812311859.14
202630;56;1;3;554;97962300
202630;56;2;2;3694;5655995995.11
202630;56;3;2;1866;76187482.96
202630;56;3;3;140;8191860.66
202630;56;3;6;3;135856.98
202630;56;4;2;11;5751878.30
202630;56;5;2;11;5751878.30
202630;59;1;2;13;1210.56
202630;59;1;3;1;2
202630;59;2;2;8;5217
202630;59;3;2;5;21.50
202630;59;4;2;1;1
202630;59;5;2;1;1
202630;60;1;2;2;345000
202630;60;4;2;2;345000
202630;60;5;2;2;345000
202630;60;14;2;2;345000
202630;63;1;2;1;296790.26
202630;63;2;2;45;1210406.44
202630;63;3;3;6;96372.80
202631;3;1;2;4;4
202631;3;3;2;10;39
202631;4;1;2;38042;2306660262.55
202631;4;1;3;253;21666170.68
202631;4;2;2;94893;10337325837.44
202631;4;3;2;2078;46696738.60
202631;4;3;3;19;710652
202631;4;3;6;7;699462.18
202631;4;3;7;2;191455.33
202631;4;4;2;459;61596269.85
202631;4;5;2;459;61596269.85
202631;5;2;2;7;5577402
202631;6;2;2;1;40000000
202631;6;3;2;1509;38905643.39
202631;6;3;3;63;2397344.83
202631;6;3;6;7;295933.75
202631;9;1;2;4581;62297466.11
202631;9;1;3;68;747408.21
202631;9;2;2;9971;110212621.31
202631;9;3;2;1030;9477150.14
202631;9;3;3;5;19400
202631;9;4;2;78;3060575.50
202631;9;5;2;78;3060575.50
202631;9;7;2;10551;39617940
202631;14;1;2;3744;496619893.93
202631;14;1;3;41;2471902.09
202631;14;1;5;1;10
202631;14;2;2;16715;508452626.86
202631;14;3;2;33;913203.18
202631;14;3;3;1;1554
202631;14;4;2;20601;781455528.28
202631;14;5;2;20601;781455528.28
202631;15;1;2;1;1100000
202631;16;1;2;32447;1910025270.34
202631;16;1;3;201;9466895.92
202631;16;2;2;28947;2965326744.98
202631;16;3;2;6632;218254541.13
202631;16;3;3;80;4391280.52
202631;16;3;6;11;390370.23
202631;16;4;2;150;6980057.39
202631;16;5;2;150;6980057.39
202631;18;2;2;908;1060728676.51
202631;18;3;2;34779;1014711593.42
202631;18;3;3;329;19881628.27
202631;18;3;6;87;3126504.53
202631;18;3;7;3;19172.06
202631;19;1;2;443;347933008.66
202631;19;2;2;34;366421759.36
202631;19;4;2;1;139500
202631;19;5;2;1;139500
202631;24;1;2;462339;56940328940.22
202631;24;1;3;9127;629320656.38
202631;24;1;5;2;7000
202631;24;2;2;339878;56821934516.47
202631;24;3;2;71262;1466001079.64
202631;24;3;3;662;24150835.22
202631;24;3;6;194;10272929.40
202631;24;3;7;14;1326311.69
202631;27;1;2;55;22918763.42
202631;27;1;3;1;109000
202631;27;2;2;38;25037906.89
202631;27;3;2;15;648718.82
202631;27;3;6;1;100
202631;27;4;2;120;34035839.13
202631;27;5;2;120;34035839.13
202631;30;1;2;18;92457365.73
202631;30;2;2;264;85361258.62
202631;30;4;2;106;76211560.19
202631;30;5;2;106;76211560.19
202631;31;1;2;146;49843009.95
202631;31;2;2;11;33914241.04
202631;31;14;2;29;9824423.53
202631;31;14;3;1;50000
202631;33;1;2;102;19651080.74
202631;33;1;3;2;40000
202631;33;2;2;468;20845756
202631;33;9;2;2;33836
202631;33;10;2;2;20.33
202631;36;3;2;8877;209581842.91
202631;36;3;3;252;7400496.35
202631;36;3;6;47;1520476.81
202631;36;3;7;1;27538.03
202631;37;1;2;738;28434937.86
202631;37;1;3;9;214133.69
202631;37;2;2;1150;27374283.91
202631;37;4;2;13;167407
202631;37;5;2;13;167407
202631;40;2;2;4;168800000
202631;40;3;2;4806;162108836
202631;40;3;3;42;1776753.83
202631;40;3;6;4;240779.54
202631;40;3;7;3;4800
202631;42;1;2;30;15165412.87
202631;42;2;2;192;76027522.20
202631;42;4;2;15;7580991.07
202631;42;5;2;15;7580991.07
202631;43;1;2;1279;188008338.50
202631;43;1;3;18;1218089
202631;43;1;5;1;20000
202631;43;2;2;635;37801325.27
202631;43;3;2;70;1181984.11
202631;43;3;3;2;16200
202631;43;4;2;1;3000
202631;43;5;2;1;3000
202631;47;1;2;1600;2035685169.40
202631;47;1;3;24;9203691.48
202631;47;2;2;6542;1059390973.37
202631;47;3;2;130;29492300.53
202631;47;3;3;3;5069999
202631;47;4;2;9125;5270044738.02
202631;47;5;2;9125;5270044738.02
202631;48;1;2;5;360
202631;49;1;2;1;1000
202631;49;2;2;10;217298.40
202631;49;14;2;31;453652
202631;49;14;3;1;1000
202631;50;1;2;33022;6989588541.79
202631;50;1;3;613;212314725.38
202631;50;1;5;1;174538.85
202631;50;2;2;23918;7479212862.97
202631;50;4;2;517;103343899.15
202631;50;5;2;517;103343899.15
202631;52;1;2;90;2525779.56
202631;52;2;2;7;136914.56
202631;52;14;2;88;2946765
202631;52;14;3;55;3548076
202631;54;1;2;13;11454463.82
202631;54;1;3;1;1978359
202631;54;2;2;1;578800
202631;56;1;2;35880;12921151766.41
202631;56;1;3;108;22166310
202631;56;2;2;4649;13439310756.54
202631;56;3;2;2293;95909083.30
202631;56;3;3;52;1931041.25
202631;56;3;6;10;586721.20
202631;56;4;2;13;2645502
202631;56;5;2;13;2645502
202631;59;1;2;15;6087.90
202631;59;2;2;12;6046
202631;59;3;2;6;124.02
202631;59;4;2;3;218.58
202631;59;5;2;3;218.58
202631;60;1;2;9;1690153
202631;60;4;2;9;1690153
202631;60;5;2;9;1690153
202631;60;14;2;9;1690153
202631;61;2;2;1;2171
202631;63;1;2;3;42700
202631;63;2;2;61;2854411.26
202631;63;3;2;2;86304
202631;63;3;3;4;96422.40
202631;64;1;2;9;1050
202631;64;1;3;6;65.43
202631;64;2;2;5;1669
202631;64;3;2;1;50
202631;64;13;2;2;200
202632;3;1;2;1;1
202632;3;3;2;12;45.70
202632;3;3;3;2;10
202632;3;3;6;5;28.20
202632;4;1;2;37675;2847703729.91
202632;4;1;3;167;15437457.45
202632;4;2;2;104720;14738961292.40
202632;4;3;2;2020;74956922.43
202632;4;3;3;20;1609291.40
202632;4;3;5;2;40000
202632;4;3;6;5;84505.92
202632;4;4;2;215;28459364.07
202632;4;5;2;215;28459364.07
202632;5;2;2;5;2514535
202632;6;2;2;5;220000000
202632;6;3;2;1262;30169324.61
202632;6;3;3;80;2854086.37
202632;6;3;6;13;480685.67
202632;9;1;2;4956;83253680.71
202632;9;1;3;28;719471.89
202632;9;2;2;10502;141958066.05
202632;9;3;2;969;8335000.14
202632;9;3;3;16;189915.67
202632;9;4;2;86;4533437
202632;9;5;2;86;4533437
202632;9;7;2;10789;40685270
202632;14;1;2;6361;600876505.45
202632;14;1;3;51;2934172.63
202632;14;2;2;21941;662072241.74
202632;14;3;2;42;1280943.77
202632;14;4;2;28787;1053369726.67
202632;14;5;2;28785;1053361726.67
202632;16;1;2;37933;2948850903.34
202632;16;1;3;274;18571154.82
202632;16;2;2;41176;5650116346.10
202632;16;3;2;6266;233161721.85
202632;16;3;3;113;6508426.19
202632;16;3;5;2;15174
202632;16;3;6;6;235057.80
202632;16;4;2;84;8638851
202632;16;5;2;84;8638851
202632;18;2;2;817;1120631615.99
202632;18;3;2;35759;1138697337.02
202632;18;3;3;568;32048682.21
202632;18;3;5;1;70171.82
202632;18;3;6;89;3546234.14
202632;18;3;7;2;3400
202632;19;1;2;452;332174807.07
202632;19;1;3;1;1019432.38
202632;19;2;2;12;320761643.40
202632;24;1;2;566691;71467979843.02
202632;24;1;3;3921;420487565.86
202632;24;2;2;436208;69426160895.07
202632;24;3;2;73330;1623587813.24
202632;24;3;3;988;33023341.33
202632;24;3;5;3;57851.80
202632;24;3;6;167;8896505.66
202632;24;3;7;16;1022670.68
202632;27;1;2;89;37909765.93
202632;27;1;3;1;300000
202632;27;1;5;1;1200000
202632;27;2;2;45;31219387.13
202632;27;3;2;15;366866.84
202632;27;4;2;160;67393319.90
202632;27;5;2;160;67393319.90
202632;30;1;2;24;186964849.31
202632;30;2;2;420;155491308.26
202632;30;4;2;130;164370781.82
202632;30;5;2;130;164370781.82
202632;31;1;2;346;113171634.02
202632;31;1;3;2;1190000
202632;31;2;2;19;231108630.67
202632;31;14;2;109;27392136.52
202632;31;14;3;10;2984222.72
202632;33;1;2;157;34996730.04
202632;33;1;3;2;100.01
202632;33;2;2;611;37299723.15
202632;33;9;2;5;3271000.16
202632;33;9;3;1;18000
202632;33;10;2;8;66.44
202632;36;3;2;8366;211797478.84
202632;36;3;3;229;7136938.65
202632;36;3;5;3;61940
202632;36;3;6;61;1888127.36
202632;37;1;2;468;31465618.83
202632;37;2;2;490;34274159.87
202632;37;4;2;2;20000
202632;37;5;2;2;20000
202632;40;2;2;5;180000000
202632;40;3;2;5003;182303546.98
202632;40;3;3;145;5437841.17
202632;40;3;6;14;1349612.64
202632;40;3;7;2;61900
202632;42;1;2;32;43294009.13
202632;42;1;3;1;450000
202632;42;2;2;148;67769384.33
202632;42;4;2;14;4678026.38
202632;42;5;2;14;4678026.38
202632;43;1;2;1474;235293918.22
202632;43;1;3;5;400000
202632;43;2;2;1045;74279627.75
202632;43;3;2;72;2480744.61
202632;43;3;3;1;198000
202632;43;3;6;1;6813
202632;47;1;2;2832;1149847270.79
202632;47;1;3;26;3431848.80
202632;47;2;2;6526;896413091.25
202632;47;3;2;87;6099522.36
202632;47;4;2;10187;2882837771.98
202632;47;5;2;10187;2882837771.98
202632;48;1;2;9;500.10
202632;48;2;2;3;741.54
202632;48;14;2;4;1631
202632;49;1;2;2;2000
202632;49;2;2;11;428856
202632;49;14;2;42;610908.60
202632;49;14;3;5;74460
202632;49;14;5;1;10000
202632;50;1;2;37821;9236792694.79
202632;50;1;3;380;85422631.10
202632;50;2;2;27729;9899718092.57
202632;50;4;2;484;99812915.53
202632;50;5;2;484;99812915.53
202632;52;1;2;151;13098442.88
202632;52;1;3;1;100000
202632;52;2;2;14;1716137.88
202632;52;14;2;139;11323405
202632;52;14;3;37;2795296
202632;54;1;2;25;40771213.85
202632;54;1;3;11;9312000
202632;54;2;2;6;28708135.17
202632;56;1;2;54022;14880046511.14
202632;56;1;3;370;110131392.64
202632;56;2;2;5506;14841987160.84
202632;56;3;2;2231;104040560.17
202632;56;3;3;51;1704246.22
202632;56;3;6;6;1428867.81
202632;56;4;2;24;4450650
202632;56;5;2;24;4450650
202632;59;1;2;2;11
202632;59;2;2;2;200
202632;60;1;2;22;5134151
202632;60;1;3;1;600000
202632;60;2;2;1;1
202632;60;4;2;23;5734151
202632;60;5;2;23;5734151
202632;60;14;2;26;6654150
202632;61;1;3;1;100
202632;63;1;2;3;80389.14
202632;63;2;2;143;16320985.87
